business_name,category,address,phone,website,website_domain,emails_found_in_original_scrape,email_source_fields,other_scraped_urls,google_maps_url,place_id,closed_flag
Almaj Galaxie Hotel,,"MRV2+3PW, Nairobi, Kenya",,,,,,"https://www.google.com/travel/lodging/clk?pc=AA80Oswpz72gY7zaCpLI9I_MWa_mb9nHrdrGWqXJuLxcMauYkq90V_Wf5eU58FEz9l0F2z5KnqRstfYsoOrTGbAOn7oZc9EVfoo446b692kHQ_UNak_e62Fml6ZmhA-tDCie2hhXJU6VKOreelzFV6YbgrniuLvNxYOF6TTtWhAFBOBFMNjRPDQZa9TngqQ2dH52&pcurl=https://www.expedia.com/Hotel-Search?selected%3D105893552%26startDate%3D2026-09-19%26endDate%3D2026-09-20%26MDPCID%3DUS.META.HPA.HOTEL-ORGANIC-desktop.HOTEL%26MDPDTL%3DHTL.105893552.20260919.20260920.DDT.5.CID..AUDID..RRID.bex_us_desktop%26mctc%3D10%26ct%3Dhotel%26mpg%3DUSD%26mpf%3D36.00%26mpj%3D5.49%26mpr%3D0.00%26mpl%3DUSD%26exp_pg%3Dgoogle%26langid%3Den%26ad%3D2%26tp%3D%26utm_source%3Dgoogle%26utm_medium%3Dcpc%26utm_term%3D105893552%26utm_content%3Dmapresults%26utm_campaign%3DHotelAds%26langid%3D1033%26adults%3D2%26children%3D%26rrid%3Dbex_us_desktop%26rateplanid%3D396089779%26mpm%3D24%26mpn%3D324886480%26mpo%3DEC%26mpp%3D1&s=AD1XQnkRTEvzVl2uN7fjo6UW_Tyv | https://www.expedia.com/Hotel-Search?selected=105893552&startDate=2026-09-19&endDate=2026-09-20&MDPCID=US.META.HPA.HOTEL-ORGANIC-desktop.HOTEL&MDPDTL=HTL.105893552.20260919.20260920.DDT.5.CID..AUDID..RRID.bex_us_desktop&mctc=10&ct=hotel&mpg=USD&mpf=36.00&mpj=5.49&mpr=0.00&mpl=USD&exp_pg=google&langid=en&ad=2&tp=&utm_source=google&utm_medium=cpc&utm_term=105893552&utm_content=mapresults&utm_campaign=HotelAds&langid=1033&adults=2&children=&rrid=bex_us_desktop&rateplanid=396089779&mpm=24&mpn=324886480&mpo=EC&mpp=1 | https://www.google.com/travel/lodging/clk?pc=AA80OsxVxjrygSDImYTuByf_fML7MJRWC2zoL7ojrZWCSFapjoFQMDcWG_L_Mm4xm_eGpxOwkIYMnM30D9FS-Y7N9RNNdSraE_cpdo0YyBS1ZZmQ4OU1w1kBwBCJQ9J-VyfjO8wwO53lo2k7wnDV8CeLxQ50f8VCg8PRUmtHeMcSsbLUZS9Pq7RWqfXE_gws96o&pcurl=https://www.hotels.com/Hotel-Search?selected%3D105893552%26startDate%3D2026-09-19%26endDate%3D2026-09-20%26mdpcid%3DHCOM-US.META.HPA.HOTEL-ORGANIC-desktop.HOTEL%26MDPDTL%3DHTL.105893552.20260919.20260920.DDT.5.CID..AUDID.%26adults%3D2%26children%3D%26mctc%3D10%26mpf%3D36.00%26mpg%3DUSD%26mpl%3DUSD%26mpj%3D5.49%26mpr%3D0.00%26rffrid%3Dsem.hcom.US.156.024.mapresults.02.desktop-1.kwrd%3DGGMETA.105893552USen-20260919-D-ABW%3D5-camp%3D-aud%3D-N%26rateplanid%3D396089779%26mpm%3D24%26mpn%3D324886480%26mpo%3DEC%26mpp%3D1%26locale%3Den_US%26siteid%3D300000001&s=AD1XQnm9G7cvI14_Nik56yTFduoe | https://www.hotels.com/Hotel-Search?selected=105893552&startDate=2026-09-19&endDate=2026-09-20&mdpcid=HCOM-US.META.HPA.HOTEL-ORGANIC-desktop.HOTEL&MDPDTL=HTL.105893552.20260919.20260920.DDT.5.CID..AUDID.&adults=2&children=&mctc=10&mpf=36.00&mpg=USD&mpl=USD&mpj=5.49&mpr=0.00&rffrid=sem.hcom.US.156.024.mapresults.02.desktop-1.kwrd=GGMETA.105893552USen-20260919-D-ABW=5-camp=-aud=-N&rateplanid=396089779&mpm=24&mpn=324886480&mpo=EC&mpp=1&locale=en_US&siteid=300000001 | https://www.google.com/travel/lodging/clk?pc=AA80OszQap6T_atP9Z0Y-vonYOCeUoZw58xdt3w6E2ry0HoRiVHq9Frjg54qgQLTckWsrAgTkF7SHb2a4T7ZrT_eC2GXJST6GqLyW_DoCD-xg2ZY0TlrHKIo02oz9QpmnlqhPGWOWpODikPhdjBPQ7eySlqAZfjsOpKP6hySCiJG_SjwZveVNSFBJqLBiJ9CquFG&pcurl=https://www.travelocity.com/Hotel-Search?selected%3D105893552%26startDate%3D2026-09-19%26endDate%3D2026-09-20%26adults%3D2%26children%3D%26MDPCID%3Dtravelocity-US.META.HPA.ORGANIC.HOTEL%26MDPDTL%3DHTL.105893552.20260919.20260920.DDT.5.CID..AUDID..mapresults%26mpg%3DUSD%26mpf%3D36.00%26mpj%3D5.49%26mpr%3D0.00%26mctc%3D10%26rateplanid%3D396089779%26mpm%3D24%26mpn%3D324886480%26mpo%3DEC%26mpp%3D1&s=AD1XQnmByonKc4L1roEbL7PkZy_d | https://www.travelocity.com/Hotel-Search?selected=105893552&startDate=2026-09-19&endDate=2026-09-20&adults=2&children=&MDPCID=travelocity-US.META.HPA.ORGANIC.HOTEL&MDPDTL=HTL.105893552.20260919.20260920.DDT.5.CID..AUDID..mapresults&mpg=USD&mpf=36.00&mpj=5.49&mpr=0.00&mctc=10&rateplanid=396089779&mpm=24&mpn=324886480&mpo=EC&mpp=1 | https://www.google.com/travel/lodging/clk?pc=AA80OsydQoIMfuhPCH7otWlXshkJ9t4n4X4NchVVf3LRuCEC314VB2WoydA3_vQYaUIuTS_g30P1rxgq7qBFkEsa59_QElPhPBMfsAwn0gdgjyeFPBYvvcpNnHfIokytk_EJJElovEyaNjoGtqAs4EAGQYaHMM9s1GoqvteguzNNQx8UKhpxQkpK50EDKpgkMr8&pcurl=https://www.orbitz.com/Hotel-Search?selected%3D105893552%26startDate%3D2026-09-19%26endDate%3D2026-09-20%26adults%3D2%26children%3D%26MDPCID%3DORBITZ-US.META.HPA.ORGANIC-desktop.HOTEL%26MDPDTL%3Dhtl.105893552.20260919.20260920.DDT.5.CID..AUDID..mapresults%26mpg%3DUSD%26mpf%3D36.00%26mpj%3D5.49%26mpr%3D0.00%26mctc%3D10%26rateplanid%3D396089779%26mpm%3D24%26mpn%3D324886480%26mpo%3DEC%26mpp%3D1&s=AD1XQnm1jp9btZtISoLtEbTXiWSr | https://www.orbitz.com/Hotel-Search?selected=105893552&startDate=2026-09-19&endDate=2026-09-20&adults=2&children=&MDPCID=ORBITZ-US.META.HPA.ORGANIC-desktop.HOTEL&MDPDTL=htl.105893552.20260919.20260920.DDT.5.CID..AUDID..mapresults&mpg=USD&mpf=36.00&mpj=5.49&mpr=0.00&mctc=10&rateplanid=396089779&mpm=24&mpn=324886480&mpo=EC&mpp=1 | https://www.google.com/travel/lodging/clk?pc=AA80OszzuT1XYK4lln6f7qew-Ndt6Kd476Ww56gCEjl6TO33JadfyfnE8CSjBvOagOWxw2LeQUG1wNlQGpFPHXy0_GHiUsuka9YQ-RNqduwqfmu2Xh0oD1TvFjLO4LMJv5N_dSLdq-VPQYADH7P3TEtbj_ZXVJCtl8eQhZNbBkBYstOO_pQo_YI&pcurl=https://deals.etrip.net/?sig%3De9cc68956712e1e5d60f579a67e54afadd83f5d631dc9782cc50d47864de2f2c2d32303330363031313335%26turl%3Dhttps%253A%252F%252Fsearch.etrip.net%252FHotel%252FSearch%253FcheckIn%253D2026-09-19%2526checkOut%253D2026-09-20%2526currency%253DUSD%2526forceCurrencyChange%253D1%2526lang%253Den%2526forceLanguageChange%253D1%2526rooms%253D2%253A%2526utm_source%253Dgha%2526utm_medium%253Dcpc%2526hotelId%253D120005775%2526userCountry%253DUS%2526profile%253Dr2d2m73kn8%2526preferredRate%253D36.00%2526label%253Dsrc%25253Dgha%252526cltype%25253Dhotel%252526datype%25253Ddefault%252526gsite%25253Dmapresults%252526vf%25253D0%252526ucountry%25253DUS%252526udevice%25253Ddesktop%252526hotel%25253D120005775%252526day%25253D19%252526month%25253D09%252526year%25253D2026%252526los%25253D1%252526price%25253D36.00%252526currency%25253DUSD%252526cid%25253D%252526listid%25253D%252526rateid%25253DUS_D%252526closerateid%25253D%252526promo%25253D0%252526isPrivateRate%25253D0%252526isAudienceUser%25253D0%252526isPaidClick%25253D0%252526%2526cp%253DgWBCYpgJ_5EnQiFpChQI6xcYpQQiA1VTRCjwo7XVBlIBMhIaFfXOkOQaC1pDUTBKa2lnN1ljKAMw3f2d1QY&s=AD1XQnlbF3KaTjE2pBjLaXsKtOYN | https://deals.etrip.net/?sig=e9cc68956712e1e5d60f579a67e54afadd83f5d631dc9782cc50d47864de2f2c2d32303330363031313335&turl=https://search.etrip.net/Hotel/Search?checkIn=2026-09-19&checkOut=2026-09-20&currency=USD&forceCurrencyChange=1&lang=en&forceLanguageChange=1&rooms=2:&utm_source=gha&utm_medium=cpc&hotelId=120005775&userCountry=US&profile=r2d2m73kn8&preferredRate=36.00&label=src%3Dgha%26cltype%3Dhotel%26datype%3Ddefault%26gsite%3Dmapresults%26vf%3D0%26ucountry%3DUS%26udevice%3Ddesktop%26hotel%3D120005775%26day%3D19%26month%3D09%26year%3D2026%26los%3D1%26price%3D36.00%26currency%3DUSD%26cid%3D%26listid%3D%26rateid%3DUS_D%26closerateid%3D%26promo%3D0%26isPrivateRate%3D0%26isAudienceUser%3D0%26isPaidClick%3D0%26&cp=gWBCYpgJ_5EnQiFpChQI6xcYpQQiA1VTRCjwo7XVBlIBMhIaFfXOkOQaC1pDUTBKa2lnN1ljKAMw3f2d1QY | https://www.google.com/travel/lodging/clk?pc=AA80OsxAVeJIUIW6dH0L2qdXTNxAXkOZTcKyQWrhhmLC-wTYfThsoskDs1fqpRcRIGeJxsSncuL3MyVSEcSj07wS8umaKmtOvZutBiTgMA6gyXX3KRyW7D_pYXIoGlkLbyqP9nPjfnhkKLqQMD8IaTPUdaQEmCZowz0h-p7S6x3Ykgrz9sd7eiyRPxbZROUrw6LZ3zT7TtM&pcurl=https://www.cheaptickets.com/Hotel-Search?selected%3D105893552%26startDate%3D2026-09-19%26endDate%3D2026-09-20%26MDPCID%3DCHEAPTICKETS-US.META.HPA.ORGANIC-desktop.HOTEL%26langid%3D1033%26adults%3D2%26children%3D%26MDPDTL%3Dhtl.105893552.20260919.20260920.DDT.5.CID..AUDID..mapresults%26mpg%3DUSD%26mpf%3D36.00%26mpj%3D5.49%26mpr%3D0.00%26mctc%3D10%26rateplanid%3D396089779%26rateplanid%3D396089779%26mpm%3D24%26mpn%3D324886480%26mpo%3DEC%26mpp%3D1&s=AD1XQnm-SSxZfmUOylKGagNjuud4 | https://www.cheaptickets.com/Hotel-Search?selected=105893552&startDate=2026-09-19&endDate=2026-09-20&MDPCID=CHEAPTICKETS-US.META.HPA.ORGANIC-desktop.HOTEL&langid=1033&adults=2&children=&MDPDTL=htl.105893552.20260919.20260920.DDT.5.CID..AUDID..mapresults&mpg=USD&mpf=36.00&mpj=5.49&mpr=0.00&mctc=10&rateplanid=396089779&rateplanid=396089779&mpm=24&mpn=324886480&mpo=EC&mpp=1 | https://www.google.com/travel/lodging/clk?pc=AA80Osy2LfMoSzrstk4liNUc3C55--R9Pz0oqr3gSa_dQMrzWNRlnh6UySSLP1CaxlL94ofA4txMVwmU1Nvp9YcwwyiuNwW-XFocbo3rL1T2mHIS0KGwyW2r_AWz2lSB0z5xbDo52t27Nn2rhvS-65qN6TRYSpJ5q9Ipfz45UUmxKkStWSmB1O0z&pcurl=https://accommodation.edreams.net/Hotel-Search?selected%3D105893552%26startDate%3D2026-09-19%26endDate%3D2026-09-20%26adults%3D2%26children%3D%26mpf%3D36.00%26cur%3DUSD%26mpj%3D5.49%26MDPCID%3DeDreams-US.DPS.Edreams.MetaSearch-GHA.HOTEL%26mpl%3DUSD%26numberOfRooms%3D1%26locale%3Den_US%26rffrid%3Dh4p.hcom.US.ghaodigeo.000.000.kwrd%3D%26pos%3DEDREAMS_US%26rateplanid%3D396089779%26mctc%3D10%26utm_medium%3Dmetasearch%26utm_campaign%3D3389593664%26utm_term%3Dhotel%26utm_source%3DFREEBOOKING&s=AD1XQnmkj8oiAGov1RZvOE7jf8el | https://accommodation.edreams.net/Hotel-Search?selected=105893552&startDate=2026-09-19&endDate=2026-09-20&adults=2&children=&mpf=36.00&cur=USD&mpj=5.49&MDPCID=eDreams-US.DPS.Edreams.MetaSearch-GHA.HOTEL&mpl=USD&numberOfRooms=1&locale=en_US&rffrid=h4p.hcom.US.ghaodigeo.000.000.kwrd=&pos=EDREAMS_US&rateplanid=396089779&mctc=10&utm_medium=metasearch&utm_campaign=3389593664&utm_term=hotel&utm_source=FREEBOOKING | https://www.google.com/travel/lodging/clk?pc=AA80OszkkPwcsTGembIAw2Y106fShT8kwEoVaj7KxExeg0IxmQ8HrZx-8gxR6v4wtIDvYM0KsFc8HlSabHEvg7gO8juOVEQY4pqQ109Ivk1qL0NAI98xu2hClpjw3G6I3hwrmHxCqVEt7Jh-GKACzJVAMimKXK0_m8SbfjWr3Qq5865aYLe3O2-Ue8HWy5UHzfM0Ww&pcurl=https://deals.goseek.com/?sig%3D34c47a49c3e8320dca5a5dda0da2a460c1bc23afde972e2894a4ff0b6052fb53383131303836353931%26turl%3Dhttps%253A%252F%252Fwww.goseek.com%252FHotel%252FSearch%253FcheckIn%253D2026-09-19%2526checkOut%253D2026-09-20%2526currency%253DUSD%2526forceCurrencyChange%253D1%2526lang%253Den%2526forceLanguageChange%253D1%2526rooms%253D2%253A%2526utm_source%253Dgha%2526utm_medium%253Dcpc%2526hotelId%253D120005775%2526userCountry%253DUS%2526profile%253Dr2d2m73kn8%2526preferredRate%253D36.00%2526deviceType%253Ddesktop%2526label%253Dsrc%25253Dgha%252526cltype%25253Dhotel%252526datype%25253Ddefault%252526gsite%25253Dmapresults%252526vf%25253D0%252526ucountry%25253DUS%252526udevice%25253Ddesktop%252526hotel%25253D120005775%252526day%25253D19%252526month%25253D09%252526year%25253D2026%252526los%25253D1%252526price%25253D36.00%252526currency%25253DUSD%252526cid%25253D%252526listid%25253D%252526rateid%25253DUS_D%252526closerateid%25253D%252526promo%25253D0%252526isPrivateRate%25253D0%252526isAudienceUser%25253D0%252526isPaidClick%25253D0%252526%2526cp%253DgWBCYpgJ_5EnQiFpChQI6xcYpQQiA1VTRCjwo7XVBlIBMhIaFfXOkOQaC1pDUTBKa2lnN1ljKAMw3f2d1QY&s=AD1XQnl50V_djtORM7sq80S17Wqi | https://deals.goseek.com/?sig=34c47a49c3e8320dca5a5dda0da2a460c1bc23afde972e2894a4ff0b6052fb53383131303836353931&turl=https://www.goseek.com/Hotel/Search?checkIn=2026-09-19&checkOut=2026-09-20&currency=USD&forceCurrencyChange=1&lang=en&forceLanguageChange=1&rooms=2:&utm_source=gha&utm_medium=cpc&hotelId=120005775&userCountry=US&profile=r2d2m73kn8&preferredRate=36.00&deviceType=desktop&label=src%3Dgha%26cltype%3Dhotel%26datype%3Ddefault%26gsite%3Dmapresults%26vf%3D0%26ucountry%3DUS%26udevice%3Ddesktop%26hotel%3D120005775%26day%3D19%26month%3D09%26year%3D2026%26los%3D1%26price%3D36.00%26currency%3DUSD%26cid%3D%26listid%3D%26rateid%3DUS_D%26closerateid%3D%26promo%3D0%26isPrivateRate%3D0%26isAudienceUser%3D0%26isPaidClick%3D0%26&cp=gWBCYpgJ_5EnQiFpChQI6xcYpQQiA1VTRCjwo7XVBlIBMhIaFfXOkOQaC1pDUTBKa2lnN1ljKAMw3f2d1QY | https://www.google.com/travel/lodging/clk?pc=AA80OswGP4xnvnB4XQN1kcebk0prVHUEWTM9gxtrHUUMDJ9sU2kjH_wL-7-CF-XkZGxdWR0D_K2-koxO4petezRKtSE__DRxk5hY4RWB1b8r8myU7FvXpa8Is0fPC7VFd02uC5yLC-CJo22C1zLs2ZTh0s_ufskVDmZooy2AQpuOJqsIRXBqL_3fS9AZ&pcurl=https://deals.vio.com/?sig%3D73aca13c7f952d2641c156f3e69125e1eb497c325f122828ee5aa8797168b9a12d32303331333438363233%26turl%3Dhttps%253A%252F%252Fwww.vio.com%252FHotel%252FSearch%253FcheckIn%253D2026-09-19%2526checkOut%253D2026-09-20%2526currency%253DUSD%2526forceCurrencyChange%253D1%2526lang%253Den%2526forceLanguageChange%253D1%2526rooms%253D2%253A%2526utm_source%253Dgha%2526utm_medium%253Dcpc%2526hotelId%253D120005775%2526userCountry%253DUS%2526profile%253Dr2d2m73kn8%2526preferredRate%253D36.00%2526deviceType%253Ddesktop%2526label%253Dsrc%25253Dgha%252526cltype%25253Dhotel%252526datype%25253Ddefault%252526gsite%25253Dmapresults%252526vf%25253D0%252526ucountry%25253DUS%252526udevice%25253Ddesktop%252526hotel%25253D120005775%252526day%25253D19%252526month%25253D09%252526year%25253D2026%252526los%25253D1%252526price%25253D36.00%252526currency%25253DUSD%252526cid%25253D%252526listid%25253D%252526rateid%25253DUS_D%252526closerateid%25253D%252526promo%25253D0%252526isPrivateRate%25253D0%252526isAudienceUser%25253D0%252526isPaidClick%25253D0%252526%2526cp%253DgWBCYpgJ_5EnQiFpChQI6xcYpQQiA1VTRCjwo7XVBlIBMhIaFfXOkOQaC1pDUTBKa2lnN1ljKAMw3f2d1QY&s=AD1XQnmrqgOJYkBLUynwRnYwKiM6 | https://deals.vio.com/?sig=73aca13c7f952d2641c156f3e69125e1eb497c325f122828ee5aa8797168b9a12d32303331333438363233&turl=https://www.vio.com/Hotel/Search?checkIn=2026-09-19&checkOut=2026-09-20&currency=USD&forceCurrencyChange=1&lang=en&forceLanguageChange=1&rooms=2:&utm_source=gha&utm_medium=cpc&hotelId=120005775&userCountry=US&profile=r2d2m73kn8&preferredRate=36.00&deviceType=desktop&label=src%3Dgha%26cltype%3Dhotel%26datype%3Ddefault%26gsite%3Dmapresults%26vf%3D0%26ucountry%3DUS%26udevice%3Ddesktop%26hotel%3D120005775%26day%3D19%26month%3D09%26year%3D2026%26los%3D1%26price%3D36.00%26currency%3DUSD%26cid%3D%26listid%3D%26rateid%3DUS_D%26closerateid%3D%26promo%3D0%26isPrivateRate%3D0%26isAudienceUser%3D0%26isPaidClick%3D0%26&cp=gWBCYpgJ_5EnQiFpChQI6xcYpQQiA1VTRCjwo7XVBlIBMhIaFfXOkOQaC1pDUTBKa2lnN1ljKAMw3f2d1QY | https://www.google.com/maps/search/?api=1&query=Almaj%20Galaxie%20Hotel&query_place_id=ChIJU9Nq4RERLxgRE5KXq0mf8os | https://www.google.com/maps/search/Hotel/@-1.3135946628330823,36.81664691653427,16z?hl=en",https://www.google.com/maps/search/?api=1&query=Almaj%20Galaxie%20Hotel&query_place_id=ChIJU9Nq4RERLxgRE5KXq0mf8os,ChIJU9Nq4RERLxgRE5KXq0mf8os,False
Appetit F&B Restaurant,African restaurant,"Nairobi Water Road Woodley/Kenyatta Golf Course, Kenya",+254 722 331869,,,,,"https://www.google.com/maps/search/?api=1&query=Appetit%20F%26B%20Restaurant&query_place_id=ChIJXxgYeGsbLxgR41N5CzvmD8w | https://www.google.com/maps/search/restaurant/@-1.3135946628330823,36.76508901669314,16z?hl=en | https://streetviewpixels-pa.googleapis.com/v1/thumbnail?panoid=L8iMwiv9B0Ecl2MDU0WoNw&cb_client=search.gws-prod.gps&w=408&h=240&yaw=267.8637&pitch=0&thumbfov=100",https://www.google.com/maps/search/?api=1&query=Appetit%20F%26B%20Restaurant&query_place_id=ChIJXxgYeGsbLxgR41N5CzvmD8w,ChIJXxgYeGsbLxgR41N5CzvmD8w,False
Bel's Joint,African restaurant,"Shop No. 106, Tidy Centre, Ngong Rd, Nairobi, Kenya",+254 713 278388,,,,,"https://www.google.com/maps/search/?api=1&query=Bel | https://www.google.com/maps/search/restaurant/@-1.30206825,36.7531745,17.002330554175863z?hl=en | https://streetviewpixels-pa.googleapis.com/v1/thumbnail?panoid=aLDpwGLJzCwZDT8xgBHEIQ&cb_client=search.gws-prod.gps&w=408&h=240&yaw=175.06319&pitch=0&thumbfov=100",https://www.google.com/maps/search/?api=1&query=Bel's%20Joint&query_place_id=ChIJBXBCF0EaLxgRT6kNjrU-Dwo,ChIJBXBCF0EaLxgRT6kNjrU-Dwo,False
Blue Bell Restaurant Bar,African restaurant,"PQ3M+G94, Off Menelik Road, Muringa Rd, Nairobi, Kenya",+254 722 575445,,,,,"https://www.google.com/maps/search/?api=1&query=Blue%20Bell%20Restaurant%20Bar&query_place_id=ChIJHVKyjp8QLxgRFDnHhoVQIcs | https://www.google.com/maps/search/restaurant/@-1.296413588499247,36.78227498330685,16z?hl=en | https://lh3.googleusercontent.com/gps-proxy/ALd4DhHZMHAE9agZcxTey5A3yDEHHGVzabxmZMkw6aqYjBs8v8oxT2cHmVGPJ18YDCudDU9YB4GCivmn70cYmCd4oY-2WlUXcPSallFZIepR0wPJBv-MbbrUimakjg2RSnIm-OmGqcE2v7ynkr3SUndC4I__hMW9NGb4QI0giQwQfgiNIcaYH9E4iWLsMTusNBcUAztt8fs=w408-h306-k-no",https://www.google.com/maps/search/?api=1&query=Blue%20Bell%20Restaurant%20Bar&query_place_id=ChIJHVKyjp8QLxgRFDnHhoVQIcs,ChIJHVKyjp8QLxgRFDnHhoVQIcs,False
Caterers Restaurant,African restaurant,"PQ5P+J98, Off Lenana Road, Wood Ave, Nairobi, Kenya",,,,,,"https://www.google.com/maps/search/?api=1&query=Caterers%20Restaurant&query_place_id=ChIJh80OwKYQLxgRLB7EitFGWw8 | https://www.google.com/maps/search/restaurant/@-1.296413588499247,36.78227498330685,16z?hl=en | https://streetviewpixels-pa.googleapis.com/v1/thumbnail?panoid=hHwFcjH4X0U5D6yoQIaGAg&cb_client=search.gws-prod.gps&w=408&h=240&yaw=76.97229&pitch=0&thumbfov=100",https://www.google.com/maps/search/?api=1&query=Caterers%20Restaurant&query_place_id=ChIJh80OwKYQLxgRLB7EitFGWw8,ChIJh80OwKYQLxgRLB7EitFGWw8,False
Central Park Restaurant,African restaurant,"PQ4P+RQJ, Global Centre, Yaya Centre, Argwings Kodhek Rd, Nairobi, Kenya",,,,,,"https://www.google.com/maps/search/?api=1&query=Central%20Park%20Restaurant&query_place_id=ChIJMeVvZ6EQLxgRflgBrbwM0d4 | https://www.google.com/maps/search/restaurant/@-1.296413588499247,36.78227498330685,16z?hl=en | https://lh3.googleusercontent.com/gps-cs-s/AHRPTWnBCf2h6PFjYz9b2y_IwEyDKODnYKLK6QWi8OnmebdM_ZvQfFB1Bc9q-tmX7QhYZFS4jcWlXoGyBa9lGGzdf2JQs3bmCjK22TKUa5x7wBmcA0KwoT4TeXa3njXLLt19N2S-fDI4=w408-h544-k-no",https://www.google.com/maps/search/?api=1&query=Central%20Park%20Restaurant&query_place_id=ChIJMeVvZ6EQLxgRflgBrbwM0d4,ChIJMeVvZ6EQLxgRflgBrbwM0d4,False
Galz Restaurant,African restaurant,"PQ4P+MFP, Ground Floor, Njemna House, Wood Ave, Nairobi, Kenya",,,,,,"https://www.google.com/maps/search/?api=1&query=Galz%20Restaurant&query_place_id=ChIJC5u9baEQLxgRE-SE36a7q3s | https://www.google.com/maps/search/restaurant/@-1.296413588499247,36.78227498330685,16z?hl=en | https://streetviewpixels-pa.googleapis.com/v1/thumbnail?panoid=x3AawN26InBkZwkcaOtL7g&cb_client=search.gws-prod.gps&w=408&h=240&yaw=77.2787&pitch=0&thumbfov=100",https://www.google.com/maps/search/?api=1&query=Galz%20Restaurant&query_place_id=ChIJC5u9baEQLxgRE-SE36a7q3s,ChIJC5u9baEQLxgRE-SE36a7q3s,False
Grand and Epic Hotel,African restaurant,"senior's park naivasha road Kabiro Dagoreti North, Kenya",+254 727 059548,,,,,"https://www.google.com/maps/search/?api=1&query=Grand%20and%20Epic%20Hotel&query_place_id=ChIJm3axZ8MbLxgRSSIgPvccHQk | https://www.google.com/maps/search/restaurant/@-1.296413588499247,36.73071708346572,16z?hl=en | https://streetviewpixels-pa.googleapis.com/v1/thumbnail?panoid=CQQU-jFuKsWFgvGS6puksg&cb_client=search.gws-prod.gps&w=408&h=240&yaw=167.22003&pitch=0&thumbfov=100",https://www.google.com/maps/search/?api=1&query=Grand%20and%20Epic%20Hotel&query_place_id=ChIJm3axZ8MbLxgRSSIgPvccHQk,ChIJm3axZ8MbLxgRSSIgPvccHQk,False
Green Rose Restaurant,African restaurant,"Nairobi, Kenya",+254 722 310850,,,,,"https://www.google.com/maps/search/?api=1&query=Green%20Rose%20Restaurant&query_place_id=ChIJidAwjbIRLxgRgU3VlIAudio | https://www.google.com/maps/search/restaurant/@-1.3307757371669178,36.81664691653427,16z?hl=en | https://lh3.googleusercontent.com/gps-cs-s/AHRPTWlP5Q5uZB2_MdcDQ8sIvfyGT1KxtEYTPzGaTn-IG8okUJsm_HWkiVUbeIEnJX1klXyf-dVkD21EjWOfeIbTDoBc8uXCd1SFmYMeYN1zYUQRxf1A9qVcqRK61Pr9h0PLmEG5z2Ek=w408-h905-k-no",https://www.google.com/maps/search/?api=1&query=Green%20Rose%20Restaurant&query_place_id=ChIJidAwjbIRLxgRgU3VlIAudio,ChIJidAwjbIRLxgRgU3VlIAudio,False
Hadasah Bar & Restaurant,African restaurant,"Hadassah Hotel, Ralph Bunche Rd, North, Kenya",+254 720 587829,,,,,"https://www.google.com/maps/search/?api=1&query=Hadasah%20Bar%20%26%20Restaurant&query_place_id=ChIJr-6qf3oRLxgRdxwn_ctzAjc | https://www.google.com/maps/search/restaurant/@-1.296413588499247,36.79946094992056,16z?hl=en | https://lh3.googleusercontent.com/gps-cs-s/AHRPTWnFxoGaAruTIzdK7HUjfZUz70K9YKc_QZRIL6H5XV3_Z4HPk-wbwePzbIyXycoEMBH1BkPsIKamx6HIZrqaa1H8hxoqWUm126yT5w5o0bC6DniKJWnQOGCRwX4spoA0dRiCFZiE6w=w408-h306-k-no",https://www.google.com/maps/search/?api=1&query=Hadasah%20Bar%20%26%20Restaurant&query_place_id=ChIJr-6qf3oRLxgRdxwn_ctzAjc,ChIJr-6qf3oRLxgRdxwn_ctzAjc,False
Hillcrest Catering,African restaurant,"Hillcrest Caterers, Karen, Langata Rd, Kenya",+254 20 2118849,,,,,"https://www.google.com/maps/search/?api=1&query=Hillcrest%20Catering&query_place_id=ChIJSWnmGikbLxgRCTqCa3QIR5E | https://www.google.com/maps/search/restaurant/@-1.3307757371669178,36.73071708346572,16z?hl=en | https://streetviewpixels-pa.googleapis.com/v1/thumbnail?panoid=oofQRGY1tUv5HhKxqzzXSQ&cb_client=search.gws-prod.gps&w=408&h=240&yaw=295.17776&pitch=0&thumbfov=100",https://www.google.com/maps/search/?api=1&query=Hillcrest%20Catering&query_place_id=ChIJSWnmGikbLxgRCTqCa3QIR5E,ChIJSWnmGikbLxgRCTqCa3QIR5E,False
Jampark Cafe,African restaurant,"Jampark Plaza, Shop 9, Jampark Plaza, Ngong Rd, Nairobi, Kenya",+254 713 702242,,,,,"https://www.google.com/maps/search/?api=1&query=Jampark%20Cafe&query_place_id=ChIJEfU4akQaLxgRV10TZZhi_4U | https://www.google.com/maps/search/restaurant/@-1.30206825,36.7531745,17.002330554175863z?hl=en | https://lh3.googleusercontent.com/gps-cs-s/AHRPTWkkKD0TT7Of5KuCcDm3hskSYFSOo-Mu8SNE5aJ_Ut--rMRRNdZHOSYU2EkOnEpRql1rHqJBt5k3NBFN5uiT8MhZ5138llkHHykndAp4TSypA5rBxEM1MEhPv6_aaxW6wJl0Hcw=w426-h240-k-no",https://www.google.com/maps/search/?api=1&query=Jampark%20Cafe&query_place_id=ChIJEfU4akQaLxgRV10TZZhi_4U,ChIJEfU4akQaLxgRV10TZZhi_4U,False
Junction Fast Food,African restaurant,"Umoja II, Moi Dr, Nairobi, Kenya",+254 785 465763,,,,,"https://www.google.com/maps/search/?api=1&query=Junction%20Fast%20Food&query_place_id=ChIJ_9S9ABUbLxgR51qzSwTCxUY | https://www.google.com/maps/search/restaurant/@-1.2983534384615385,36.76283634615385,17.002332677197412z?hl=en",https://www.google.com/maps/search/?api=1&query=Junction%20Fast%20Food&query_place_id=ChIJ_9S9ABUbLxgR51qzSwTCxUY,ChIJ_9S9ABUbLxgR51qzSwTCxUY,False
Junubin Restaurant.,African restaurant,"PQ2M+52Q, Nairobi, Kenya",+254 722 442460,,,,,"https://www.google.com/maps/search/?api=1&query=Junubin%20Restaurant.&query_place_id=ChIJse4hHcARLxgRHfz1cuvPOL4 | https://www.google.com/maps/search/restaurant/@-1.296413588499247,36.78227498330685,16z?hl=en | https://lh3.googleusercontent.com/gps-cs-s/AHRPTWkh93Zdphi1rs-695UHsl7jqCZbCsBW-sphHkBWG0XV8WCdM_RtgWTjvM5RU2RTl0HvT9jKcFYMbBxeNddM2M-sLntZ9AuMmxkmMWZ7g483EY-wFRINamNn8pkKCod6WpNI62uu=w426-h240-k-no",https://www.google.com/maps/search/?api=1&query=Junubin%20Restaurant.&query_place_id=ChIJse4hHcARLxgRHfz1cuvPOL4,ChIJse4hHcARLxgRHfz1cuvPOL4,False
Koleza Africa,African restaurant,"Karen Langata Rd Galleria Shopping Mall, Kenya",+254 774 939777,,,,,"https://www.google.com/maps/search/?api=1&query=Koleza%20Africa&query_place_id=ChIJK4YVXksFLxgRHw9srdth6JQ | https://www.google.com/maps/search/restaurant/@-1.3479568115007532,36.76508901669314,16z?hl=en",https://www.google.com/maps/search/?api=1&query=Koleza%20Africa&query_place_id=ChIJK4YVXksFLxgRHw9srdth6JQ,ChIJK4YVXksFLxgRHw9srdth6JQ,False
La Référence Congolese Restaurant.,African restaurant,"Oledume Road, Off Ngong Road, Opposite St.Hannah Primary School, Nairobi, Kenya",+254 740 949952,,,,,"https://www.google.com/maps/search/?api=1&query=La%20R%C3%A9f%C3%A9rence%20Congolese%20Restaurant.&query_place_id=ChIJ074tBvcbLxgREtzOLcVXLAQ | https://www.google.com/maps/search/restaurant/@-1.296413588499247,36.76508901669314,16z?hl=en | https://streetviewpixels-pa.googleapis.com/v1/thumbnail?panoid=--LJBmQc_Ex9GmxIE3J4qg&cb_client=search.gws-prod.gps&w=408&h=240&yaw=275.2136&pitch=0&thumbfov=100",https://www.google.com/maps/search/?api=1&query=La%20R%C3%A9f%C3%A9rence%20Congolese%20Restaurant.&query_place_id=ChIJ074tBvcbLxgREtzOLcVXLAQ,ChIJ074tBvcbLxgREtzOLcVXLAQ,False
Le Sixty Three Lounge And Restaurant,African restaurant,"Nairobi West, Southern Byp, Nairobi, Kenya",+254 729 608748,,,,,"https://www.google.com/maps/search/?api=1&query=Le%20Sixty%20Three%20Lounge%20And%20Restaurant&query_place_id=ChIJB6PF3mwQLxgRK5gVwh-uMxU | https://www.google.com/maps/search/restaurant/@-1.3307757371669178,36.78227498330685,16z?hl=en | https://lh3.googleusercontent.com/gps-cs-s/AHRPTWlK-Vm7cHtdRqestPf8rFRHgNerV5pf6M-RBwrh1gTZLpn_xOtdbdw5RVzRwhO4f2ngaVn5LFppdwPg1dB3dNxm1jLglZasCVwQOeyhqQDifqiKhIgJplNogHzPgdTabl9F7M-I=w408-h543-k-no",https://www.google.com/maps/search/?api=1&query=Le%20Sixty%20Three%20Lounge%20And%20Restaurant&query_place_id=ChIJB6PF3mwQLxgRK5gVwh-uMxU,ChIJB6PF3mwQLxgRK5gVwh-uMxU,False
Libra Restaurant,African restaurant,"Nairobi West Mai Mahiu rd, off Langata Rd, Kenya",+254 723 830866,,,,,"https://www.google.com/maps/search/?api=1&query=Libra%20Restaurant&query_place_id=ChIJbw6e4lYQLxgRH764HnY7sdg | https://www.google.com/maps/search/restaurant/@-1.3135946628330823,36.81664691653427,16z?hl=en | https://lh3.googleusercontent.com/gps-cs-s/AHRPTWnUYAAU2aSw10zRlQW5PmMGvTqUpjfpBEMlCR5jtI3Z_eDd2akLu8WVOe26R7WM91mamYDq-ykKBK37Yyjf4JJEZlTtup-00u2O745tq_uZZZYve98_tbdboUhnpaYoutW7yaH3gw=w426-h240-k-no",https://www.google.com/maps/search/?api=1&query=Libra%20Restaurant&query_place_id=ChIJbw6e4lYQLxgRH764HnY7sdg,ChIJbw6e4lYQLxgRH764HnY7sdg,False
Mama Oliech Restaurant,African restaurant,"Marcus Garvey Rd, North, Kenya",+254 701 707070,,,,,"https://www.google.com/maps/search/?api=1&query=Mama%20Oliech%20Restaurant&query_place_id=ChIJW_hy56IQLxgRuXi29YjGVVk | https://www.google.com/maps/search/restaurant/@-1.296413588499247,36.78227498330685,16z?hl=en | https://lh3.googleusercontent.com/gps-cs-s/AHRPTWmQ1FqZLODJadFd_NIr5Y1AjAoEHCw3Sbsku_V511_aIsMsupa1dxxirQPh8DKgZrZTXHPgpV_u474hIVJVdYRq9i8Dkls6SRI8oeuV2znOZ4AcLd5WB4gVVxli5w6D7PL4R7BY_Q=w493-h240-k-no",https://www.google.com/maps/search/?api=1&query=Mama%20Oliech%20Restaurant&query_place_id=ChIJW_hy56IQLxgRuXi29YjGVVk,ChIJW_hy56IQLxgRuXi29YjGVVk,False
Martha'S Restaurant,African restaurant,"Karen, Langata Rd, Nairobi, Kenya",,,,,,"https://www.google.com/maps/search/?api=1&query=Martha | https://www.google.com/maps/search/restaurant/@-1.3135946628330823,36.81664691653427,16z?hl=en | https://streetviewpixels-pa.googleapis.com/v1/thumbnail?panoid=mK8unYW43BDSciXvjT5RDg&cb_client=search.gws-prod.gps&w=408&h=240&yaw=57.30503&pitch=0&thumbfov=100",https://www.google.com/maps/search/?api=1&query=Martha'S%20Restaurant&query_place_id=ChIJ8yJtQLkRLxgRteq_QMF1yvo,ChIJ8yJtQLkRLxgRteq_QMF1yvo,False
Minar Restaurant-Yaya Centre,African restaurant,"Yaya Shopping Centre, Argwings Kodhek Rd, North, Kenya",+254 20 2229999,,,,,"https://www.google.com/maps/search/?api=1&query=Minar%20Restaurant-Yaya%20Centre&query_place_id=ChIJj6RwZ14RLxgRMpmXmu2IZVQ | https://www.google.com/maps/search/restaurant/@-1.296413588499247,36.78227498330685,16z?hl=en",https://www.google.com/maps/search/?api=1&query=Minar%20Restaurant-Yaya%20Centre&query_place_id=ChIJj6RwZ14RLxgRMpmXmu2IZVQ,ChIJj6RwZ14RLxgRMpmXmu2IZVQ,False
N. Y. P. D Restaurant,African restaurant,"MQXQ+R33, Off Ngong Road, Mugo Kibiru Dr, Nairobi, Kenya",,,,,,"https://www.google.com/maps/search/?api=1&query=N.%20Y.%20P.%20D%20Restaurant&query_place_id=ChIJeaWA85sQLxgRZAzed-2jyMY | https://www.google.com/maps/search/restaurant/@-1.296413588499247,36.78227498330685,16z?hl=en | https://lh3.googleusercontent.com/gps-proxy/ALd4DhHg0pkR4QXQnnvKKiwaypDUgRW8mNIG_kr3dkLah7JPcAnWs66eSMD22j3IO5RXoCQtiVmvHI2uNlfK55DTYY1FlBs195i_LquJ_gW3F51Bl90X9TD3IpDlSXys9vMqOsQdm1EMYwR06D25Nj550QBC6yQJXbtqsSYUBwRjJTy7tNVQTtUR0dipfH29HaDdJOsZFUA=w408-h306-k-no",https://www.google.com/maps/search/?api=1&query=N.%20Y.%20P.%20D%20Restaurant&query_place_id=ChIJeaWA85sQLxgRZAzed-2jyMY,ChIJeaWA85sQLxgRZAzed-2jyMY,False
Ozone 4 Kitchen,African restaurant,"Kabiro Rd, North, Kenya",+254 702 763472,,,,,"https://www.google.com/maps/search/?api=1&query=Ozone%204%20Kitchen&query_place_id=ChIJiyfDaLUbLxgRXzTeSM4WOEs | https://www.google.com/maps/search/restaurant/@-1.30206825,36.7531745,17.002330554175863z?hl=en | https://streetviewpixels-pa.googleapis.com/v1/thumbnail?panoid=PZgPz-qEJsBr_bbOpnvwmQ&cb_client=search.gws-prod.gps&w=408&h=240&yaw=73.4739&pitch=0&thumbfov=100",https://www.google.com/maps/search/?api=1&query=Ozone%204%20Kitchen&query_place_id=ChIJiyfDaLUbLxgRXzTeSM4WOEs,ChIJiyfDaLUbLxgRXzTeSM4WOEs,False
Palace Butchery & Restaurant,African restaurant,"PQ62+34F, Next To Twaiba Mosque, Gitanga Rd, Nairobi, Kenya",,,,,,"https://www.google.com/maps/search/?api=1&query=Palace%20Butchery%20%26%20Restaurant&query_place_id=ChIJSYH-mToaLxgRG5IDH2ykb1w | https://www.google.com/maps/search/restaurant/@-1.296413588499247,36.74790305007943,16z?hl=en | https://lh3.googleusercontent.com/gps-proxy/ALd4DhGKvCClV4RdI3bv_yOpuS3vsF3jJqG2i3s24sNdFK_9BiJ8RvhhajZhAVDpK6yNFmNZhEo8wnaKXaY1grxBCA2gyvhjTA8ASlUgsK1KFJNt92U284lAStS2eQ_GwxLWsZPrLoIHEFIr46HiceixFiQ2YYC2ANsvYTBluCwD-kmyBrUAtAdlmc3Zf5w5a2gCURMbjw=w408-h306-k-no",https://www.google.com/maps/search/?api=1&query=Palace%20Butchery%20%26%20Restaurant&query_place_id=ChIJSYH-mToaLxgRG5IDH2ykb1w,ChIJSYH-mToaLxgRG5IDH2ykb1w,False
Paris Lounge,African restaurant,"34 Gitanga Rd, Nairobi, Kenya",,,,,,"https://www.google.com/maps/search/?api=1&query=Paris%20Lounge&query_place_id=ChIJ5ycoPQAbLxgREvYN8zP-MtY | https://www.google.com/maps/search/restaurant/@-1.293340725,36.778052200000005,17.00233553235424z?hl=en | https://streetviewpixels-pa.googleapis.com/v1/thumbnail?panoid=6BytM-r2jRw8QBH9C35wWA&cb_client=search.gws-prod.gps&w=408&h=240&yaw=355.3733&pitch=0&thumbfov=100",https://www.google.com/maps/search/?api=1&query=Paris%20Lounge&query_place_id=ChIJ5ycoPQAbLxgREvYN8zP-MtY,ChIJ5ycoPQAbLxgREvYN8zP-MtY,False
Peter's Kitchen,African restaurant,"PQ5M+V6G, Galana Rd, Nairobi, Kenya",+254 780 985080,,,,,"https://www.google.com/maps/search/?api=1&query=Peter | https://www.google.com/maps/search/restaurant/@-1.293340725,36.778052200000005,17.00233553235424z?hl=en | https://lh3.googleusercontent.com/gps-cs-s/AHRPTWkE7BMAmhtjpHaGc2vLrkA6vE8MpldIr8HdhnfSL9U0HzSenlWLODMjYvH83ELGYq0A3XpiiQkRknZ1AyDbYAgF1MLxSUK-koCFl4b5NwbCgwn1ChQLFizaATp07fjmqGakeUwDtQ=w408-h929-k-no",https://www.google.com/maps/search/?api=1&query=Peter's%20Kitchen&query_place_id=ChIJndWLyqIRLxgR2mHXny0c1_Q,ChIJndWLyqIRLxgR2mHXny0c1_Q,False
Red Sea Restaurant(Closed),African restaurant,"China Centre, Ngong Rd, North, Kenya",+254 20 2712531,,,,,"https://www.google.com/maps/search/?api=1&query=Red%20Sea%20Restaurant(Closed)&query_place_id=ChIJL99Pbw0RLxgR_d_LkEKUPds | https://www.google.com/maps/search/restaurant/@-1.296413588499247,36.79946094992056,16z?hl=en | https://streetviewpixels-pa.googleapis.com/v1/thumbnail?panoid=sesd5FJaciZFmzZufcxt4Q&cb_client=search.gws-prod.gps&w=408&h=240&yaw=316.84955&pitch=0&thumbfov=100",https://www.google.com/maps/search/?api=1&query=Red%20Sea%20Restaurant(Closed)&query_place_id=ChIJL99Pbw0RLxgR_d_LkEKUPds,ChIJL99Pbw0RLxgR_d_LkEKUPds,False
Rhoda Vemoauz Restaurant,African restaurant,"Ngong Rd, North, Kenya",+254 725 334564,,,,,"https://www.google.com/maps/search/?api=1&query=Rhoda%20Vemoauz%20Restaurant&query_place_id=ChIJp2j5-pYRLxgR8FYMYD0ckZQ | https://www.google.com/maps/search/restaurant/@-1.3135946628330823,36.74790305007943,16z?hl=en | https://lh3.googleusercontent.com/gps-cs-s/AHRPTWkDY1Fv8mbhTzIfRjBRxotneFtdzNIizW64q0rCfIu6rvo_iS0-VdywGj8pi8jqe6uGp53DHq1Wft2IhmtPagVKCkID06WCi2Z96SleUJPbSErvI5KmYqJdGw8WtpJ_MbMkS4-B=w408-h270-k-no",https://www.google.com/maps/search/?api=1&query=Rhoda%20Vemoauz%20Restaurant&query_place_id=ChIJp2j5-pYRLxgR8FYMYD0ckZQ,ChIJp2j5-pYRLxgR8FYMYD0ckZQ,False
Rudy'S Restaurant,African restaurant,"Kilimani Chania Road,Off Ring Road Dagoreti North, Kenya",+254 20 3872234,,,,,"https://www.google.com/maps/search/?api=1&query=Rudy | https://www.google.com/maps/search/restaurant/@-1.296413588499247,36.78227498330685,16z?hl=en | https://streetviewpixels-pa.googleapis.com/v1/thumbnail?panoid=_fk_3Y_Jc_HInPgwalGb4A&cb_client=search.gws-prod.gps&w=408&h=240&yaw=15.085929&pitch=0&thumbfov=100",https://www.google.com/maps/search/?api=1&query=Rudy'S%20Restaurant&query_place_id=ChIJKUu-QCMRLxgRDWjC2O6pJPs,ChIJKUu-QCMRLxgRDWjC2O6pJPs,False
Shannoz Cafe And Grill,African restaurant,"MQXH+MP3, Suna Rd, Nairobi, Kenya",+254 717 427437,,,,,"https://www.google.com/maps/search/?api=1&query=Shannoz%20Cafe%20And%20Grill&query_place_id=ChIJ7bWZX3YaLxgRJp985VjwhGk | https://www.google.com/maps/search/restaurant/@-1.2999357,36.7739766,17.00233177367389z?hl=en | https://streetviewpixels-pa.googleapis.com/v1/thumbnail?panoid=Or-D29b3XmQDvh3IXeZscw&cb_client=search.gws-prod.gps&w=408&h=240&yaw=259.06046&pitch=0&thumbfov=100",https://www.google.com/maps/search/?api=1&query=Shannoz%20Cafe%20And%20Grill&query_place_id=ChIJ7bWZX3YaLxgRJp985VjwhGk,ChIJ7bWZX3YaLxgRJp985VjwhGk,False
Tamani Spot Restaurant,African restaurant,"MPVQ+C5F, Opposite Race Course, Ngong Rd, Nairobi, Kenya",,,,,,"https://www.google.com/maps/search/?api=1&query=Tamani%20Spot%20Restaurant&query_place_id=ChIJJylC2awbLxgRzOo_U7zNj8s | https://www.google.com/maps/search/restaurant/@-1.3135946628330823,36.74790305007943,16z?hl=en | https://lh3.googleusercontent.com/gps-proxy/ALd4DhE_qf_R_lNSc26qvsyBWixOzhdX1G8o2mAEtzY6sVq10QPW_bly3fhb3n36mx7mrAnLYl6tbYLwqIsjTCYsc5tWAY4HkAJF3XKmlJnGPhQXZYM9F6oi7Gz9cTYMrQPW5-WYzcu1qMlXBU3SVVPMwmxSE-9j9KOYULlVq7oqNnputxlN8a__Ngj_a6SFHbJ7DK4pkA=w408-h306-k-no",https://www.google.com/maps/search/?api=1&query=Tamani%20Spot%20Restaurant&query_place_id=ChIJJylC2awbLxgRzOo_U7zNj8s,ChIJJylC2awbLxgRzOo_U7zNj8s,False
Tankard Restaurant,African restaurant,"Ngong Rd, Starehe, Kenya",+254 792 745204,,,,,"https://www.google.com/maps/search/?api=1&query=Tankard%20Restaurant&query_place_id=ChIJ72CT2EMaLxgRbch5F15AwSk | https://www.google.com/maps/search/restaurant/@-1.296413588499247,36.76508901669314,16z?hl=en | https://lh3.googleusercontent.com/gps-cs-s/AHRPTWkkGhvtPCr12aGTfKSH56DGpy7T01wYIewx-0_PODCiBXzamiEOI_ur02DBWL7TZiN0xfmxd5NPY-hjyHRC1n82ssAM2SfwKvcGCgV8-AEZi4A4_cw7zl3cDaq7v2b51XU3tVfW2w=w426-h240-k-no",https://www.google.com/maps/search/?api=1&query=Tankard%20Restaurant&query_place_id=ChIJ72CT2EMaLxgRbch5F15AwSk,ChIJ72CT2EMaLxgRbch5F15AwSk,False
Tedre Restaurant,African restaurant,"MQXM+P3P, Nairobi, Kenya",,,,,,"https://www.google.com/maps/search/?api=1&query=Tedre%20Restaurant&query_place_id=ChIJOTUiFwARLxgRQjtdt9xnpzU | https://www.google.com/maps/search/restaurant/@-1.296413588499247,36.78227498330685,16z?hl=en | https://lh3.googleusercontent.com/gps-cs-s/AHRPTWmPtlrM_p3ImA4iwiBKh_2FzyhSZweUz17uOKp8epMAqiWZ33IfftANFchnj0nRZcHqsz-sg9h22mf0_z9ypqTCo5E-hh14bWZDSGAfGPEFGfbVzzlQV1_7axToZnfrfM8SADmh=w408-h544-k-no",https://www.google.com/maps/search/?api=1&query=Tedre%20Restaurant&query_place_id=ChIJOTUiFwARLxgRQjtdt9xnpzU,ChIJOTUiFwARLxgRQjtdt9xnpzU,False
TNC Restaurant,African restaurant,"PQ2M+FV6, Menelik House, Menelik Road, Ngong Rd, Nairobi, Kenya",,,,,,"https://www.google.com/maps/search/?api=1&query=TNC%20Restaurant&query_place_id=ChIJRVDJ9J4QLxgRJ48Zov5OupU | https://www.google.com/maps/search/restaurant/@-1.296413588499247,36.78227498330685,16z?hl=en | https://lh3.googleusercontent.com/gps-cs-s/AHRPTWla8UutOIg8k-PLVahD5Tg9NaAi7tn7HX6CkhO2nRZUr1CtvztuGIUSKtf6OnaG29P3Gs5ocXRB5F4vUVyGzDyxpUp3xpA967N0bn-deNfCSfyOREilhNH74CbX5P6YHWcyXm50yw=w408-h408-k-no",https://www.google.com/maps/search/?api=1&query=TNC%20Restaurant&query_place_id=ChIJRVDJ9J4QLxgRJ48Zov5OupU,ChIJRVDJ9J4QLxgRJ48Zov5OupU,False
UNENDING LAUGHTER RESTAURANT,African restaurant,"MENELIK SUITES, Menelik Rd, Nairobi, Kenya",+254 743 913406,,,,,"https://www.google.com/maps/search/?api=1&query=UNENDING%20LAUGHTER%20RESTAURANT&query_place_id=ChIJ4fzYYX4RLxgR9wV1PHNSS8k | https://www.google.com/maps/search/restaurant/@-1.296413588499247,36.78227498330685,16z?hl=en | https://lh3.googleusercontent.com/gps-cs-s/AHRPTWk5U4Av7hVCjzIDHXO0LOMFQHx9scVcl5YBBNkHp4onL7LFZHJN5Iow0gsCj0edz7W-SRs9p64xTH042VT5Rb5naxHQgzjSYPA88qbYdnIk0izMtvkrMKoZf3c7vtQnWTNRwTTHkw=w408-h306-k-no",https://www.google.com/maps/search/?api=1&query=UNENDING%20LAUGHTER%20RESTAURANT&query_place_id=ChIJ4fzYYX4RLxgR9wV1PHNSS8k,ChIJ4fzYYX4RLxgR9wV1PHNSS8k,False
Zinos Restaurant,African restaurant,"Nyayo Highrise Sasuma Road Otiende Shopping Center, Nairobi, Kenya",+254 20 603418,,,,,"https://www.google.com/maps/search/?api=1&query=Zinos%20Restaurant&query_place_id=ChIJA-UWZ54aLxgRgix_ICZWpks | https://www.google.com/maps/search/restaurant/@-1.3307757371669178,36.78227498330685,16z?hl=en | https://lh3.googleusercontent.com/gps-cs-s/AHRPTWnLKR6PqrD9YVUq3-DrSOCyyncRmCzNtHYuUgS01PXn-WAf8K7JwzgrU1wnhAwkCE-ZfS3SWzRvRzADUokKgmmXz59DZy_Gooy6hZSCBcKUzpeVIcSPVLdxKIYh8tRkmqSBmGRi=w408-h544-k-no",https://www.google.com/maps/search/?api=1&query=Zinos%20Restaurant&query_place_id=ChIJA-UWZ54aLxgRgix_ICZWpks,ChIJA-UWZ54aLxgRgix_ICZWpks,False
Fellakuti Wines & Spirits,Alcoholic beverage wholesaler,"Maboko Rd, Nairobi, Kenya",+254 791 372584,,,,,"https://www.google.com/maps/search/?api=1&query=Fellakuti%20Wines%20%26%20Spirits&query_place_id=ChIJt5SibcEbLxgR9z-DF8W2T0Y | https://www.google.com/maps/search/restaurant/@-1.3307757371669178,36.78227498330685,16z?hl=en | https://streetviewpixels-pa.googleapis.com/v1/thumbnail?panoid=uYK1YCK1T1vmCdkDrW2kaQ&cb_client=search.gws-prod.gps&w=408&h=240&yaw=52.297764&pitch=0&thumbfov=100",https://www.google.com/maps/search/?api=1&query=Fellakuti%20Wines%20%26%20Spirits&query_place_id=ChIJt5SibcEbLxgR9z-DF8W2T0Y,ChIJt5SibcEbLxgR9z-DF8W2T0Y,False
Bugre king,American restaurant,"PQ27+R3X, Nairobi, Kenya",,,,,,"https://www.google.com/maps/search/?api=1&query=Bugre%20king&query_place_id=ChIJz5E8CQAbLxgRJyIQwEAcHyQ | https://www.google.com/maps/search/restaurant/@-1.2983534384615385,36.76283634615385,17.002332677197412z?hl=en | https://streetviewpixels-pa.googleapis.com/v1/thumbnail?panoid=E0jV2HqTMKk1nGoTosyoSg&cb_client=search.gws-prod.gps&w=408&h=240&yaw=195.15167&pitch=0&thumbfov=100",https://www.google.com/maps/search/?api=1&query=Bugre%20king&query_place_id=ChIJz5E8CQAbLxgRJyIQwEAcHyQ,ChIJz5E8CQAbLxgRJyIQwEAcHyQ,False
CJs,American restaurant,"MQ47+MJM, Nairobi, Kenya",,,,,,"https://www.google.com/maps/search/?api=1&query=CJs&query_place_id=ChIJx5z5fAAFLxgRd-epZuhUQN4 | https://www.google.com/maps/search/restaurant/@-1.3479568115007532,36.76508901669314,16z?hl=en",https://www.google.com/maps/search/?api=1&query=CJs&query_place_id=ChIJx5z5fAAFLxgRd-epZuhUQN4,ChIJx5z5fAAFLxgRd-epZuhUQN4,False
Joes Atlanta Wings Langata,American restaurant,"MQFR+Q5G, Nairobi, Kenya",+254 790 151815,,,,,"https://www.google.com/maps/search/?api=1&query=Joes%20Atlanta%20Wings%20Langata&query_place_id=ChIJ0xlYGQoRLxgRpYEXIx1xPoM | https://www.google.com/maps/search/restaurant/@-1.3307757371669178,36.78227498330685,16z?hl=en | https://lh3.googleusercontent.com/gps-cs-s/AHRPTWmv_UEhlv0Ru6bHalBY-tOm2v3JWM6TJ32zIij7dBDt-qKxWV8xy94tD-hGBHIU7Di89l0J9v-KKsKHVzMNki7DFlOpDp2DY9GagOVCHahxzXxuibfhZBBbhaslFGL_sU056Z9-=w408-h564-k-no",https://www.google.com/maps/search/?api=1&query=Joes%20Atlanta%20Wings%20Langata&query_place_id=ChIJ0xlYGQoRLxgRpYEXIx1xPoM,ChIJ0xlYGQoRLxgRpYEXIx1xPoM,False
Nia food,American restaurant,"JQW3+HCM, Bogani E Rd, Nairobi, Kenya",,,,,,"https://www.google.com/maps/search/?api=1&query=Nia%20food&query_place_id=ChIJjS1goGgFLxgR-iieYZwzOhc | https://www.google.com/maps/search/restaurant/@-1.3479568115007532,36.76508901669314,16z?hl=en | https://lh3.googleusercontent.com/gps-cs-s/AHRPTWkHHGMTS3PokGsarCnMCvENGtiFcgIKnrhPUUZtfuen9g_RgMiqUeB0Se1m3UvvN3y_pfMReJvz-l6fEFF--X-jy-fyU5jVIj0uO9Q_1iOAGiwNeYRnz1GwUGC6gjRYRquh4Uo=w408-h725-k-no",https://www.google.com/maps/search/?api=1&query=Nia%20food&query_place_id=ChIJjS1goGgFLxgR-iieYZwzOhc,ChIJjS1goGgFLxgR-iieYZwzOhc,False
The Diner,American restaurant,"Suguta Rd, Nairobi, Kenya",+254 740 649136,,,,,"https://www.google.com/maps/search/?api=1&query=The%20Diner&query_place_id=ChIJH7O4GgAbLxgRW4ig08FlRS4 | https://www.google.com/maps/search/restaurant/@-1.2895935545454547,36.773318836363636,17.002337659462743z?hl=en | https://lh3.googleusercontent.com/gps-cs-s/AHRPTWm4DQq7dBB52xxNYWdzHB2P99Aw-205kwWp0pmkSUqffwj6jKKnlE56dhu2K9pOFUvIq7CqA0y6RrT34zZK9UVizxtYd1EOa0Rgpp3VWsOTS6gG_VKSiIUhcmNn7urkngGkBRhC2OvCCe8n=w408-h544-k-no",https://www.google.com/maps/search/?api=1&query=The%20Diner&query_place_id=ChIJH7O4GgAbLxgRW4ig08FlRS4,ChIJH7O4GgAbLxgRW4ig08FlRS4,False
"Valley Arcade, Kunde Road",American restaurant,"PQ49+7F7, Kunde Rd, Nairobi, Kenya",,,,,,"https://www.google.com/maps/search/?api=1&query=Valley%20Arcade%2C%20Kunde%20Road&query_place_id=ChIJ8aPAxwkbLxgRYwQJHr1qEDI | https://www.google.com/maps/search/restaurant/@-1.2955217,36.7736869,17.002334291465527z?hl=en",https://www.google.com/maps/search/?api=1&query=Valley%20Arcade%2C%20Kunde%20Road&query_place_id=ChIJ8aPAxwkbLxgRYwQJHr1qEDI,ChIJ8aPAxwkbLxgRYwQJHr1qEDI,False
Silverstone Apartments,Apartment building,"Argwings Kodhek Rd, Nairobi, Kenya",+254 100 100587,,,,,"https://www.google.com/travel/lodging/clk?pc=AA80OsxmCTxRhmgaVwFGs3LeG49Qoil_-N41S1Moo_VOt77iOVRIyGBHjCLPJ58ZFCUEaiRHsuI_Bt8zyd4BL16rqkfxXkwie571VduvH_AeaG-NlqigLF-z8FCp1MGEDdDD5b8tl8dvTCtC3u1mzv9Cn6W74S0ZvYSxVAQOpsVncLzsXJZivWqCbpGor9xcqD8&pcurl=https://www.hotels.com/Hotel-Search?selected%3D99977589%26startDate%3D2026-09-19%26endDate%3D2026-09-20%26mdpcid%3DHCOM-US.META.HPA.HOTEL-ORGANIC-desktop.HOTEL%26MDPDTL%3DHTL.99977589.20260919.20260920.DDT.5.CID..AUDID.%26adults%3D2%26children%3D%26mctc%3D10%26mpf%3D61.52%26mpg%3DUSD%26mpl%3DUSD%26mpj%3D9.89%26mpr%3D0.00%26rffrid%3Dsem.hcom.US.156.024.mapresults.02.desktop-1.kwrd%3DGGMETA.99977589USen-20260919-D-ABW%3D5-camp%3D-aud%3D-N%26rateplanid%3D392609335%26mpm%3D24%26mpn%3D323714967%26mpo%3DEC%26mpp%3D1%26locale%3Den_US%26siteid%3D300000001&s=AD1XQnnFjLcfu-IFDGOVP5cAicCE | https://www.hotels.com/Hotel-Search?selected=99977589&startDate=2026-09-19&endDate=2026-09-20&mdpcid=HCOM-US.META.HPA.HOTEL-ORGANIC-desktop.HOTEL&MDPDTL=HTL.99977589.20260919.20260920.DDT.5.CID..AUDID.&adults=2&children=&mctc=10&mpf=61.52&mpg=USD&mpl=USD&mpj=9.89&mpr=0.00&rffrid=sem.hcom.US.156.024.mapresults.02.desktop-1.kwrd=GGMETA.99977589USen-20260919-D-ABW=5-camp=-aud=-N&rateplanid=392609335&mpm=24&mpn=323714967&mpo=EC&mpp=1&locale=en_US&siteid=300000001 | https://www.google.com/travel/lodging/clk?pc=AA80OswSFRpGlM8-angszhyau_ZF9XCBpU7Q5t95gx_ETfQPdSv6S2WVnMo80KbVjPzO7rGKN3nKQBnJ2D1AC0N0viK4BwtauE29v507W_lPs0BYQUf2K7C349vmtSqNsJYKbAU2QQlm-RNHOt75yG9ylshU10CRz-gUTb9M6Jd-dqYnhrVOo2a2Zj65AOXQHbfD&pcurl=https://www.expedia.com/Hotel-Search?selected%3D99977589%26startDate%3D2026-09-19%26endDate%3D2026-09-20%26MDPCID%3DUS.META.HPA.HOTEL-ORGANIC-desktop.HOTEL%26MDPDTL%3DHTL.99977589.20260919.20260920.DDT.5.CID..AUDID..RRID.bex_us_desktop%26mctc%3D10%26ct%3Dhotel%26mpg%3DUSD%26mpf%3D64.81%26mpj%3D9.89%26mpr%3D0.00%26mpl%3DUSD%26exp_pg%3Dgoogle%26langid%3Den%26ad%3D2%26tp%3D%26utm_source%3Dgoogle%26utm_medium%3Dcpc%26utm_term%3D99977589%26utm_content%3Dmapresults%26utm_campaign%3DHotelAds%26langid%3D1033%26adults%3D2%26children%3D%26rrid%3Dbex_us_desktop%26rateplanid%3D392609356%26mpm%3D24%26mpn%3D323714976%26mpo%3DEC%26mpp%3D1&s=AD1XQnlgDXzJn4kFVUetOu9hF89p | https://www.expedia.com/Hotel-Search?selected=99977589&startDate=2026-09-19&endDate=2026-09-20&MDPCID=US.META.HPA.HOTEL-ORGANIC-desktop.HOTEL&MDPDTL=HTL.99977589.20260919.20260920.DDT.5.CID..AUDID..RRID.bex_us_desktop&mctc=10&ct=hotel&mpg=USD&mpf=64.81&mpj=9.89&mpr=0.00&mpl=USD&exp_pg=google&langid=en&ad=2&tp=&utm_source=google&utm_medium=cpc&utm_term=99977589&utm_content=mapresults&utm_campaign=HotelAds&langid=1033&adults=2&children=&rrid=bex_us_desktop&rateplanid=392609356&mpm=24&mpn=323714976&mpo=EC&mpp=1 | https://www.google.com/travel/lodging/clk?pc=AA80OswERLXw_14n5dQ7HtME4vE6doVtGY2i6UArl7XYZLVNM05y9GkVApgpdhFbvEmx5xBSU0I0j-5nzzUX0aCmtYwrhoEEU4ESSPcyxGhoJYjCjNDz5Mux6-rfQWM4JjQ7CDe8DHsyqgqpsuA3hUJ_NTKolAQDX_79KP9ph-4GbrkNkp9UTLYYBvixLQzd3G8&pcurl=https://www.orbitz.com/Hotel-Search?selected%3D99977589%26startDate%3D2026-09-19%26endDate%3D2026-09-20%26adults%3D2%26children%3D%26MDPCID%3DORBITZ-US.META.HPA.ORGANIC-desktop.HOTEL%26MDPDTL%3Dhtl.99977589.20260919.20260920.DDT.5.CID..AUDID..mapresults%26mpg%3DUSD%26mpf%3D64.81%26mpj%3D9.89%26mpr%3D0.00%26mctc%3D10%26rateplanid%3D392609356%26mpm%3D24%26mpn%3D323714976%26mpo%3DEC%26mpp%3D1&s=AD1XQnngHzwdXRiV5tLdvT8WTFpt | https://www.orbitz.com/Hotel-Search?selected=99977589&startDate=2026-09-19&endDate=2026-09-20&adults=2&children=&MDPCID=ORBITZ-US.META.HPA.ORGANIC-desktop.HOTEL&MDPDTL=htl.99977589.20260919.20260920.DDT.5.CID..AUDID..mapresults&mpg=USD&mpf=64.81&mpj=9.89&mpr=0.00&mctc=10&rateplanid=392609356&mpm=24&mpn=323714976&mpo=EC&mpp=1 | https://www.google.com/travel/lodging/clk?pc=AA80OsxiedPw17uO1O01u6mVlvBmCu_KKlJYi4roawPEHGTnGjmYM6Z2Lxosz77SEKF7UCe6JLQz3pqgTlCza0XNtEkmdiRXzC1Ti6_1rYyCGnEJNFn6ojEbidBiWsR1XsXwiKNUK0yiViDvmsn4Xm3ycxlqUSQnBCICjhT_JQtIuCMNy9lULqryXnmnXTlPkpiJ&pcurl=https://www.travelocity.com/Hotel-Search?selected%3D99977589%26startDate%3D2026-09-19%26endDate%3D2026-09-20%26adults%3D2%26children%3D%26MDPCID%3Dtravelocity-US.META.HPA.ORGANIC.HOTEL%26MDPDTL%3DHTL.99977589.20260919.20260920.DDT.5.CID..AUDID..mapresults%26mpg%3DUSD%26mpf%3D64.81%26mpj%3D9.89%26mpr%3D0.00%26mctc%3D10%26rateplanid%3D392609356%26mpm%3D24%26mpn%3D323714976%26mpo%3DEC%26mpp%3D1&s=AD1XQnkMTXa0AE6nVr_xnnWr3L8a | https://www.travelocity.com/Hotel-Search?selected=99977589&startDate=2026-09-19&endDate=2026-09-20&adults=2&children=&MDPCID=travelocity-US.META.HPA.ORGANIC.HOTEL&MDPDTL=HTL.99977589.20260919.20260920.DDT.5.CID..AUDID..mapresults&mpg=USD&mpf=64.81&mpj=9.89&mpr=0.00&mctc=10&rateplanid=392609356&mpm=24&mpn=323714976&mpo=EC&mpp=1 | https://www.google.com/travel/lodging/clk?pc=AA80Osyd8myRRSYGKe7wnRaiPQviVgfbhWlS39ptKdJ3PsQDzf02bxjIamfk4AvCkzIsF4N_Mc10dX93iXFqtckW50dfHyxzmejLZ0Rt9WLMtB_L4ofxW9kmIKMVDK7MVb7knH23qsdbNfN44COdWmI3PgJAeMZxtbUmZYGIiQI-NNNOjNyhP5tzzKbF48LI0hcsQnI3Lgs&pcurl=https://www.cheaptickets.com/Hotel-Search?selected%3D99977589%26startDate%3D2026-09-19%26endDate%3D2026-09-20%26MDPCID%3DCHEAPTICKETS-US.META.HPA.ORGANIC-desktop.HOTEL%26langid%3D1033%26adults%3D2%26children%3D%26MDPDTL%3Dhtl.99977589.20260919.20260920.DDT.5.CID..AUDID..mapresults%26mpg%3DUSD%26mpf%3D64.81%26mpj%3D9.89%26mpr%3D0.00%26mctc%3D10%26rateplanid%3D392609356%26rateplanid%3D392609356%26mpm%3D24%26mpn%3D323714976%26mpo%3DEC%26mpp%3D1&s=AD1XQnn2UHcozub3CyA9VK0YN92k | https://www.cheaptickets.com/Hotel-Search?selected=99977589&startDate=2026-09-19&endDate=2026-09-20&MDPCID=CHEAPTICKETS-US.META.HPA.ORGANIC-desktop.HOTEL&langid=1033&adults=2&children=&MDPDTL=htl.99977589.20260919.20260920.DDT.5.CID..AUDID..mapresults&mpg=USD&mpf=64.81&mpj=9.89&mpr=0.00&mctc=10&rateplanid=392609356&rateplanid=392609356&mpm=24&mpn=323714976&mpo=EC&mpp=1 | https://www.google.com/travel/lodging/clk?pc=AA80OsxOJpVh7Imlh5C6AYarVerZjgZcDfwD5Z3wr2EDO3nTC4SPMVbRjRBY1o1sueUtAKYIncg-Hd-hiPwsIn_FNspvQ_lFj_pm8DUdj8AxUHqy4z7BO9qcty_3m1bnhbRUXUros4vb9AcyDe27cFIamg9xPRJolNuOBtqvJkIPG53tgvDPga1Ydx1vF90rTWdgww&pcurl=https://h-en.reserving.com/search?i%3D7103%26rf%3DGOOGLEHOTELS%26portal%3Drsvcom%26lang%3Den%26auto%3D1%26tipo%3DS%26id%3D1522105%26numero_habs%3D1%26no_adultos_hab1%3D2%26no_ninos_hab1%3D0%26fecha_entrada%3D19%252F09%252F2026%26fecha_salida%3D20%252F09%252F2026%26refp%3D91.67%26campaing-id%3D%26tp%3D%26moneda%3DUSD%26device%3Ddesktop%26pais_dom%3DUS%26sg%3Db%3D77.88,b$%3DUSD,bhab%3D143,big%3D2026-09-19T22:59:00%2B02:00,bmid%3D100,bpd%3Des,bpt%3D10.74,breg%3D12,bt%3D1.34,bwp%3Dwzl957G9Fi4,ts%3D2026-09-14T07:00:32%2B02:00/B:CCDB4E4285C0D289FDF957DCA94355321124AA9B85218DF83838902F%26c3%3Dmode%3DP,d%3D2,ts_id%3D362032754853262%26r%3DCAMPAIGN-ID%3D;TRACKING-PARAM%3D;CUSTOM1%3D;PRICE-DISPLAYED-TOTAL%3D91.67;DEFAULT-DATE%3D1;CLICK-TYPE%3Dhotel;USER-COUNTRY%3DUS;DEVICE%3Ddesktop;SITE%3Dmapresults;USER-LANGUAGE%3Den;USER-CURRENCY%3DUSD;POS%3DALL-ALL-ALL-RSVCOM;AD-CLICK%3D0;PAYMENT-ID%3Dfree;C2%3Db%3D77.88,b$%3DUSD,bhab%3D143,big%3D2026-09-19T22:59:00%2B02:00,bmid%3D100,bpd%3Des,bpt%3D10.74,breg%3D12,bt%3D1.34,bwp%3Dwzl957G9Fi4,ts%3D2026-09-14T07:00:32%2B02:00/B:CCDB4E4285C0D289FDF957DCA94355321124AA9B85218DF83838902F;C3%3Dmode%3DP,d%3D2,ts_id%3D362032754853262&s=AD1XQnmA6CP7G3kJBOMJdn34U6Ip | https://h-en.reserving.com/search?i=7103&rf=GOOGLEHOTELS&portal=rsvcom&lang=en&auto=1&tipo=S&id=1522105&numero_habs=1&no_adultos_hab1=2&no_ninos_hab1=0&fecha_entrada=19/09/2026&fecha_salida=20/09/2026&refp=91.67&campaing-id=&tp=&moneda=USD&device=desktop&pais_dom=US&sg=b=77.88,b$=USD,bhab=143,big=2026-09-19T22:59:00+02:00,bmid=100,bpd=es,bpt=10.74,breg=12,bt=1.34,bwp=wzl957G9Fi4,ts=2026-09-14T07:00:32+02:00/B:CCDB4E4285C0D289FDF957DCA94355321124AA9B85218DF83838902F&c3=mode=P,d=2,ts_id=362032754853262&r=CAMPAIGN-ID=;TRACKING-PARAM=;CUSTOM1=;PRICE-DISPLAYED-TOTAL=91.67;DEFAULT-DATE=1;CLICK-TYPE=hotel;USER-COUNTRY=US;DEVICE=desktop;SITE=mapresults;USER-LANGUAGE=en;USER-CURRENCY=USD;POS=ALL-ALL-ALL-RSVCOM;AD-CLICK=0;PAYMENT-ID=free;C2=b=77.88,b$=USD,bhab=143,big=2026-09-19T22:59:00+02:00,bmid=100,bpd=es,bpt=10.74,breg=12,bt=1.34,bwp=wzl957G9Fi4,ts=2026-09-14T07:00:32+02:00/B:CCDB4E4285C0D289FDF957DCA94355321124AA9B85218DF83838902F;C3=mode=P,d=2,ts_id=362032754853262 | https://www.google.com/maps/search/?api=1&query=Silverstone%20Apartments&query_place_id=ChIJp0jtmYARLxgRGu7LBdO66xo | https://www.google.com/maps/search/Hotel/@-1.2903779499999999,36.7896402,17.00233721470589z?hl=en | https://lh3.googleusercontent.com/gps-cs-s/AHRPTWmCSscgkp2WxXhrHCADDmQceSd0ksRlF6TlPJtjzaXqWWT2xrmldgUt3L9Ny8KapN8vABPvS9HPYP6kh2TE8LaCd8C17fJQOUXvNSCAzD13qmZwKcizJgjV1pucccZtDqoXktU=w408-h342-k-no",https://www.google.com/maps/search/?api=1&query=Silverstone%20Apartments&query_place_id=ChIJp0jtmYARLxgRGu7LBdO66xo,ChIJp0jtmYARLxgRGu7LBdO66xo,False
Westside Residency,Apartment complex,"PQ3H+MCR, Nairobi, Kenya",+254 740 410544,,,,,"https://www.google.com/maps/search/?api=1&query=Westside%20Residency&query_place_id=ChIJf1J1KnUaLxgRFnMxFVCcOY4 | https://www.google.com/maps/search/Hotel/@-1.296413588499247,36.76508901669314,16z?hl=en | https://lh3.googleusercontent.com/gps-cs-s/AHRPTWmIEFLMpZb5MzZBffLc_PQO-OfBd4YoOoZMz6sezLAzl-FkjtzXpSSkDcRoRazPWkmws8eYMv-I3-hqa8kBwXaLz65aJQBw3jAoSplcpLR7M4APQ6J0_YZg21VQlmDD1WVcTaGC=w408-h306-k-no",https://www.google.com/maps/search/?api=1&query=Westside%20Residency&query_place_id=ChIJf1J1KnUaLxgRFnMxFVCcOY4,ChIJf1J1KnUaLxgRFnMxFVCcOY4,False
The Prince Restaurant,Arab restaurant,"66 Ring Rd Kilimani, Nairobi, Kenya",+254 735 959595,,,,,"https://www.google.com/maps/search/?api=1&query=The%20Prince%20Restaurant&query_place_id=ChIJkcuDcb4RLxgR5E64eC-VTZg | https://www.google.com/maps/search/restaurant/@-1.296413588499247,36.78227498330685,16z?hl=en | https://lh3.googleusercontent.com/gps-cs-s/AHRPTWn1yQNw9gtbn8ytkLn-lsel6LCaFdyo5TB_ThUKMsx2OT1UYjzK-ttrflLmpCi181ZiXB6d9gyE3FFuE6N0LaXucZ2KbbPSWaySn40I8i4_bcrhLwQjvBPHM4tqVRNgNcA8jA=w408-h725-k-no",https://www.google.com/maps/search/?api=1&query=The%20Prince%20Restaurant&query_place_id=ChIJkcuDcb4RLxgR5E64eC-VTZg,ChIJkcuDcb4RLxgR5E64eC-VTZg,False
White Star Restaurant,Arab restaurant,"MQXJ+M63, Adams Arcade, Ngong Rd, Nairobi, Kenya",+254 719 227222,,,,,"https://www.google.com/maps/search/?api=1&query=White%20Star%20Restaurant&query_place_id=ChIJsTGSLnIbLxgRSf4Qk3D3sIg | https://www.google.com/maps/search/restaurant/@-1.296413588499247,36.78227498330685,16z?hl=en | https://lh3.googleusercontent.com/gps-cs-s/AHRPTWmwH8WC7juFOn7AFEZLXVGGFMyz8N-L9Gm1qgH3TicY_-Nw_5yY3dCGy2gI_yMU3xfQD33zdDnK0ad5jTAk6NI4KCwZWfVjA8Wlj1c1mmq0ByqUWpi9UTBcMFWJKJXbCrFUzVGf=w408-h306-k-no",https://www.google.com/maps/search/?api=1&query=White%20Star%20Restaurant&query_place_id=ChIJsTGSLnIbLxgRSf4Qk3D3sIg,ChIJsTGSLnIbLxgRSf4Qk3D3sIg,False
Mandvi dabeli langata,Asian restaurant,"MR94+RQH, Nairobi, Kenya",,,,,,"https://www.google.com/maps/search/?api=1&query=Mandvi%20dabeli%20langata&query_place_id=ChIJtQxyNwARLxgR2J9TPqzosyA | https://www.google.com/maps/search/restaurant/@-1.3307757371669178,36.81664691653427,16z?hl=en | https://streetviewpixels-pa.googleapis.com/v1/thumbnail?panoid=Ul57YO4pQbRSxgXKAWVFqw&cb_client=search.gws-prod.gps&w=408&h=240&yaw=5.708875&pitch=0&thumbfov=100",https://www.google.com/maps/search/?api=1&query=Mandvi%20dabeli%20langata&query_place_id=ChIJtQxyNwARLxgR2J9TPqzosyA,ChIJtQxyNwARLxgR2J9TPqzosyA,False
MENU by Hanam Flavour,Asian restaurant,"PQ6H+V64, Nairobi, Kenya",,,,,,"https://www.google.com/maps/search/?api=1&query=MENU%20by%20Hanam%20Flavour&query_place_id=ChIJYQDMHAAbLxgRHUrgTWATzOM | https://www.google.com/maps/search/restaurant/@-1.2895935545454547,36.773318836363636,17.002337659462743z?hl=en | https://lh3.googleusercontent.com/gps-cs-s/AHRPTWlMUkNMH_w0LbOvtk7VjBKKI87EvkZrGUkfWN-NcaLWkVZ_dKJG1R8oKBqa-okIl4FRd6G1LeFvMJbSW7TlkeVQt9VaGhF6IfXNSw-rQN7NYdNzDWX7DB5HlbutDbSPybGyuUQc0HJMQpe_=w408-h408-k-no",https://www.google.com/maps/search/?api=1&query=MENU%20by%20Hanam%20Flavour&query_place_id=ChIJYQDMHAAbLxgRHUrgTWATzOM,ChIJYQDMHAAbLxgRHUrgTWATzOM,False
Tian Shi Restaurant,Asian restaurant,"PQ3Q+3C, Nairobi, Kenya",,,,,,"https://www.google.com/maps/search/?api=1&query=Tian%20Shi%20Restaurant&query_place_id=ChIJFYGOhAARLxgR4gnA6k3FIJ0 | https://www.google.com/maps/search/restaurant/@-1.296413588499247,36.78227498330685,16z?hl=en | https://lh3.googleusercontent.com/gps-cs-s/AHRPTWmPjG3_-laPXIS5WAkYIlHm1Kl3beg3V1qJOHqZzeOuoYaJpGKsHxupIXxYCeSUzU1KMd8JLgLfPurZ5oNpgB68usC0OWtnC_q7WA8BqdTPK8-PGUXj2bWsf-9hCXeqTnU20K8=w408-h305-k-no",https://www.google.com/maps/search/?api=1&query=Tian%20Shi%20Restaurant&query_place_id=ChIJFYGOhAARLxgR4gnA6k3FIJ0,ChIJFYGOhAARLxgR4gnA6k3FIJ0,False
泰国菜,Asian restaurant,"PQ3J+229, Nairobi, Kenya",,,,,,"https://www.google.com/maps/search/?api=1&query=%E6%B3%B0%E5%9B%BD%E8%8F%9C&query_place_id=ChIJ-VqDZgAbLxgRf7B38GgFTcQ | https://www.google.com/maps/search/restaurant/@-1.2955217,36.7736869,17.002334291465527z?hl=en",https://www.google.com/maps/search/?api=1&query=%E6%B3%B0%E5%9B%BD%E8%8F%9C&query_place_id=ChIJ-VqDZgAbLxgRf7B38GgFTcQ,ChIJ-VqDZgAbLxgRf7B38GgFTcQ,False
Acai Love,Açaí shop,"Business Center, Suguta Rd, Nairobi, Kenya",+254 713 033340,,,,,"https://www.google.com/maps/search/?api=1&query=Acai%20Love&query_place_id=ChIJpwBqG8EbLxgRcArct5sNcy4 | https://www.google.com/maps/search/restaurant/@-1.2895935545454547,36.773318836363636,17.002337659462743z?hl=en | https://lh3.googleusercontent.com/gps-cs-s/AHRPTWmLmC7cjGIjktixRh6zve6_KNUS8VOPE2_4qDxDYf5a2YQ6jzIACL9tKiWAJEC5uXOmxTWg989uDa3M5WhyvJnFOmV9LrG8AI0kcu-Apo5xswlsAETa9iFXygI_amX4Uw6B5pP8p3s3smti=w408-h544-k-no",https://www.google.com/maps/search/?api=1&query=Acai%20Love&query_place_id=ChIJpwBqG8EbLxgRcArct5sNcy4,ChIJpwBqG8EbLxgRcArct5sNcy4,False
Homepub Langata,Bar,"Kungu Karumba Rd, Nairobi, Kenya",+254 723 895894,,,,,"https://www.google.com/maps/search/?api=1&query=Homepub%20Langata&query_place_id=ChIJSSBqZp4aLxgRcVwfNic8y6o | https://www.google.com/maps/search/restaurant/@-1.3307757371669178,36.78227498330685,16z?hl=en | https://lh3.googleusercontent.com/gps-cs-s/AHRPTWnWCTyhW9rESQBeiFGXWtjRmt8iAyW8OV4v9JLqARlKxj5v1UPhKs5T0t4jTpVs-9tBG05Nv3UAlaSWPCTLBY_Lm9nXwBcQVee3bueHPNdbCtAZMr5YBek4K4JEPgWeVt7RicdTJQ=w408-h544-k-no",https://www.google.com/maps/search/?api=1&query=Homepub%20Langata&query_place_id=ChIJSSBqZp4aLxgRcVwfNic8y6o,ChIJSSBqZp4aLxgRcVwfNic8y6o,False
Jomwa Bar & Restaurant,Bar,"Nairobi, Kenya",,,,,,"https://www.google.com/maps/search/?api=1&query=Jomwa%20Bar%20%26%20Restaurant&query_place_id=ChIJ086EU2QQLxgRHXbDgE8sMHg | https://www.google.com/maps/search/restaurant/@-1.3135946628330823,36.78227498330685,16z?hl=en | https://streetviewpixels-pa.googleapis.com/v1/thumbnail?panoid=sZg7yzX9npY7bAgwWtw4dg&cb_client=search.gws-prod.gps&w=408&h=240&yaw=76.37515&pitch=0&thumbfov=100",https://www.google.com/maps/search/?api=1&query=Jomwa%20Bar%20%26%20Restaurant&query_place_id=ChIJ086EU2QQLxgRHXbDgE8sMHg,ChIJ086EU2QQLxgRHXbDgE8sMHg,False
Mosaigo Hotel,Bar,"MQXR+M5X, Behind Presitage Plaza, Ngong Rd, Nairobi, Kenya",,,,,,"https://www.google.com/maps/search/?api=1&query=Mosaigo%20Hotel&query_place_id=ChIJV8MxSZoQLxgRDdAkwQcrJFI | https://www.google.com/maps/search/Hotel/@-1.296413588499247,36.78227498330685,16z?hl=en | https://streetviewpixels-pa.googleapis.com/v1/thumbnail?panoid=X-awEAIHSoihjruFFrKSgg&cb_client=search.gws-prod.gps&w=408&h=240&yaw=4.8397994&pitch=0&thumbfov=100",https://www.google.com/maps/search/?api=1&query=Mosaigo%20Hotel&query_place_id=ChIJV8MxSZoQLxgRDdAkwQcrJFI,ChIJV8MxSZoQLxgRDdAkwQcrJFI,False
New Winter Bar & restaurant,Bar,"MQRJ+429, Nairobi, Kenya",,,,,,"https://www.google.com/maps/search/?api=1&query=New%20Winter%20Bar%20%26%20restaurant&query_place_id=ChIJ1TOFpn8aLxgR3r-hR8l9dfw | https://www.google.com/maps/search/restaurant/@-1.3135946628330823,36.78227498330685,16z?hl=en | https://streetviewpixels-pa.googleapis.com/v1/thumbnail?panoid=zUuQet1C6eYrKRZERAsnnw&cb_client=search.gws-prod.gps&w=408&h=240&yaw=259.4117&pitch=0&thumbfov=100",https://www.google.com/maps/search/?api=1&query=New%20Winter%20Bar%20%26%20restaurant&query_place_id=ChIJ1TOFpn8aLxgR3r-hR8l9dfw,ChIJ1TOFpn8aLxgR3r-hR8l9dfw,False
216 Lounge - Choma Base,Bar & grill,"216 Lounge off Langata Rd, Silanga Road, Nairobi, Kenya",+254 720 097604,,,,,"https://www.google.com/maps/search/?api=1&query=216%20Lounge%20-%20Choma%20Base&query_place_id=ChIJAW2dY3YbLxgRnVAvGX18pQo | https://www.google.com/maps/search/restaurant/@-1.3479568115007532,36.74790305007943,16z?hl=en | https://lh3.googleusercontent.com/gps-cs-s/AHRPTWkuGsI_ZLgDXF8zi5NMOmnyrErCbdsQ4bBqfOm9Mzi4V9Wj7oF4P4Le1XlFqckrr0pFFISn_Ze2F0h1d1MS6MeYNLEOMzHn8uiwM7UIXomv6cWmZiMQeB_g27iYanILrc9Zvy8S=w427-h240-k-no",https://www.google.com/maps/search/?api=1&query=216%20Lounge%20-%20Choma%20Base&query_place_id=ChIJAW2dY3YbLxgRnVAvGX18pQo,ChIJAW2dY3YbLxgRnVAvGX18pQo,False
AV LOUNGE,Bar & grill,"Mbaazi Avenue, off Kingara Rd, Kenya",+254 794 897249,,,,,"https://www.google.com/maps/search/?api=1&query=AV%20LOUNGE&query_place_id=ChIJb_kSGY4bLxgR__EjVjFpZN0 | https://www.google.com/maps/search/restaurant/@-1.292292,36.7671123,17.00233612829275z?hl=en | https://lh3.googleusercontent.com/gps-cs-s/AHRPTWlILRMv81a-xbE6cWPeMrcFkG9doLALwy5pwi0O9uIpk3yGXqvTWEn4qyOu_PUUXf1HpQObMVomLzl6EPpCjs85lPUY9aNZugKlBHSJFFksiFBdE5RfEXVj_QZpbOtAGN_UqCpuXg=w408-h543-k-no",https://www.google.com/maps/search/?api=1&query=AV%20LOUNGE&query_place_id=ChIJb_kSGY4bLxgR__EjVjFpZN0,ChIJb_kSGY4bLxgR__EjVjFpZN0,False
COCO SPORTS BAR,Bar & grill,"Muringa Groove, Nairobi, Kenya",+254 792 059666,,,,,"https://www.google.com/maps/search/?api=1&query=COCO%20SPORTS%20BAR&query_place_id=ChIJ27wGZTgRLxgRp8YusMAg390 | https://www.google.com/maps/search/restaurant/@-1.293340725,36.778052200000005,17.00233553235424z?hl=en | https://lh3.googleusercontent.com/gps-cs-s/AHRPTWkUcPQw14cj9nLQgKJs_13DqltZ5Fpq3yqcxqDHZwjPXGZfC-vwpGxke6U7lhGZJ_mwVWLk3w7N-Yotf2ctMjKYB7lf31L2c9-HnP6Y_ED0OnF-gUN33A9lkVKZq7TLpOoEczt-b99KLjBu=w408-h544-k-no",https://www.google.com/maps/search/?api=1&query=COCO%20SPORTS%20BAR&query_place_id=ChIJ27wGZTgRLxgRp8YusMAg390,ChIJ27wGZTgRLxgRp8YusMAg390,False
Espresso Venice,Bar & grill,"Suite 101, Applewood Adams Adams Arcade, Ngong Rd, Nairobi, Kenya",+254 796 018253,,,,,"https://www.google.com/maps/search/?api=1&query=Espresso%20Venice&query_place_id=ChIJZ-uc9QgbLxgRDcOcbwzuUac | https://www.google.com/maps/search/restaurant/@-1.2999357,36.7739766,17.00233177367389z?hl=en | https://lh3.googleusercontent.com/gps-cs-s/AHRPTWmsBGOAC6tj_vuvD429XCvDnXN1MQBZDXYkVYf_H5lfCRC8IW3GfqkcCXTUFUOXkOZqkJolnC0ccONQINBcXpd1ERdXv-bi_By8qIV64hJmFMOHf4F6GJJeTDXbPbwpkdsUUaTB=w408-h544-k-no",https://www.google.com/maps/search/?api=1&query=Espresso%20Venice&query_place_id=ChIJZ-uc9QgbLxgRDcOcbwzuUac,ChIJZ-uc9QgbLxgRDcOcbwzuUac,False
Flintstone Bar and Restaurant,Bar & grill,"MQXH+R9, Nairobi, Kenya",+254 716 403821,,,,,"https://www.google.com/maps/search/?api=1&query=Flintstone%20Bar%20and%20Restaurant&query_place_id=ChIJ24LsdM4bLxgRAHjrKg1rn-g | https://www.google.com/maps/search/restaurant/@-1.296413588499247,36.76508901669314,16z?hl=en | https://lh3.googleusercontent.com/gps-cs-s/AHRPTWmvDXk9nA6-jVilSlYq8udkjP5knrfXhMUbuYbs6ZW3la3O4TFNLSYkNhNOxkqWJuto_8pD8pOZwQOJ4T8eZ1W-ivW5RjrypETwVbWMNH3YV77yR2UO2kEPUL086x1hB2buKN0OHA=w408-h306-k-no",https://www.google.com/maps/search/?api=1&query=Flintstone%20Bar%20and%20Restaurant&query_place_id=ChIJ24LsdM4bLxgRAHjrKg1rn-g,ChIJ24LsdM4bLxgRAHjrKg1rn-g,False
FRENZY LOUNGE,Bar & grill,"Langata Rd, Nairobi, Kenya",+254 700 872999,,,,,"https://www.google.com/maps/search/?api=1&query=FRENZY%20LOUNGE&query_place_id=ChIJT1CpWgAbLxgRRqij5HzwbX8 | https://www.google.com/maps/search/restaurant/@-1.3479568115007532,36.74790305007943,16z?hl=en | https://lh3.googleusercontent.com/gps-cs-s/AHRPTWntRVExu81Svpa3NKThyj56GzNlvRyNhP4TWa4I_t9i_sbPpxyGm9py1l7svmy2xtyb88XFxG1IWl_9g9otcV_7MrMxoraRw1J5HlUeMAMZ5spYRp4d0iY1SUSIuCO8irnksaDaiA=w408-h544-k-no",https://www.google.com/maps/search/?api=1&query=FRENZY%20LOUNGE&query_place_id=ChIJT1CpWgAbLxgRRqij5HzwbX8,ChIJT1CpWgAbLxgRRqij5HzwbX8,False
Friery Peach Pub & Restaurant,Bar & grill,"PQ4X+26G, Nairobi, Kenya",+254 20 2736386,,,,,"https://www.google.com/maps/search/?api=1&query=Friery%20Peach%20Pub%20%26%20Restaurant&query_place_id=ChIJ4-pw4r0QLxgR16csVZr9Cds | https://www.google.com/maps/search/restaurant/@-1.296413588499247,36.79946094992056,16z?hl=en | https://lh3.googleusercontent.com/gps-proxy/ALd4DhHotW1czVsZwkkoMnyXDy3xLt_i5HmFdqHUlymulviy1uAffkKJeQtgiAlekI74Ro4XEIlIW_NS20NXc0-6WkZb8-MxeE3nSMZ-ZJqDZU9lwUNERa7mHYsiGjZzDgQpyxoed-n_nnbSVRhkID1hQmRj3E-_X1_4GbEEzpP17B7jS5kYrXpeDpIR3kRkxkI80Ob5F24=w408-h306-k-no",https://www.google.com/maps/search/?api=1&query=Friery%20Peach%20Pub%20%26%20Restaurant&query_place_id=ChIJ4-pw4r0QLxgR16csVZr9Cds,ChIJ4-pw4r0QLxgR16csVZr9Cds,False
GINGER TAVERN LIQUORS,Bar & grill,"Mini Mall behind Valley Arcade, Hendred Avenue, Nairobi, NAIROBI, Kenya",+254 140 003074,,,,,"https://www.google.com/maps/search/?api=1&query=GINGER%20TAVERN%20LIQUORS&query_place_id=ChIJgdnsJoQbLxgRyUMzpbYS-u8 | https://www.google.com/maps/search/restaurant/@-1.2895935545454547,36.773318836363636,17.002337659462743z?hl=en | https://lh3.googleusercontent.com/gps-cs-s/AHRPTWkgooitr9_U20MfJfOLF8dVoBeMOPAOOyS6o1kgw6w_MublcFkE39-hwwIhDjlWcRwz5xFot4b9xM40ysFs9-N8W9yFsGgVOnlc54LAmTIPqunD5YtHw3ePV-J-iYzrSyPLiTpzQ5BJ2tuo=w408-h272-k-no",https://www.google.com/maps/search/?api=1&query=GINGER%20TAVERN%20LIQUORS&query_place_id=ChIJgdnsJoQbLxgRyUMzpbYS-u8,ChIJgdnsJoQbLxgRyUMzpbYS-u8,False
Governors Pub,Bar & grill,"MQX4+WGX Dagoretti Corner, Karandini Rd, Nairobi, Kenya",,,,,,"https://www.google.com/maps/search/?api=1&query=Governors%20Pub&query_place_id=ChIJe57KYEEaLxgR6nRbHjUDtqs | https://www.google.com/maps/search/restaurant/@-1.30206825,36.7531745,17.002330554175863z?hl=en | https://streetviewpixels-pa.googleapis.com/v1/thumbnail?panoid=oor5L9RpHwuZntOiqijM_Q&cb_client=search.gws-prod.gps&w=408&h=240&yaw=111.77523&pitch=0&thumbfov=100",https://www.google.com/maps/search/?api=1&query=Governors%20Pub&query_place_id=ChIJe57KYEEaLxgR6nRbHjUDtqs,ChIJe57KYEEaLxgR6nRbHjUDtqs,False
Jojen Bar,Bar & grill,"MQX4+XJ7, Jojen House, Dagoreti Corner, Ngong Rd, Nairobi, Kenya",+254 20 2010544,,,,,"https://www.google.com/maps/search/?api=1&query=Jojen%20Bar&query_place_id=ChIJ3y6eYUEaLxgRBu7788jsfAc | https://www.google.com/maps/search/restaurant/@-1.2983534384615385,36.76283634615385,17.002332677197412z?hl=en | https://lh3.googleusercontent.com/gps-cs-s/AHRPTWmBRjPAJ6TGkYnzbNTdDL3Dw_XrX44x9sVCdQUL-8yMHbifGdpVm1RZ0L9f7E-YN5eNl3bI5BxtnOc_jujOKom8wipQkYMsegVQGj6t4bRA-Rx4ZT8eROFmqnE5BsdHsjJQ5pzI=w426-h240-k-no",https://www.google.com/maps/search/?api=1&query=Jojen%20Bar&query_place_id=ChIJ3y6eYUEaLxgRBu7788jsfAc,ChIJ3y6eYUEaLxgRBu7788jsfAc,False
levels lounge lavington,Bar & grill,"King'ara road, Nairobi, Kenya",,,,,,"https://www.google.com/maps/search/?api=1&query=levels%20lounge%20lavington&query_place_id=ChIJBXbu5DQbLxgRBSczhhDimtU | https://www.google.com/maps/search/restaurant/@-1.292292,36.7671123,17.00233612829275z?hl=en | https://lh3.googleusercontent.com/gps-cs-s/AHRPTWliAjQIUuKnw1xm9lYozej3J6Gb0PvIb4MQg3O5m5HgtdRYLnqGvo5XnNUWfmBZBzpE1Df-aogUoT5upC4rzuowKfjx6OmHYQs9BH7MHWPjzWJowqE5b2cjPHPEbGk9sb9MKIOZAWhUSuoC=w408-h724-k-no",https://www.google.com/maps/search/?api=1&query=levels%20lounge%20lavington&query_place_id=ChIJBXbu5DQbLxgRBSczhhDimtU,ChIJBXbu5DQbLxgRBSczhhDimtU,False
Little Califu bar & restaurant.,Bar & grill,"MQM4+M2R, Showground, Nairobi, Kenya",+254 742 198415,,,,,"https://www.google.com/maps/search/?api=1&query=Little%20Califu%20bar%20%26%20restaurant.&query_place_id=ChIJeQWDfF8bLxgRoUCvrFmJoJg | https://www.google.com/maps/search/restaurant/@-1.3135946628330823,36.76508901669314,16z?hl=en",https://www.google.com/maps/search/?api=1&query=Little%20Califu%20bar%20%26%20restaurant.&query_place_id=ChIJeQWDfF8bLxgRoUCvrFmJoJg,ChIJeQWDfF8bLxgRoUCvrFmJoJg,False
Mambo Jambo Restaurant & Pub,Bar & grill,"23 Ngong Road, Kenya",+254 114 099090,,,,,"https://www.google.com/maps/search/?api=1&query=Mambo%20Jambo%20Restaurant%20%26%20Pub&query_place_id=ChIJB2gStiMbLxgRI2G1br6r10w | https://www.google.com/maps/search/restaurant/@-1.296413588499247,36.76508901669314,16z?hl=en | https://lh3.googleusercontent.com/gps-cs-s/AHRPTWmnHsJ2L6xgr7CmRWt8n2ye8DJ8BwFm2xQcRaqpr0HXxvdnceP5PS99yStoJYatTc8bDAi8HaU3REwrirowwIh-Upnonjuuwgk75kNg3Vc0HYUuoxXeEY9isQTItkRadqzrWpxxOA=w426-h240-k-no",https://www.google.com/maps/search/?api=1&query=Mambo%20Jambo%20Restaurant%20%26%20Pub&query_place_id=ChIJB2gStiMbLxgRI2G1br6r10w,ChIJB2gStiMbLxgRI2G1br6r10w,False
Maziwa arcade,Bar & grill,"Riara Ln, Nairobi, Kenya",+254 732 462055,,,,,"https://www.google.com/maps/search/?api=1&query=Maziwa%20arcade&query_place_id=ChIJh3yPzJ0bLxgRLfY23DH6c4M | https://www.google.com/maps/search/restaurant/@-1.2955217,36.7736869,17.002334291465527z?hl=en | https://lh3.googleusercontent.com/gps-cs-s/AHRPTWko6sm1cyl2UpGcWmJ6NFkzuh2EkOdLMKJqdl2pA_Sd-TDEHbq8WY15mlMa1AgN9gcvE1dFaN7IEdYfnFAh8R2rH_v9ayCAJsRpyn6agEbNMy3PF8Nwk_UE0RzEbANoBgP1VVLz=w408-h725-k-no",https://www.google.com/maps/search/?api=1&query=Maziwa%20arcade&query_place_id=ChIJh3yPzJ0bLxgRLfY23DH6c4M,ChIJh3yPzJ0bLxgRLfY23DH6c4M,False
Nemesis Bar and Grill,Bar & grill,"JQW4+QMM, Bogani E Rd, Nairobi, Kenya",+254 786 181793,,,,,"https://www.google.com/maps/search/?api=1&query=Nemesis%20Bar%20and%20Grill&query_place_id=ChIJMTzBChAFLxgR0_0AgHCgm9w | https://www.google.com/maps/search/restaurant/@-1.3479568115007532,36.74790305007943,16z?hl=en | https://lh3.googleusercontent.com/gps-cs-s/AHRPTWkxDctedP4MoOj-ECL5iy9y9gBltPzRlt1Cg5gy6OGHm9pVkm3o4Dx64WaC2jD-beZBsvgYspVprCDLAwdj32jbAlpsv2nLGopSKtV1BHF3y8gOgW2oKAX_kq6ljqmqCvZrhK2U2A=w426-h240-k-no",https://www.google.com/maps/search/?api=1&query=Nemesis%20Bar%20and%20Grill&query_place_id=ChIJMTzBChAFLxgR0_0AgHCgm9w,ChIJMTzBChAFLxgR0_0AgHCgm9w,True
PrimeJoy,Bar & grill,"PQ6M+5M5, Githurai, Kenya",,,,,,"https://www.google.com/maps/search/?api=1&query=PrimeJoy&query_place_id=ChIJgfkeXAARLxgRaXUu3bOcMyY | https://www.google.com/maps/search/restaurant/@-1.293340725,36.778052200000005,17.00233553235424z?hl=en | https://streetviewpixels-pa.googleapis.com/v1/thumbnail?panoid=TvES9do-AngH2GKXf_x7tg&cb_client=search.gws-prod.gps&w=408&h=240&yaw=213.30008&pitch=0&thumbfov=100",https://www.google.com/maps/search/?api=1&query=PrimeJoy&query_place_id=ChIJgfkeXAARLxgRaXUu3bOcMyY,ChIJgfkeXAARLxgRaXUu3bOcMyY,False
Roberto Cavalli Restaurant & Bar,Bar & grill,"Westfield Mall, Gitanga Rd, Nairobi, Kenya",,,,,,"https://www.google.com/maps/search/?api=1&query=Roberto%20Cavalli%20Restaurant%20%26%20Bar&query_place_id=ChIJ-cKobgQbLxgRcgxBbSWKGLs | https://www.google.com/maps/search/restaurant/@-1.296413588499247,36.76508901669314,16z?hl=en | https://lh3.googleusercontent.com/gps-cs-s/AHRPTWljKtBytQRZY1KuZll5eCVUSsBeiL7PegT5ZtIwpjLliLEJF8iXi4wc-mARNmMNvm701kKt2wXly5C7dpuPSV2Cxy6PwpTgRJQmlSVK8FPEyrAL1pBRDtjYJMPXaBc-bgKMyYrR=w408-h272-k-no",https://www.google.com/maps/search/?api=1&query=Roberto%20Cavalli%20Restaurant%20%26%20Bar&query_place_id=ChIJ-cKobgQbLxgRcgxBbSWKGLs,ChIJ-cKobgQbLxgRcgxBbSWKGLs,False
SEVENS PUB AND GRILL,Bar & grill,"PP4R+93C, Nairobi, Kenya",,,,,,"https://www.google.com/maps/search/?api=1&query=SEVENS%20PUB%20AND%20GRILL&query_place_id=ChIJB8ziwjQaLxgRHuhhp-DvVEA | https://www.google.com/maps/search/restaurant/@-1.296413588499247,36.73071708346572,16z?hl=en | https://lh3.googleusercontent.com/gps-cs-s/AHRPTWkJoikSo4biHEGlCXsx9H8hgvlEIplc7aGxIrNYfefcQS9DMI7DI0sQ620zczt-9m1R93dxnH0zcTC359XuEL4psUxrNiNuMWwOIi-BubBEZSiJofBzUpgAP_mbteW35FRbt4x8=w408-h306-k-no",https://www.google.com/maps/search/?api=1&query=SEVENS%20PUB%20AND%20GRILL&query_place_id=ChIJB8ziwjQaLxgRHuhhp-DvVEA,ChIJB8ziwjQaLxgRHuhhp-DvVEA,False
The Lockdown lounge and Grill,Bar & grill,"Igiria.Kirui Rd, Nairobi, Kenya",+254 721 936459,,,,,"https://www.google.com/maps/search/?api=1&query=The%20Lockdown%20lounge%20and%20Grill&query_place_id=ChIJ1aCEuYkbLxgR6pon1tt4x9g | https://www.google.com/maps/search/restaurant/@-1.30206825,36.7531745,17.002330554175863z?hl=en | https://lh3.googleusercontent.com/gps-cs-s/AHRPTWlKuJhJCGkHk_osah6hcEGEfDcz66kzMqrvwJVJ3qjKJGCv8NPotxcHWRMBLdU0_HJd8qZbR7dX2bi1YU8mOkSj2RmzEFKTyQppvGiQyIfOf1pgdDsZNjwwkBPFtf7aW0bDtNkN=w408-h725-k-no",https://www.google.com/maps/search/?api=1&query=The%20Lockdown%20lounge%20and%20Grill&query_place_id=ChIJ1aCEuYkbLxgR6pon1tt4x9g,ChIJ1aCEuYkbLxgR6pon1tt4x9g,False
"The Nest, Kesit Bar & Restaurant",Bar & grill,"MQFH+G8M, Police Dog Unit Rd, Nairobi, Kenya",,,,,,"https://www.google.com/maps/search/?api=1&query=The%20Nest%2C%20Kesit%20Bar%20%26%20Restaurant&query_place_id=ChIJfS4mbt8bLxgR46aYuR5ZpI8 | https://www.google.com/maps/search/restaurant/@-1.3307757371669178,36.78227498330685,16z?hl=en",https://www.google.com/maps/search/?api=1&query=The%20Nest%2C%20Kesit%20Bar%20%26%20Restaurant&query_place_id=ChIJfS4mbt8bLxgR46aYuR5ZpI8,ChIJfS4mbt8bLxgR46aYuR5ZpI8,False
The Orchid Lounge & Grill,Bar & grill,"Kenya Harlequins Grounds, Ngong Road, Kenya",+254 704 293031,,,,,"https://www.google.com/maps/search/?api=1&query=The%20Orchid%20Lounge%20%26%20Grill&query_place_id=ChIJSSaoqMcbLxgRaacp-qIUmCo | https://www.google.com/maps/search/restaurant/@-1.2999357,36.7739766,17.00233177367389z?hl=en | https://lh3.googleusercontent.com/gps-cs-s/AHRPTWkcYRzda5IEFznp9j8xd3nzeiusVJ4Ky-YNeJ1U8AQH9HRP7nVhqmv21VmdbJVmMDLBNhd3DvgBb-6ns8EEeyU_7kv7nLkZ0SMpUmav6_BmM7Qdqnh7hxgXaS-fuo6YH-XFRhdGxBWSBmY=w408-h544-k-no",https://www.google.com/maps/search/?api=1&query=The%20Orchid%20Lounge%20%26%20Grill&query_place_id=ChIJSSaoqMcbLxgRaacp-qIUmCo,ChIJSSaoqMcbLxgRaacp-qIUmCo,False
The Royal Ark Bar and Grill,Bar & grill,"Quincy Mall, Nairobi, Kenya",+254 757 227957,,,,,"https://www.google.com/maps/search/?api=1&query=The%20Royal%20Ark%20Bar%20and%20Grill&query_place_id=ChIJrSs2cgkbLxgRb5icVcRxkiw | https://www.google.com/maps/search/restaurant/@-1.3307757371669178,36.78227498330685,16z?hl=en | https://lh3.googleusercontent.com/gps-cs-s/AHRPTWk7ai8VejyvphBxfeiZOOqOlsWGseEYOgN8cUZOtlAQBvG8MEZdsWGVEjn-GbJNpysI9WrndCK3ddIBLykSVJSjTky9cZDnLjXHJfE9baPVhAPzH0_VoZAYk911wcXLTZiYKg=w426-h240-k-no",https://www.google.com/maps/search/?api=1&query=The%20Royal%20Ark%20Bar%20and%20Grill&query_place_id=ChIJrSs2cgkbLxgRb5icVcRxkiw,ChIJrSs2cgkbLxgRb5icVcRxkiw,False
Better Have Some,Barbecue restaurant,"Mini Mall, Hendred Ave, Nairobi, Kenya",+254 768 714761,,,,,"https://www.google.com/maps/search/?api=1&query=Better%20Have%20Some&query_place_id=ChIJrYUN8EMbLxgRN0B0TRG7m7Y | https://www.google.com/maps/search/restaurant/@-1.296413588499247,36.76508901669314,16z?hl=en | https://lh3.googleusercontent.com/gps-cs-s/AHRPTWnbQz5Xc2kkBpPyJyF02uMxNTAeY_jsQLrZXp8SipVX14gseMCiZqCocRPs_yWqzp1QUHlVvzF6V0We132Vium_gDcpOsmA9XQvToau_X2rekA_3aWtycHWRbEVVbPmE_3xkBIh=w408-h271-k-no",https://www.google.com/maps/search/?api=1&query=Better%20Have%20Some&query_place_id=ChIJrYUN8EMbLxgRN0B0TRG7m7Y,ChIJrYUN8EMbLxgRN0B0TRG7m7Y,False
Big Tree Lounge,Barbecue restaurant,"MQGQ+JX4, Nairobi, Kenya",,,,,,"https://www.google.com/maps/search/?api=1&query=Big%20Tree%20Lounge&query_place_id=ChIJVVFl9HcRLxgRX-8OUS_mVBA | https://www.google.com/maps/search/restaurant/@-1.3307757371669178,36.78227498330685,16z?hl=en | https://streetviewpixels-pa.googleapis.com/v1/thumbnail?panoid=Td9WWHctNNeSp61_JkiT1w&cb_client=search.gws-prod.gps&w=408&h=240&yaw=70.11341&pitch=0&thumbfov=100",https://www.google.com/maps/search/?api=1&query=Big%20Tree%20Lounge&query_place_id=ChIJVVFl9HcRLxgRX-8OUS_mVBA,ChIJVVFl9HcRLxgRX-8OUS_mVBA,False
LunchBox Ngong Road,Barbecue restaurant,"28 Ole Dume Rd, Nairobi, Kenya",+254 719 277388,,,,,"https://www.google.com/maps/search/?api=1&query=LunchBox%20Ngong%20Road&query_place_id=ChIJHdydHgAbLxgRromTD2w1e9Y | https://www.google.com/maps/search/restaurant/@-1.2999357,36.7739766,17.00233177367389z?hl=en | https://lh3.googleusercontent.com/gps-cs-s/AHRPTWk6etNKeWnjMVHwCsaQHSNL_cADSK29UahscyOnXABybbAQnXcYwVo7pT_geRQ7AAr9MD7sxgdgkhFZqUwcoGdbXITtINVOTHofoYZiNUzkhihXGSDJ8lIpbDQV0Mt84oabWzJVhg=w426-h240-k-no",https://www.google.com/maps/search/?api=1&query=LunchBox%20Ngong%20Road&query_place_id=ChIJHdydHgAbLxgRromTD2w1e9Y,ChIJHdydHgAbLxgRromTD2w1e9Y,False
MEATHUB SMOKED GOODNESS,Barbecue restaurant,"PQ7C+3XW, Othaya Rd, Nairobi, Kenya",+254 741 914447,,,,,"https://www.google.com/maps/search/?api=1&query=MEATHUB%20SMOKED%20GOODNESS&query_place_id=ChIJWRkpZ-cbLxgRLAyY7U9DJOA | https://www.google.com/maps/search/restaurant/@-1.2895935545454547,36.773318836363636,17.002337659462743z?hl=en | https://lh3.googleusercontent.com/gps-cs-s/AHRPTWnprAlwb2H2GkKqe08p0oNai5uq7XpzwYQy5SrBzHTxBmsD4kC2hoIsZumOiOwBr2XzSe9HLVI3avg1zBmPFr5gsZXCpm-hHUWMe-9vNy8wsbVSUQnVbuGp9fhR5nov46LQRi3lwwQeZWA=w408-h544-k-no",https://www.google.com/maps/search/?api=1&query=MEATHUB%20SMOKED%20GOODNESS&query_place_id=ChIJWRkpZ-cbLxgRLAyY7U9DJOA,ChIJWRkpZ-cbLxgRLAyY7U9DJOA,False
Motown Bar and restaurant langata,Barbecue restaurant,"MRH2+7HM, Nairobi, Kenya",+254 740 800092,,,,,"https://www.google.com/maps/search/?api=1&query=Motown%20Bar%20and%20restaurant%20langata&query_place_id=ChIJo-xhnCwRLxgRM7xF-bviAdc | https://www.google.com/maps/search/restaurant/@-1.3307757371669178,36.78227498330685,16z?hl=en | https://lh3.googleusercontent.com/gps-cs-s/AHRPTWl8-U2hAjRi8wXC55phNt9f9USVC6yAqIt2brgKY-n36Oowi4hAVZkUt-rhl1SfYIkUqsctlU5AiesGbQuwOJhhXmnGgCT2vFZ8w912CqiMnxIuI5hQ26PuogLtRH35X7TQqbU=w426-h240-k-no",https://www.google.com/maps/search/?api=1&query=Motown%20Bar%20and%20restaurant%20langata&query_place_id=ChIJo-xhnCwRLxgRM7xF-bviAdc,ChIJo-xhnCwRLxgRM7xF-bviAdc,False
Nargis Restaurant Lavington,Barbecue restaurant,"LAVINGTON CURVE, GROUND FLOOR James Gichuru Road, Nairobi, Kenya",,,,,,"https://www.google.com/maps/search/?api=1&query=Nargis%20Restaurant%20Lavington&query_place_id=ChIJ0TuHKAAZLxgRVfuBzjb52Uk | https://www.google.com/maps/search/restaurant/@-1.2792325141654115,36.78227498330685,16z?hl=en | https://lh3.googleusercontent.com/gps-cs-s/AHRPTWn1hCFlZCebo85aabIe88g8dm-erulOV_a19fGJI-tchYih_fFgOLf2e1jgcBJRP1IX6sVxs6xfyMvivpd8-TS30YjurtwkrvmNrd14eLY-X5fiLR2LH1Doa6iWzf7SmvEQY6O8UoVy6tU=w408-h544-k-no",https://www.google.com/maps/search/?api=1&query=Nargis%20Restaurant%20Lavington&query_place_id=ChIJ0TuHKAAZLxgRVfuBzjb52Uk,ChIJ0TuHKAAZLxgRVfuBzjb52Uk,False
Oumdurman Barbecue Nairobi,Barbecue restaurant,"PQ58+3VX, Hendred Ave, Nairobi, Kenya",,,,,,"https://www.google.com/maps/search/?api=1&query=Oumdurman%20Barbecue%20Nairobi&query_place_id=ChIJFbeIOAAbLxgRNyfUdyJfttQ | https://www.google.com/maps/search/restaurant/@-1.2955217,36.7736869,17.002334291465527z?hl=en | https://streetviewpixels-pa.googleapis.com/v1/thumbnail?panoid=Fai1DXBX2q2GJdupajs_OA&cb_client=search.gws-prod.gps&w=408&h=240&yaw=316.7578&pitch=0&thumbfov=100",https://www.google.com/maps/search/?api=1&query=Oumdurman%20Barbecue%20Nairobi&query_place_id=ChIJFbeIOAAbLxgRNyfUdyJfttQ,ChIJFbeIOAAbLxgRNyfUdyJfttQ,False
BMJ sleek homes,Bed & breakfast,"PQ2H+RH2, Elgeyo Marakwet N, Nairobi, Kenya",+254 724 012413,,,,,"https://www.google.com/travel/lodging/clk?pc=AA80Osx_akifqvSrM43ABmZFL24Wpk6HsUVTCk6z-MeMSg5cUnkwSLm8y2Fc2hmKhOgDhHCz8ZWUttnHQ0XqbC8kdNTPAu9q_iBdhNdzxK2dUkSnBvN_XVzm8E21LA_Hjp6gmsTYCwswHf4LbmC5hfhPNJkuK8KtkDIGhK2aG_vHjUvMxyLmGgIBzNTgmjph9QQK&pcurl=https://www.expedia.com/Hotel-Search?selected%3D123034003%26startDate%3D2026-09-19%26endDate%3D2026-09-20%26MDPCID%3DUS.META.HPA.HOTEL-ORGANIC-desktop.HOTEL%26MDPDTL%3DHTL.123034003.20260919.20260920.DDT.5.CID..AUDID..RRID.bex_us_desktop%26mctc%3D10%26ct%3Dhotel%26mpg%3DUSD%26mpf%3D35.42%26mpj%3D5.40%26mpr%3D0.00%26mpl%3DUSD%26exp_pg%3Dgoogle%26langid%3Den%26ad%3D2%26tp%3D%26utm_source%3Dgoogle%26utm_medium%3Dcpc%26utm_term%3D123034003%26utm_content%3Dmapresults%26utm_campaign%3DHotelAds%26langid%3D1033%26adults%3D2%26children%3D%26rrid%3Dbex_us_desktop%26rateplanid%3D405972737%26mpm%3D24%26mpn%3D327682137%26mpo%3DEC%26mpp%3D1&s=AD1XQnkfJHCUNS-9CPA7pEqkis_T | https://www.expedia.com/Hotel-Search?selected=123034003&startDate=2026-09-19&endDate=2026-09-20&MDPCID=US.META.HPA.HOTEL-ORGANIC-desktop.HOTEL&MDPDTL=HTL.123034003.20260919.20260920.DDT.5.CID..AUDID..RRID.bex_us_desktop&mctc=10&ct=hotel&mpg=USD&mpf=35.42&mpj=5.40&mpr=0.00&mpl=USD&exp_pg=google&langid=en&ad=2&tp=&utm_source=google&utm_medium=cpc&utm_term=123034003&utm_content=mapresults&utm_campaign=HotelAds&langid=1033&adults=2&children=&rrid=bex_us_desktop&rateplanid=405972737&mpm=24&mpn=327682137&mpo=EC&mpp=1 | https://www.google.com/travel/lodging/clk?pc=AA80OsxgkhLYuDcDD_0fl7EoFKJXZsAgHdPGyPyXJqr-W0EX4ujW2UMfMoy9kwYUAsKL4O9ppb3x1sDZRdHP6alVh4dOxQ5bPcPpQgFI8-B7gz5tCoT45dIgt-lD_otVV-SNpaRF3SYM8g6E3yTsGFoqfYtTJPmR_rwlPEfnyP-Rpsoq03jqvxk1dq6F0cfG2hM&pcurl=https://www.hotels.com/Hotel-Search?selected%3D123034003%26startDate%3D2026-09-19%26endDate%3D2026-09-20%26mdpcid%3DHCOM-US.META.HPA.HOTEL-ORGANIC-desktop.HOTEL%26MDPDTL%3DHTL.123034003.20260919.20260920.DDT.5.CID..AUDID.%26adults%3D2%26children%3D%26mctc%3D10%26mpf%3D35.42%26mpg%3DUSD%26mpl%3DUSD%26mpj%3D5.40%26mpr%3D0.00%26rffrid%3Dsem.hcom.US.156.024.mapresults.02.desktop-1.kwrd%3DGGMETA.123034003USen-20260919-D-ABW%3D5-camp%3D-aud%3D-N%26rateplanid%3D405972737%26mpm%3D24%26mpn%3D327682137%26mpo%3DEC%26mpp%3D1%26locale%3Den_US%26siteid%3D300000001&s=AD1XQnlq8V0kys1uaGtmYXaMViEX | https://www.hotels.com/Hotel-Search?selected=123034003&startDate=2026-09-19&endDate=2026-09-20&mdpcid=HCOM-US.META.HPA.HOTEL-ORGANIC-desktop.HOTEL&MDPDTL=HTL.123034003.20260919.20260920.DDT.5.CID..AUDID.&adults=2&children=&mctc=10&mpf=35.42&mpg=USD&mpl=USD&mpj=5.40&mpr=0.00&rffrid=sem.hcom.US.156.024.mapresults.02.desktop-1.kwrd=GGMETA.123034003USen-20260919-D-ABW=5-camp=-aud=-N&rateplanid=405972737&mpm=24&mpn=327682137&mpo=EC&mpp=1&locale=en_US&siteid=300000001 | https://www.google.com/travel/lodging/clk?pc=AA80OsyJrTt1orrKJONP9AJJ1AIEY4tStV7dmEgytAxPHmdynaf-TmbZHjc63piBofY4tsS6NjcdF28GIRPW_VITuh1O2m3didlDKJp2shbuT67_3l5CxaCfC4_RHp2R6pQXBnOwSVHV8SK1UO3mnat4t1IjmHdn4GTRCXy9kpjnWivyh2jqQGpSMw42KCu_1-4&pcurl=https://www.orbitz.com/Hotel-Search?selected%3D123034003%26startDate%3D2026-09-19%26endDate%3D2026-09-20%26adults%3D2%26children%3D%26MDPCID%3DORBITZ-US.META.HPA.ORGANIC-desktop.HOTEL%26MDPDTL%3Dhtl.123034003.20260919.20260920.DDT.5.CID..AUDID..mapresults%26mpg%3DUSD%26mpf%3D35.42%26mpj%3D5.40%26mpr%3D0.00%26mctc%3D10%26rateplanid%3D405972737%26mpm%3D24%26mpn%3D327682137%26mpo%3DEC%26mpp%3D1&s=AD1XQnmaNnolNjnzgF6Hn4vuoYXV | https://www.orbitz.com/Hotel-Search?selected=123034003&startDate=2026-09-19&endDate=2026-09-20&adults=2&children=&MDPCID=ORBITZ-US.META.HPA.ORGANIC-desktop.HOTEL&MDPDTL=htl.123034003.20260919.20260920.DDT.5.CID..AUDID..mapresults&mpg=USD&mpf=35.42&mpj=5.40&mpr=0.00&mctc=10&rateplanid=405972737&mpm=24&mpn=327682137&mpo=EC&mpp=1 | https://www.google.com/travel/lodging/clk?pc=AA80OsxWPH37h4ADBax7l0Qh9qhLVwE9iHM0L_RbAqC9gaeTq6HyRyzQijQPc83LnIEJRpV1Sm7D3yIq8OAYmRMMAfnUIunMhgx2dsRH5ljEBQx8ivExCE5KDmJ46lYvlkhICm1DzHzvu1Em2efcbPSFzU8l2Q3fPOttTiFPV40J8x9UmxA9mh5mJVeeobSqWWrE&pcurl=https://www.travelocity.com/Hotel-Search?selected%3D123034003%26startDate%3D2026-09-19%26endDate%3D2026-09-20%26adults%3D2%26children%3D%26MDPCID%3Dtravelocity-US.META.HPA.ORGANIC.HOTEL%26MDPDTL%3DHTL.123034003.20260919.20260920.DDT.5.CID..AUDID..mapresults%26mpg%3DUSD%26mpf%3D35.42%26mpj%3D5.40%26mpr%3D0.00%26mctc%3D10%26rateplanid%3D405972737%26mpm%3D24%26mpn%3D327682137%26mpo%3DEC%26mpp%3D1&s=AD1XQnkiTgJSWeq9BwftYtTqtnla | https://www.travelocity.com/Hotel-Search?selected=123034003&startDate=2026-09-19&endDate=2026-09-20&adults=2&children=&MDPCID=travelocity-US.META.HPA.ORGANIC.HOTEL&MDPDTL=HTL.123034003.20260919.20260920.DDT.5.CID..AUDID..mapresults&mpg=USD&mpf=35.42&mpj=5.40&mpr=0.00&mctc=10&rateplanid=405972737&mpm=24&mpn=327682137&mpo=EC&mpp=1 | https://www.google.com/travel/lodging/clk?pc=AA80OszfLOisDm1zmDWiIoloxwYGZm_qi1QX1CrBBiLYwSs0gX-yUEX7gpFY_7ban_-cGnKh-cVOruiDNT14FV7mTvCWzmpYkKwDgrtWeip1oXQbzTASlhB9zYVgIKj1-Uzoleu-hzpp7E6eBhQ5ayclV_XgSjk5TnKYNGtGMey8C_ypDWA-RlLJ1GeIQKH510RcQjNy2Qw&pcurl=https://www.cheaptickets.com/Hotel-Search?selected%3D123034003%26startDate%3D2026-09-19%26endDate%3D2026-09-20%26MDPCID%3DCHEAPTICKETS-US.META.HPA.ORGANIC-desktop.HOTEL%26langid%3D1033%26adults%3D2%26children%3D%26MDPDTL%3Dhtl.123034003.20260919.20260920.DDT.5.CID..AUDID..mapresults%26mpg%3DUSD%26mpf%3D35.42%26mpj%3D5.40%26mpr%3D0.00%26mctc%3D10%26rateplanid%3D405972737%26rateplanid%3D405972737%26mpm%3D24%26mpn%3D327682137%26mpo%3DEC%26mpp%3D1&s=AD1XQnnG4wVWibZgWYB6AslVfHsg | https://www.cheaptickets.com/Hotel-Search?selected=123034003&startDate=2026-09-19&endDate=2026-09-20&MDPCID=CHEAPTICKETS-US.META.HPA.ORGANIC-desktop.HOTEL&langid=1033&adults=2&children=&MDPDTL=htl.123034003.20260919.20260920.DDT.5.CID..AUDID..mapresults&mpg=USD&mpf=35.42&mpj=5.40&mpr=0.00&mctc=10&rateplanid=405972737&rateplanid=405972737&mpm=24&mpn=327682137&mpo=EC&mpp=1 | https://www.google.com/travel/lodging/clk?pc=AA80OsyG7NvvEaLNbZNdfyxX_GriC0FBfDicPazbCfwr775f_LS8NRdbDCN-O170UHvI-g9wM2AqOT3kOH4AJUkEs9afC6vBuI2-ZYaZiFgKG6XIsmaci8J2RV3U8ZF_dCtyes-blyBO6WcAtHlzUcZNfgutXLltAIt7s3qrMuX4LrbTK9hbN9s7&pcurl=https://accommodation.edreams.net/Hotel-Search?selected%3D123034003%26startDate%3D2026-09-19%26endDate%3D2026-09-20%26adults%3D2%26children%3D%26mpf%3D35.42%26cur%3DUSD%26mpj%3D5.40%26MDPCID%3DeDreams-US.DPS.Edreams.MetaSearch-GHA.HOTEL%26mpl%3DUSD%26numberOfRooms%3D1%26locale%3Den_US%26rffrid%3Dh4p.hcom.US.ghaodigeo.000.000.kwrd%3D%26pos%3DEDREAMS_US%26rateplanid%3D405972737%26mctc%3D10%26utm_medium%3Dmetasearch%26utm_campaign%3D3938088096%26utm_term%3Dhotel%26utm_source%3DFREEBOOKING&s=AD1XQnkNrzyzQ5oJQ0iZdm0AbaT2 | https://accommodation.edreams.net/Hotel-Search?selected=123034003&startDate=2026-09-19&endDate=2026-09-20&adults=2&children=&mpf=35.42&cur=USD&mpj=5.40&MDPCID=eDreams-US.DPS.Edreams.MetaSearch-GHA.HOTEL&mpl=USD&numberOfRooms=1&locale=en_US&rffrid=h4p.hcom.US.ghaodigeo.000.000.kwrd=&pos=EDREAMS_US&rateplanid=405972737&mctc=10&utm_medium=metasearch&utm_campaign=3938088096&utm_term=hotel&utm_source=FREEBOOKING | https://www.google.com/travel/lodging/clk?pc=AA80OsyUz5ICr8_KAMeqU_ZLbQAC6VfXygnZ0MlRkght-D0qtdaWRfP7vs_bkGZZOEy33zMAV4IyQli_6x5iNwaDVABJfMaQbWODQWpnq-YpRAh3BXhuhIdxrV_eX6nFrsNw_s7TshUXsvoGA6OKR1RCE5hx40bkaaL7XsJEP4WeyJ313zkDEaLuC6mUNQ&pcurl=https://www.bluepillow.com/search/6a916356db127e8addeb6b08?begin%3D2026-09-19%26end%3D2026-09-20%26block_id%3D-b,D4hifx2pP4ESD_IeuMGYxozhGHWX-Cs2lSWmw9XNtIg,-bpctrip-Hotel%26fees%3D5.40%26tax%3D5.40%26total%3D35.42%26adults%3D2%26childs%3D0%26infants%3D0%26childrens%3D0%26country%3DUS%26currency%3DUSD%26language%3Den%26source%3Dmapresults%26utm_campaign%3Dhotel%26prid%3D&s=AD1XQnmSOzQpo1cXZBuGqxjAdtmQ | https://www.bluepillow.com/search/6a916356db127e8addeb6b08?begin=2026-09-19&end=2026-09-20&block_id=-b,D4hifx2pP4ESD_IeuMGYxozhGHWX-Cs2lSWmw9XNtIg,-bpctrip-Hotel&fees=5.40&tax=5.40&total=35.42&adults=2&childs=0&infants=0&childrens=0&country=US&currency=USD&language=en&source=mapresults&utm_campaign=hotel&prid= | https://www.google.com/travel/lodging/clk?pc=AA80OsxyiW77KytLq-x96h18tLNci17xG47QKcFenmt0Zmg4e2sdASFSx4gJ8xjQ7K7RfNCmS5SiYJLeqJ863Q4L_YaMt_R2ueHS875OGy_w8K172yDdGS-vVvaYsY-Wp2h3Z2xjlK7pt9IAV9d1uTjhdnhzBdNLzGAdB6lQlCi1Ll7tyHoYKw&pcurl=https://www.wego.com/hotels/searches/NBO/2026-09-19/2026-09-20?guests%3D2%26wego_hotel_id%3D3724353%26bow_only%3Dtrue%26ts_code%3D2f2fc%26wg_source%3Dmeta_distribution%26wg_medium%3Dgha%26wg_campaign%3Dfbl%26wego_currency%3DUSD%26ulang%3Den%26wego_price%3DVVNEOjM4LjA6NWVmZjVmMWY4MDE4OTk2MDJhNGFjYzUyOWY5OTg4ZTM3YjRiODQyZTYzYzg3MWEwNmYzNzg2ZGFiYTZkNmY0Njpib29nbmlrNjlxc2E6MTc4OTM0OTkwMDpEOlVTOmJkN2Y5NDIzY2NjOWYxOWE6MjowOnRydWU6dHJ1ZTpS%26provider%3DaG90ZWxzLndlZ28uY29t&s=AD1XQnlaC1sK0K0UCsNbRYiLF1Ld | https://www.wego.com/hotels/searches/NBO/2026-09-19/2026-09-20?guests=2&wego_hotel_id=3724353&bow_only=true&ts_code=2f2fc&wg_source=meta_distribution&wg_medium=gha&wg_campaign=fbl&wego_currency=USD&ulang=en&wego_price=VVNEOjM4LjA6NWVmZjVmMWY4MDE4OTk2MDJhNGFjYzUyOWY5OTg4ZTM3YjRiODQyZTYzYzg3MWEwNmYzNzg2ZGFiYTZkNmY0Njpib29nbmlrNjlxc2E6MTc4OTM0OTkwMDpEOlVTOmJkN2Y5NDIzY2NjOWYxOWE6MjowOnRydWU6dHJ1ZTpS&provider=aG90ZWxzLndlZ28uY29t | https://www.google.com/maps/search/?api=1&query=BMJ%20sleek%20homes&query_place_id=ChIJ4d-DVnQaLxgRqsdjfa3O6cM | https://www.google.com/maps/search/Hotel/@-1.296413588499247,36.76508901669314,16z?hl=en | https://lh3.googleusercontent.com/gps-cs-s/AHRPTWnCGxQxnA5O9OaKL1FmgDY2Y_5k6b4sBDseDLY2Tx1Ob_qPwq4GZWd_DTWQjY6sEEFwgoLeIa_Wip5o37UAbeAhQgP29yAryG0cXCw9mCXuurV7foR8bmYyd1SP58LV-00gNkXz_JyJqrw=w408-h725-k-no",https://www.google.com/maps/search/?api=1&query=BMJ%20sleek%20homes&query_place_id=ChIJ4d-DVnQaLxgRqsdjfa3O6cM,ChIJ4d-DVnQaLxgRqsdjfa3O6cM,False
Boma stays,Bed & breakfast,"Nairobi, Kenya",+254 706 233060,,,,,"https://www.google.com/travel/lodging/clk?pc=AA80Osx2Zwckn0lVRVTcFkml598HHZkSzqPz7hvFOQhcJik20ivkPLc6ya2D2UR3UmJNpFMoTd1apxFZ4w2IttN9ASP4F04Ghwx2Ig3LoP-fSuOKe1xBJYfKC246jGeAS9G1EIKO1Qc9jGXEpEIdLCKWGia3hQmg4ylXOTDRWpSP9KAs99JxklewRbd_i_mVA_lXl7tHYQ&pcurl=https://www.booking.com/searchresults.en.html?dest_id%3D16120386%26highlighted_hotels%3D16120386%26dest_type%3Dhotel%26checkin%3D2026-09-19%26checkout%3D2026-09-20%26group_adults%3D2%26req_adults%3D2%26show_room%3D1612038603_432108131_2_0_0%26lang%3Den%26selected_currency%3DUSD%26exrt%3D1.00000000%26ext_price_total%3D64.00%26ext_price_tax%3D9.76%26xfc%3DUSD%26hca%3Dm%26group_children%3D0%26req_children%3D0%26%26ts%3D1788943870%26no_rooms%3D1%26edgtid%3Duu8KKtBTT4qC-lX3Mhib_w%26efpc%3DZLAKZLAKLw%26utm_source%3Dmetagha%26utm_medium%3Dmapresults%26utm_campaign%3DUS%26utm_term%3Dhotel-16120386%26utm_content%3Ddev-desktop_los-1_bw-5_dow-Saturday_defdate-1_room-0_gstadt-2_rateid-public_aud-0_gacid-_mcid-10_ppa-0_clrid-0_ad-0_gstkid-0_checkin-20260919_ppt-%26aid%3D2127489%26label%3Dmetagha-link-MRUS-hotel-16120386_dev-desktop_los-1_bw-5_dow-Saturday_defdate-1_room-0_gstadt-2_rateid-public_aud-0_gacid-_mcid-10_ppa-0_clrid-0_ad-0_gstkid-0_checkin-20260919_ppt-&s=AD1XQnmjmEdTIFuAnWein-xFjhHQ | https://www.booking.com/searchresults.en.html?dest_id=16120386&highlighted_hotels=16120386&dest_type=hotel&checkin=2026-09-19&checkout=2026-09-20&group_adults=2&req_adults=2&show_room=1612038603_432108131_2_0_0&lang=en&selected_currency=USD&exrt=1.00000000&ext_price_total=64.00&ext_price_tax=9.76&xfc=USD&hca=m&group_children=0&req_children=0&&ts=1788943870&no_rooms=1&edgtid=uu8KKtBTT4qC-lX3Mhib_w&efpc=ZLAKZLAKLw&utm_source=metagha&utm_medium=mapresults&utm_campaign=US&utm_term=hotel-16120386&utm_content=dev-desktop_los-1_bw-5_dow-Saturday_defdate-1_room-0_gstadt-2_rateid-public_aud-0_gacid-_mcid-10_ppa-0_clrid-0_ad-0_gstkid-0_checkin-20260919_ppt-&aid=2127489&label=metagha-link-MRUS-hotel-16120386_dev-desktop_los-1_bw-5_dow-Saturday_defdate-1_room-0_gstadt-2_rateid-public_aud-0_gacid-_mcid-10_ppa-0_clrid-0_ad-0_gstkid-0_checkin-20260919_ppt- | https://www.google.com/travel/lodging/clk?pc=AA80Osw8aSks8mCVhnd5z_ru8ZxzfWR5qFVMYvcEaX3UmSzwTY9atb2Vt_q4f4qa1xqi9dLbPk6KwDE8BzyEKhlA0CAwSAtGHh1zlzVg2D-sbrnLkEQuI8KLwMb562eSK1GVCyY3ct-AVP01kUqade6S2uqW_RcxCZnTWNGroIX8_xAtjfKyENk&pcurl=https://deals.etrip.net/?sig%3De9cc68956712e1e5d60f579a67e54afadd83f5d631dc9782cc50d47864de2f2c2d32303330363031313335%26turl%3Dhttps%253A%252F%252Fsearch.etrip.net%252FHotel%252FSearch%253FcheckIn%253D2026-09-19%2526checkOut%253D2026-09-20%2526currency%253DUSD%2526forceCurrencyChange%253D1%2526lang%253Den%2526forceLanguageChange%253D1%2526rooms%253D2%253A%2526utm_source%253Dgha%2526utm_medium%253Dcpc%2526hotelId%253D153692814%2526userCountry%253DUS%2526profile%253Dr2d2m73kn8%2526preferredRate%253D64.00%2526label%253Dsrc%25253Dgha%252526cltype%25253Dhotel%252526datype%25253Ddefault%252526gsite%25253Dmapresults%252526vf%25253D0%252526ucountry%25253DUS%252526udevice%25253Ddesktop%252526hotel%25253D153692814%252526day%25253D19%252526month%25253D09%252526year%25253D2026%252526los%25253D1%252526price%25253D64.00%252526currency%25253DUSD%252526cid%25253D%252526listid%25253D%252526rateid%25253DUS_D%252526closerateid%25253D%252526promo%25253D0%252526isPrivateRate%25253D0%252526isAudienceUser%25253D0%252526isPaidClick%25253D0%252526%2526cp%253DevTR8g1dAev69EZTChQIsCoY0AciA1VTRCjE_bHVBlIBMhIaFePWd6YaC210Ry1hcFZFUzlJKAIwi6Kd1QY&s=AD1XQnncxR6p6_d7HNsM6sUHTZG9 | https://deals.etrip.net/?sig=e9cc68956712e1e5d60f579a67e54afadd83f5d631dc9782cc50d47864de2f2c2d32303330363031313335&turl=https://search.etrip.net/Hotel/Search?checkIn=2026-09-19&checkOut=2026-09-20&currency=USD&forceCurrencyChange=1&lang=en&forceLanguageChange=1&rooms=2:&utm_source=gha&utm_medium=cpc&hotelId=153692814&userCountry=US&profile=r2d2m73kn8&preferredRate=64.00&label=src%3Dgha%26cltype%3Dhotel%26datype%3Ddefault%26gsite%3Dmapresults%26vf%3D0%26ucountry%3DUS%26udevice%3Ddesktop%26hotel%3D153692814%26day%3D19%26month%3D09%26year%3D2026%26los%3D1%26price%3D64.00%26currency%3DUSD%26cid%3D%26listid%3D%26rateid%3DUS_D%26closerateid%3D%26promo%3D0%26isPrivateRate%3D0%26isAudienceUser%3D0%26isPaidClick%3D0%26&cp=evTR8g1dAev69EZTChQIsCoY0AciA1VTRCjE_bHVBlIBMhIaFePWd6YaC210Ry1hcFZFUzlJKAIwi6Kd1QY | https://www.google.com/travel/lodging/clk?pc=AA80Oswlq_-BMJrXMqAE639u_6Mcv3GjwTZOAt3opInN5MK-NySnMjnZTiKsl11iGVZeA_A0WL6pkXpNBAxYjGXC8mZK9jcT-gz88IEoQ686usIQdO8t7HRt7wdJ6JbY6rkYtz_KbpW2veRbFZugf2iIioLydJmdX2QqZggsjSKGNujDLoX7oLteibZP&pcurl=https://deals.vio.com/?sig%3D73aca13c7f952d2641c156f3e69125e1eb497c325f122828ee5aa8797168b9a12d32303331333438363233%26turl%3Dhttps%253A%252F%252Fwww.vio.com%252FHotel%252FSearch%253FcheckIn%253D2026-09-19%2526checkOut%253D2026-09-20%2526currency%253DUSD%2526forceCurrencyChange%253D1%2526lang%253Den%2526forceLanguageChange%253D1%2526rooms%253D2%253A%2526utm_source%253Dgha%2526utm_medium%253Dcpc%2526hotelId%253D153692814%2526userCountry%253DUS%2526profile%253Dr2d2m73kn8%2526preferredRate%253D64.00%2526deviceType%253Ddesktop%2526label%253Dsrc%25253Dgha%252526cltype%25253Dhotel%252526datype%25253Ddefault%252526gsite%25253Dmapresults%252526vf%25253D0%252526ucountry%25253DUS%252526udevice%25253Ddesktop%252526hotel%25253D153692814%252526day%25253D19%252526month%25253D09%252526year%25253D2026%252526los%25253D1%252526price%25253D64.00%252526currency%25253DUSD%252526cid%25253D%252526listid%25253D%252526rateid%25253DUS_D%252526closerateid%25253D%252526promo%25253D0%252526isPrivateRate%25253D0%252526isAudienceUser%25253D0%252526isPaidClick%25253D0%252526%2526cp%253DevTR8g1dAev69EZTChQIsCoY0AciA1VTRCjE_bHVBlIBMhIaFePWd6YaC210Ry1hcFZFUzlJKAIwi6Kd1QY&s=AD1XQnnMwg408W3janolXBwYYlJU | https://deals.vio.com/?sig=73aca13c7f952d2641c156f3e69125e1eb497c325f122828ee5aa8797168b9a12d32303331333438363233&turl=https://www.vio.com/Hotel/Search?checkIn=2026-09-19&checkOut=2026-09-20&currency=USD&forceCurrencyChange=1&lang=en&forceLanguageChange=1&rooms=2:&utm_source=gha&utm_medium=cpc&hotelId=153692814&userCountry=US&profile=r2d2m73kn8&preferredRate=64.00&deviceType=desktop&label=src%3Dgha%26cltype%3Dhotel%26datype%3Ddefault%26gsite%3Dmapresults%26vf%3D0%26ucountry%3DUS%26udevice%3Ddesktop%26hotel%3D153692814%26day%3D19%26month%3D09%26year%3D2026%26los%3D1%26price%3D64.00%26currency%3DUSD%26cid%3D%26listid%3D%26rateid%3DUS_D%26closerateid%3D%26promo%3D0%26isPrivateRate%3D0%26isAudienceUser%3D0%26isPaidClick%3D0%26&cp=evTR8g1dAev69EZTChQIsCoY0AciA1VTRCjE_bHVBlIBMhIaFePWd6YaC210Ry1hcFZFUzlJKAIwi6Kd1QY | https://www.google.com/travel/lodging/clk?pc=AA80OsywsgBwX0snsWVEJlMkG5d0BeBM4fyPJfzPfMjHNk7V-JiGKfoQy32pgbA6DBlXsvzkFFED39FTNecEFSDjYFZ3he0ZRvgTjJWgzagz-BWA6RZ4gccT79hv_kWD-5EN6q4xVCuCT573GNsSGUb2INgQxNoajeYPF0LED1aRQhSimKiw_BTrGPm0Pw&pcurl=https://www.bluepillow.com/search/69f98105a8387c9ba6400942?begin%3D2026-09-19%26end%3D2026-09-20%26block_id%3D-b,T7em8_JPUt36R1P2oR2H-PZO0GrHU36UvH0Csvofr6aMRsmWHUkREKYcC3gkUzMbnqO-isD-90hLV2s8sKVATA,-bkng-Hotel%26fees%3D1.08%26tax%3D9.76%26total%3D64.00%26adults%3D2%26childs%3D0%26infants%3D0%26childrens%3D0%26country%3DUS%26currency%3DUSD%26language%3Den%26source%3Dmapresults%26utm_campaign%3Dhotel%26prid%3D&s=AD1XQnk2hMn54U__KjLRzs7AUnz7 | https://www.bluepillow.com/search/69f98105a8387c9ba6400942?begin=2026-09-19&end=2026-09-20&block_id=-b,T7em8_JPUt36R1P2oR2H-PZO0GrHU36UvH0Csvofr6aMRsmWHUkREKYcC3gkUzMbnqO-isD-90hLV2s8sKVATA,-bkng-Hotel&fees=1.08&tax=9.76&total=64.00&adults=2&childs=0&infants=0&childrens=0&country=US&currency=USD&language=en&source=mapresults&utm_campaign=hotel&prid= | https://www.google.com/maps/search/?api=1&query=Boma%20stays&query_place_id=ChIJKcAs0sobLxgRHXdLONFBWbQ | https://www.google.com/maps/search/Hotel/@-1.296413588499247,36.76508901669314,16z?hl=en | http://q-xx.bstatic.com/xdata/images/hotel/max500/850048391.jpg?k=f8a48d88af7a210403cc3b8886523cbe3b5c1464b28d7eea6b1eeb549e12bc32&o=",https://www.google.com/maps/search/?api=1&query=Boma%20stays&query_place_id=ChIJKcAs0sobLxgRHXdLONFBWbQ,ChIJKcAs0sobLxgRHXdLONFBWbQ,False
H&S Gateway Homes,Bed & breakfast,"Alina Harbour, Nairobi, Kenya",+254 708 378880,,,,,"https://www.google.com/travel/lodging/clk?pc=AA80OszpEqrz4XjRyXFTe2BX2raPrL4qWOexMLJUjYR5uJRsBUM2cs_8OmM3XqYrfbl9XroQqqAnilMe3DWJ3D3c50xCuuk_AIkMfWpzviFCMc_prd272N4UqxQDaki9D3h9QLZEti9iLJlZS5FrpBkuYXl7WpnV5Thje44jDNYUIHx_gMvYw0OrdxW1E1wsoKc96ss_1Q&pcurl=https://www.booking.com/searchresults.en.html?dest_id%3D15373829%26highlighted_hotels%3D15373829%26dest_type%3Dhotel%26checkin%3D2026-09-19%26checkout%3D2026-09-20%26group_adults%3D2%26req_adults%3D2%26show_room%3D1537382901_425197624_4_0_0%26lang%3Den%26selected_currency%3DUSD%26exrt%3D1.00000000%26ext_price_total%3D110.50%26ext_price_tax%3D16.86%26xfc%3DUSD%26hca%3Dm%26group_children%3D0%26req_children%3D0%26%26ts%3D1788828773%26no_rooms%3D1%26edgtid%3DsJ7FF-FDSYiDGlmZhoo8Qw%26efpc%3DEQtQoRC1Ci8%26utm_source%3Dmetagha%26utm_medium%3Dmapresults%26utm_campaign%3DUS%26utm_term%3Dhotel-15373829%26utm_content%3Ddev-desktop_los-1_bw-5_dow-Saturday_defdate-1_room-0_gstadt-2_rateid-public_aud-0_gacid-_mcid-10_ppa-0_clrid-0_ad-0_gstkid-0_checkin-20260919_ppt-%26aid%3D2127489%26label%3Dmetagha-link-MRUS-hotel-15373829_dev-desktop_los-1_bw-5_dow-Saturday_defdate-1_room-0_gstadt-2_rateid-public_aud-0_gacid-_mcid-10_ppa-0_clrid-0_ad-0_gstkid-0_checkin-20260919_ppt-&s=AD1XQnlYIu33Zq90hFC2fpcZVAjJ | https://www.booking.com/searchresults.en.html?dest_id=15373829&highlighted_hotels=15373829&dest_type=hotel&checkin=2026-09-19&checkout=2026-09-20&group_adults=2&req_adults=2&show_room=1537382901_425197624_4_0_0&lang=en&selected_currency=USD&exrt=1.00000000&ext_price_total=110.50&ext_price_tax=16.86&xfc=USD&hca=m&group_children=0&req_children=0&&ts=1788828773&no_rooms=1&edgtid=sJ7FF-FDSYiDGlmZhoo8Qw&efpc=EQtQoRC1Ci8&utm_source=metagha&utm_medium=mapresults&utm_campaign=US&utm_term=hotel-15373829&utm_content=dev-desktop_los-1_bw-5_dow-Saturday_defdate-1_room-0_gstadt-2_rateid-public_aud-0_gacid-_mcid-10_ppa-0_clrid-0_ad-0_gstkid-0_checkin-20260919_ppt-&aid=2127489&label=metagha-link-MRUS-hotel-15373829_dev-desktop_los-1_bw-5_dow-Saturday_defdate-1_room-0_gstadt-2_rateid-public_aud-0_gacid-_mcid-10_ppa-0_clrid-0_ad-0_gstkid-0_checkin-20260919_ppt- | https://www.google.com/travel/lodging/clk?pc=AA80Osy_EwIEFpcv6H6vP-T67xnK7hWdFah3C48_0eKp0uhj2D65BKkR0MrpTpkWhihf0L14-idDiQCNZTxrH6aEtDScjEPi7fZg3kLXdtVLAQfaSzHbj7qMhL1_yONC7Cj1QQpjtrgR4LESvRKKeFY35x90s0B7yNuhBOyPZMHv7FSUJM5fCTcxra5K-g&pcurl=https://www.bluepillow.com/search/6949a8685c042e01bace01d8?begin%3D2026-09-19%26end%3D2026-09-20%26block_id%3D-b,Kjp0QMPq6uWmTN2n2s3FTkPwLDKWXQKuo8wYL_SwvjmNeaWmMxlArELRALWxejAtkWXZDRFFP6h2v5IN7nO_dQ,-bkng-Hotel%26fees%3D1.87%26tax%3D16.85%26total%3D110.49%26adults%3D2%26childs%3D0%26infants%3D0%26childrens%3D0%26country%3DUS%26currency%3DUSD%26language%3Den%26source%3Dmapresults%26utm_campaign%3Dhotel%26prid%3D&s=AD1XQnkVFYyg-Wh_3bHobRBTH9SY | https://www.bluepillow.com/search/6949a8685c042e01bace01d8?begin=2026-09-19&end=2026-09-20&block_id=-b,Kjp0QMPq6uWmTN2n2s3FTkPwLDKWXQKuo8wYL_SwvjmNeaWmMxlArELRALWxejAtkWXZDRFFP6h2v5IN7nO_dQ,-bkng-Hotel&fees=1.87&tax=16.85&total=110.49&adults=2&childs=0&infants=0&childrens=0&country=US&currency=USD&language=en&source=mapresults&utm_campaign=hotel&prid= | https://www.google.com/maps/search/?api=1&query=H%26S%20Gateway%20Homes&query_place_id=ChIJp_T1ymhItkARERae3wIX7yo | https://www.google.com/maps/search/Hotel/@-1.296413588499247,36.76508901669314,16z?hl=en | https://lh3.googleusercontent.com/gps-cs-s/AHRPTWlZxsjOzFrVF7E4gBywNH-1o8Lk6D09lF4wGBS9TKg4ugpcyPFWzB5XLoYL6AKN0CvG0UE6OIbc_2cpij83qdrg2b6n6FLXCsc3ohhGK5xUP_CZndKZzp1QBcGGPygLYAxZqyQroW84KT8K=w408-h272-k-no",https://www.google.com/maps/search/?api=1&query=H%26S%20Gateway%20Homes&query_place_id=ChIJp_T1ymhItkARERae3wIX7yo,ChIJp_T1ymhItkARERae3wIX7yo,False
The Da'Bryl Luxury Suites- Alba Garden,Bed & breakfast,"Kasuku Road, Jabavu Rd, Nairobi, Kenya",,,,,,"https://www.google.com/maps/search/?api=1&query=The%20Da | https://www.google.com/maps/search/Hotel/@-1.2903779499999999,36.7896402,17.00233721470589z?hl=en | https://lh3.googleusercontent.com/gps-cs-s/AHRPTWme7vD_S57fQIvmFQ9IkBu8GZ0ntrvFvPz3Nt4hSt8NgjrBxpRrkPeaE7M5EqeTUyTd2fgzu15EX47U-EFzYvlERTSKO_tuS53WpLoK-stlD7z8ms-KGZ551Wo7eFBn1Ko4lZDc7Q=w408-h272-k-no",https://www.google.com/maps/search/?api=1&query=The%20Da'Bryl%20Luxury%20Suites-%20Alba%20Garden&query_place_id=ChIJd0XiGwARLxgRc3AvfhIJHTw,ChIJd0XiGwARLxgRc3AvfhIJHTw,False
ZZZ Hostel & Restaurant,Bed & breakfast,"Kenya, Nairobi",,,,,,"https://www.google.com/travel/lodging/clk?pc=AA80Oszm40Ew59jnF5kpR7Yb66mMAh_tTG7xA6nNKRSd7-zLD9NTUMVtm_PkfMofH6Tq6nd3_KjQz52wug4P2AlIsadsWnalSRspGOj80XitUYrTnSVC8qv9pqwPxzwclD4Bty_fx3d7PCLola03HelWg2h6luZryaClU-fo_UDPHY6jRQkAhp4HSbjUSbH27xszYRk0hQ&pcurl=https://www.booking.com/searchresults.en.html?dest_id%3D14490547%26highlighted_hotels%3D14490547%26dest_type%3Dhotel%26checkin%3D2026-09-19%26checkout%3D2026-09-20%26group_adults%3D2%26req_adults%3D2%26show_room%3D1449054709_438344357_2_42_0%26lang%3Den%26selected_currency%3DUSD%26exrt%3D1.00000000%26ext_price_total%3D45.00%26ext_price_tax%3D6.87%26xfc%3DUSD%26hca%3Dm%26group_children%3D0%26req_children%3D0%26%26ts%3D1789322834%26no_rooms%3D1%26edgtid%3DND9FAt4-RNml-99CDYR2lg%26efpc%3DRbAKRbAKLw%26utm_source%3Dmetagha%26utm_medium%3Dmapresults%26utm_campaign%3DUS%26utm_term%3Dhotel-14490547%26utm_content%3Ddev-desktop_los-1_bw-5_dow-Saturday_defdate-1_room-0_gstadt-2_rateid-public_aud-0_gacid-_mcid-10_ppa-0_clrid-0_ad-0_gstkid-0_checkin-20260919_ppt-%26aid%3D2127489%26label%3Dmetagha-link-MRUS-hotel-14490547_dev-desktop_los-1_bw-5_dow-Saturday_defdate-1_room-0_gstadt-2_rateid-public_aud-0_gacid-_mcid-10_ppa-0_clrid-0_ad-0_gstkid-0_checkin-20260919_ppt-&s=AD1XQnnm7N0JyR60t50mKzlIBzHP | https://www.booking.com/searchresults.en.html?dest_id=14490547&highlighted_hotels=14490547&dest_type=hotel&checkin=2026-09-19&checkout=2026-09-20&group_adults=2&req_adults=2&show_room=1449054709_438344357_2_42_0&lang=en&selected_currency=USD&exrt=1.00000000&ext_price_total=45.00&ext_price_tax=6.87&xfc=USD&hca=m&group_children=0&req_children=0&&ts=1789322834&no_rooms=1&edgtid=ND9FAt4-RNml-99CDYR2lg&efpc=RbAKRbAKLw&utm_source=metagha&utm_medium=mapresults&utm_campaign=US&utm_term=hotel-14490547&utm_content=dev-desktop_los-1_bw-5_dow-Saturday_defdate-1_room-0_gstadt-2_rateid-public_aud-0_gacid-_mcid-10_ppa-0_clrid-0_ad-0_gstkid-0_checkin-20260919_ppt-&aid=2127489&label=metagha-link-MRUS-hotel-14490547_dev-desktop_los-1_bw-5_dow-Saturday_defdate-1_room-0_gstadt-2_rateid-public_aud-0_gacid-_mcid-10_ppa-0_clrid-0_ad-0_gstkid-0_checkin-20260919_ppt- | https://www.google.com/travel/lodging/clk?pc=AA80OszJhqtcRvJoXMWFkqrEfAWuTKDEOcZiSKA8lhD2C4n5PQ68S8EPHpSejSM3Buh4fVbNtWEqQFALIsdmAbi6p1zvQqVVR5bqP464DBQB-pbji0k5qCAFByjFHYGhGjl6A2KHBcFATa28-UIxFCkhwCh6k8L74pYXoYfbIOFOIkOReTLwcw&pcurl=https://www.wego.com/hotels/searches/NBO/2026-09-19/2026-09-20?guests%3D2%26wego_hotel_id%3D3632391%26bow_only%3Dtrue%26ts_code%3D2f2fc%26wg_source%3Dmeta_distribution%26wg_medium%3Dgha%26wg_campaign%3Dfbl%26wego_currency%3DUSD%26ulang%3Den%26wego_price%3DVVNEOjQ1LjAwOjgyOWE2OGJiMDQ4NmYyM2FkMTgzNGExMmJhNTExY2ExY2U0YjA4YTgyZDg0ZDMwOTkxOGE2OTU4NTE2Mzg3NGU6Ym9vZ25pazY5cXNhOjE3ODkyODk0MTA6RDpVUzplNTNhOTM5ZTE0ODAzNjRkOjI6MDp0cnVlOmZhbHNlOlI%253D%26provider%3DaG90ZWxzLndlZ28uY29t&s=AD1XQnmHu8d3xoL4j_5aIu6NUwUM | https://www.wego.com/hotels/searches/NBO/2026-09-19/2026-09-20?guests=2&wego_hotel_id=3632391&bow_only=true&ts_code=2f2fc&wg_source=meta_distribution&wg_medium=gha&wg_campaign=fbl&wego_currency=USD&ulang=en&wego_price=VVNEOjQ1LjAwOjgyOWE2OGJiMDQ4NmYyM2FkMTgzNGExMmJhNTExY2ExY2U0YjA4YTgyZDg0ZDMwOTkxOGE2OTU4NTE2Mzg3NGU6Ym9vZ25pazY5cXNhOjE3ODkyODk0MTA6RDpVUzplNTNhOTM5ZTE0ODAzNjRkOjI6MDp0cnVlOmZhbHNlOlI=&provider=aG90ZWxzLndlZ28uY29t | https://www.google.com/travel/lodging/clk?pc=AA80OsyKMHX0WrZRulzLhtNVtnYk1_6fVSqt4Q3z-pO1e_soRzAfA-6zNIbb9TqG58RpYUhAvOOdKIaJoAQkF33KSOZbBEtFDWMHbK7W4-YbAp1OooPYq5rT52KBxAn8SPD5VoceFCGiOXWrPQu9f8fmcAwh0DSIDYFl3mFQ8U-qsAH7VtoGXAD4bjO4bzeak0tR&pcurl=https://www.expedia.com/Hotel-Search?selected%3D121267182%26startDate%3D2026-09-19%26endDate%3D2026-09-20%26MDPCID%3DUS.META.HPA.HOTEL-ORGANIC-desktop.HOTEL%26MDPDTL%3DHTL.121267182.20260919.20260920.DDT.5.CID..AUDID..RRID.bex_us_desktop%26mctc%3D10%26ct%3Dhotel%26mpg%3DUSD%26mpf%3D50.04%26mpj%3D7.63%26mpr%3D0.00%26mpl%3DUSD%26exp_pg%3Dgoogle%26langid%3Den%26ad%3D2%26tp%3D%26utm_source%3Dgoogle%26utm_medium%3Dcpc%26utm_term%3D121267182%26utm_content%3Dmapresults%26utm_campaign%3DHotelAds%26langid%3D1033%26adults%3D2%26children%3D%26rrid%3Dbex_us_desktop%26rateplanid%3D404884747%26mpm%3D24%26mpn%3D327455728%26mpo%3DEC%26mpp%3D1&s=AD1XQnmsfYvqgSkvy13fttxb9Rd9 | https://www.expedia.com/Hotel-Search?selected=121267182&startDate=2026-09-19&endDate=2026-09-20&MDPCID=US.META.HPA.HOTEL-ORGANIC-desktop.HOTEL&MDPDTL=HTL.121267182.20260919.20260920.DDT.5.CID..AUDID..RRID.bex_us_desktop&mctc=10&ct=hotel&mpg=USD&mpf=50.04&mpj=7.63&mpr=0.00&mpl=USD&exp_pg=google&langid=en&ad=2&tp=&utm_source=google&utm_medium=cpc&utm_term=121267182&utm_content=mapresults&utm_campaign=HotelAds&langid=1033&adults=2&children=&rrid=bex_us_desktop&rateplanid=404884747&mpm=24&mpn=327455728&mpo=EC&mpp=1 | https://www.google.com/travel/lodging/clk?pc=AA80OsxN-Y0qwybmN48_nxJNinMMlQdvO6DS_pGL7bHazD-kN76uMJZOLQ9ffDBmzp39dk4mHwAkMehaO7u2Otdq89DIf4mbcdlHAUmVNkbpfTrc6pEGANXWW2EyxvDlSYZv-v6Vj_YEf2qtOdhLLN96JPMAEPGVBNmQF8nWBDWvSzb0FPWoJNG4wJL6cRTMv2M&pcurl=https://www.hotels.com/Hotel-Search?selected%3D121267182%26startDate%3D2026-09-19%26endDate%3D2026-09-20%26mdpcid%3DHCOM-US.META.HPA.HOTEL-ORGANIC-desktop.HOTEL%26MDPDTL%3DHTL.121267182.20260919.20260920.DDT.5.CID..AUDID.%26adults%3D2%26children%3D%26mctc%3D10%26mpf%3D50.04%26mpg%3DUSD%26mpl%3DUSD%26mpj%3D7.63%26mpr%3D0.00%26rffrid%3Dsem.hcom.US.156.024.mapresults.02.desktop-1.kwrd%3DGGMETA.121267182USen-20260919-D-ABW%3D5-camp%3D-aud%3D-N%26rateplanid%3D404884747%26mpm%3D24%26mpn%3D327455728%26mpo%3DEC%26mpp%3D1%26locale%3Den_US%26siteid%3D300000001&s=AD1XQnnB15FnuVAPiXqodOIgFhiB | https://www.hotels.com/Hotel-Search?selected=121267182&startDate=2026-09-19&endDate=2026-09-20&mdpcid=HCOM-US.META.HPA.HOTEL-ORGANIC-desktop.HOTEL&MDPDTL=HTL.121267182.20260919.20260920.DDT.5.CID..AUDID.&adults=2&children=&mctc=10&mpf=50.04&mpg=USD&mpl=USD&mpj=7.63&mpr=0.00&rffrid=sem.hcom.US.156.024.mapresults.02.desktop-1.kwrd=GGMETA.121267182USen-20260919-D-ABW=5-camp=-aud=-N&rateplanid=404884747&mpm=24&mpn=327455728&mpo=EC&mpp=1&locale=en_US&siteid=300000001 | https://www.google.com/travel/lodging/clk?pc=AA80OswglY4ejHeCn9iKTjQDppDmsc8BXZ8WVDl8j9fF-mRf8JKuND0CKlpOyOwmryo6URFh4VFDFJxgWzStG_gGcVnqF5iXIjKnYjQv2ay2Yij9SKbIJNWXJcgw_nmGnHoq27O2lzKyulaqpy0rIBl2eYt81b4sS97fUPM1cDhlqC4P_iV5AyYKWe8CA0NbwRY&pcurl=https://www.orbitz.com/Hotel-Search?selected%3D121267182%26startDate%3D2026-09-19%26endDate%3D2026-09-20%26adults%3D2%26children%3D%26MDPCID%3DORBITZ-US.META.HPA.ORGANIC-desktop.HOTEL%26MDPDTL%3Dhtl.121267182.20260919.20260920.DDT.5.CID..AUDID..mapresults%26mpg%3DUSD%26mpf%3D50.04%26mpj%3D7.63%26mpr%3D0.00%26mctc%3D10%26rateplanid%3D404884747%26mpm%3D24%26mpn%3D327455728%26mpo%3DEC%26mpp%3D1&s=AD1XQnmlFFwD0OlkAzpwoOjhWQfv | https://www.orbitz.com/Hotel-Search?selected=121267182&startDate=2026-09-19&endDate=2026-09-20&adults=2&children=&MDPCID=ORBITZ-US.META.HPA.ORGANIC-desktop.HOTEL&MDPDTL=htl.121267182.20260919.20260920.DDT.5.CID..AUDID..mapresults&mpg=USD&mpf=50.04&mpj=7.63&mpr=0.00&mctc=10&rateplanid=404884747&mpm=24&mpn=327455728&mpo=EC&mpp=1 | https://www.google.com/travel/lodging/clk?pc=AA80Osxk-brC1rwy3Cr77BpIIXfIreQdKpx_ZnW8H2rgJvwSk5BhXs1gK4R-TUxq-onXjSGCVG58_gyyUksVFLMY_trWPUOwXKiHFzvpfLrtXU0KCfALOjYPQ4Ng4lMWABx5vG83jvC5SpZtVgAzB9gLRwgFfgU1tkQxYrJnuAMjUzmMyPRz2hvzymF6SB64murg&pcurl=https://www.travelocity.com/Hotel-Search?selected%3D121267182%26startDate%3D2026-09-19%26endDate%3D2026-09-20%26adults%3D2%26children%3D%26MDPCID%3Dtravelocity-US.META.HPA.ORGANIC.HOTEL%26MDPDTL%3DHTL.121267182.20260919.20260920.DDT.5.CID..AUDID..mapresults%26mpg%3DUSD%26mpf%3D50.04%26mpj%3D7.63%26mpr%3D0.00%26mctc%3D10%26rateplanid%3D404884747%26mpm%3D24%26mpn%3D327455728%26mpo%3DEC%26mpp%3D1&s=AD1XQnkUc0-yT_mOstWK-VDWHg1F | https://www.travelocity.com/Hotel-Search?selected=121267182&startDate=2026-09-19&endDate=2026-09-20&adults=2&children=&MDPCID=travelocity-US.META.HPA.ORGANIC.HOTEL&MDPDTL=HTL.121267182.20260919.20260920.DDT.5.CID..AUDID..mapresults&mpg=USD&mpf=50.04&mpj=7.63&mpr=0.00&mctc=10&rateplanid=404884747&mpm=24&mpn=327455728&mpo=EC&mpp=1 | https://www.google.com/travel/lodging/clk?pc=AA80OsxM_1YloRHPVk-TIRoBVUPzgeNk3HIoP1deKbAiHnz6llCQLc2KrgiWeew8yszvxaO_aZN7DIGkSjZ3vQhCdenDxWf6s5vGs7Tzc3CM-Oicho_YGTAf5ZiSC4uQqQ1j4dKW6l3WzTAb5JBsjnXh4Qm_3gyk603mocz9kJaqJCtBi7CYclgzKWuhd6ny0ms9c6PsmsI&pcurl=https://www.cheaptickets.com/Hotel-Search?selected%3D121267182%26startDate%3D2026-09-19%26endDate%3D2026-09-20%26MDPCID%3DCHEAPTICKETS-US.META.HPA.ORGANIC-desktop.HOTEL%26langid%3D1033%26adults%3D2%26children%3D%26MDPDTL%3Dhtl.121267182.20260919.20260920.DDT.5.CID..AUDID..mapresults%26mpg%3DUSD%26mpf%3D50.04%26mpj%3D7.63%26mpr%3D0.00%26mctc%3D10%26rateplanid%3D404884747%26rateplanid%3D404884747%26mpm%3D24%26mpn%3D327455728%26mpo%3DEC%26mpp%3D1&s=AD1XQnmvrg71OjFTTeCdZDXb95-5 | https://www.cheaptickets.com/Hotel-Search?selected=121267182&startDate=2026-09-19&endDate=2026-09-20&MDPCID=CHEAPTICKETS-US.META.HPA.ORGANIC-desktop.HOTEL&langid=1033&adults=2&children=&MDPDTL=htl.121267182.20260919.20260920.DDT.5.CID..AUDID..mapresults&mpg=USD&mpf=50.04&mpj=7.63&mpr=0.00&mctc=10&rateplanid=404884747&rateplanid=404884747&mpm=24&mpn=327455728&mpo=EC&mpp=1 | https://www.google.com/travel/lodging/clk?pc=AA80Oswn6o-SnsvYWRmAvP16l3GB0_TEcUZ03IsseGQy2gz4ahUkZVCfEZQuPpM-C7HlDQZgd_hDY30aPrz3qHo1Pu-v05_PjQnGqO3202wN31GW7RBH5SPQ1dFRz3gQ4UdR-vj5oTbtZNGar58V1qvOSohZ3zV5eVK7q84MvK-FKSupq6BXxzWHSeR1EA&pcurl=https://www.bluepillow.com/search/6a91610748129444762b7a95?begin%3D2026-09-19%26end%3D2026-09-20%26block_id%3D-b,_unhAwKV-E8O2NVv6RW9-ESdGFor8ZqtOTSDj2ufMk4,-bpctrip-Hotel%26fees%3D7.63%26tax%3D7.63%26total%3D50.04%26adults%3D2%26childs%3D0%26infants%3D0%26childrens%3D0%26country%3DUS%26currency%3DUSD%26language%3Den%26source%3Dmapresults%26utm_campaign%3Dhotel%26prid%3Dforeign&s=AD1XQnlXPG-5_zCQsoSNzXLBF3Bo | https://www.bluepillow.com/search/6a91610748129444762b7a95?begin=2026-09-19&end=2026-09-20&block_id=-b,_unhAwKV-E8O2NVv6RW9-ESdGFor8ZqtOTSDj2ufMk4,-bpctrip-Hotel&fees=7.63&tax=7.63&total=50.04&adults=2&childs=0&infants=0&childrens=0&country=US&currency=USD&language=en&source=mapresults&utm_campaign=hotel&prid=foreign | https://www.google.com/travel/lodging/clk?pc=AA80Osyvi_ggjsbnYbhxReBgTuIRHrq3uhAlalGYMsE958p_u5X83eeJgV5Smbrb_ThjpdqrSoRNP5zSNhs5-1XbvR7j4_ziNCtsGhQWkUgRV11sdTywIsjNegwfB__Mt11Bl7pP_aae7ea3iQly3eaO41VbMbaZn6QupQjaIzpr-WzHlgOphSQi&pcurl=https://accommodation.edreams.net/Hotel-Search?selected%3D121267182%26startDate%3D2026-09-19%26endDate%3D2026-09-20%26adults%3D2%26children%3D%26mpf%3D50.04%26cur%3DUSD%26mpj%3D7.63%26MDPCID%3DeDreams-US.DPS.Edreams.MetaSearch-GHA.HOTEL%26mpl%3DUSD%26numberOfRooms%3D1%26locale%3Den_US%26rffrid%3Dh4p.hcom.US.ghaodigeo.000.000.kwrd%3D%26pos%3DEDREAMS_US%26rateplanid%3D404884747%26mctc%3D10%26utm_medium%3Dmetasearch%26utm_campaign%3D3881549824%26utm_term%3Dhotel%26utm_source%3DFREEBOOKING&s=AD1XQnkwXmB45HbtEpMrT5_reJBv | https://accommodation.edreams.net/Hotel-Search?selected=121267182&startDate=2026-09-19&endDate=2026-09-20&adults=2&children=&mpf=50.04&cur=USD&mpj=7.63&MDPCID=eDreams-US.DPS.Edreams.MetaSearch-GHA.HOTEL&mpl=USD&numberOfRooms=1&locale=en_US&rffrid=h4p.hcom.US.ghaodigeo.000.000.kwrd=&pos=EDREAMS_US&rateplanid=404884747&mctc=10&utm_medium=metasearch&utm_campaign=3881549824&utm_term=hotel&utm_source=FREEBOOKING | https://www.google.com/travel/lodging/clk?pc=AA80Osz0ieqD0RE7DoRyIq_93aPT4GRLXIzZlTnWSlbA4GEM-HcrwBvRnLyiE20Do31XFBpOlSLBXd5HxKRlav6_dAw5dZu0YDItk1hS8lLoGXDILjKwO_gBykOVkiLqreVQ58_UPHGv87KhaLKHi9FigiKaN9nPY3WNymt7TdblUGr8iKjbFmQLyTWC&pcurl=https://deals.vio.com/?sig%3D73aca13c7f952d2641c156f3e69125e1eb497c325f122828ee5aa8797168b9a12d32303331333438363233%26turl%3Dhttps%253A%252F%252Fwww.vio.com%252FHotel%252FSearch%253FcheckIn%253D2026-09-19%2526checkOut%253D2026-09-20%2526currency%253DUSD%2526forceCurrencyChange%253D1%2526lang%253Den%2526forceLanguageChange%253D1%2526rooms%253D2%253A%2526utm_source%253Dgha%2526utm_medium%253Dcpc%2526hotelId%253D132467435%2526userCountry%253DUS%2526profile%253Dr2d2m73kn8%2526preferredRate%253D55.60%2526deviceType%253Ddesktop%2526label%253Dsrc%25253Dgha%252526cltype%25253Dhotel%252526datype%25253Ddefault%252526gsite%25253Dmapresults%252526vf%25253D0%252526ucountry%25253DUS%252526udevice%25253Ddesktop%252526hotel%25253D132467435%252526day%25253D19%252526month%25253D09%252526year%25253D2026%252526los%25253D1%252526price%25253D55.60%252526currency%25253DUSD%252526cid%25253D%252526listid%25253D%252526rateid%25253DUS_D%252526closerateid%25253D%252526promo%25253D0%252526isPrivateRate%25253D0%252526isAudienceUser%25253D0%252526isPaidClick%25253D0%252526%2526cp%253DTKPSgku6eMZAAfFpCg4I6CQY0AYiA1VTRFIBMhIaFdjluRYaC3ZzdmlUVXdLaVRnKAMwloCe1QY&s=AD1XQnlhUGp6f9S_VbvZSh4qm8K8 | https://deals.vio.com/?sig=73aca13c7f952d2641c156f3e69125e1eb497c325f122828ee5aa8797168b9a12d32303331333438363233&turl=https://www.vio.com/Hotel/Search?checkIn=2026-09-19&checkOut=2026-09-20&currency=USD&forceCurrencyChange=1&lang=en&forceLanguageChange=1&rooms=2:&utm_source=gha&utm_medium=cpc&hotelId=132467435&userCountry=US&profile=r2d2m73kn8&preferredRate=55.60&deviceType=desktop&label=src%3Dgha%26cltype%3Dhotel%26datype%3Ddefault%26gsite%3Dmapresults%26vf%3D0%26ucountry%3DUS%26udevice%3Ddesktop%26hotel%3D132467435%26day%3D19%26month%3D09%26year%3D2026%26los%3D1%26price%3D55.60%26currency%3DUSD%26cid%3D%26listid%3D%26rateid%3DUS_D%26closerateid%3D%26promo%3D0%26isPrivateRate%3D0%26isAudienceUser%3D0%26isPaidClick%3D0%26&cp=TKPSgku6eMZAAfFpCg4I6CQY0AYiA1VTRFIBMhIaFdjluRYaC3ZzdmlUVXdLaVRnKAMwloCe1QY",https://www.google.com/maps/search/?api=1&query=ZZZ%20Hostel%20%26%20Restaurant&query_place_id=ChIJHzBWQQAbLxgRPTgynuyNzVQ,ChIJHzBWQQAbLxgRPTgynuyNzVQ,False
Sierra Brasserie,Brasserie,"Yaya Centre, Argwings Kodhek Rd, Hurlingham, 69671 - 00400, Nairobi, Kenya",+254 788 515224,,,,,"https://www.google.com/maps/search/?api=1&query=Sierra%20Brasserie&query_place_id=ChIJpaiz36MQLxgRNkqG72cxLMQ | https://www.google.com/maps/search/restaurant/@-1.296413588499247,36.79946094992056,16z?hl=en | https://lh3.googleusercontent.com/gps-cs-s/AHRPTWk_oniDjwPAFS36qDENf2eVfN0vayZnx-IhAdHDVjHqXZfpP8y2bBzDcU_ihx0Xo_B6omPEg8fekOv-T16955amwoXx7Hit0qABJz2BqYptsK1nWWbFwnqOe6-TDi7tKSdYjtCqKA=w408-h307-k-no",https://www.google.com/maps/search/?api=1&query=Sierra%20Brasserie&query_place_id=ChIJpaiz36MQLxgRNkqG72cxLMQ,ChIJpaiz36MQLxgRNkqG72cxLMQ,False
Good Day Dishes,Breakfast restaurant,"Nairobi, Kenya",+254 794 112879,,,,,"https://www.google.com/maps/search/?api=1&query=Good%20Day%20Dishes&query_place_id=ChIJB_AFPwMRLxgRJWH4quWddKQ | https://www.google.com/maps/search/restaurant/@-1.2986442,36.77959205,17.00233251124554z?hl=en | https://lh3.googleusercontent.com/gps-cs-s/AHRPTWnjoQudsedY5BdiYcK1PCZIRi6rqmaG3OBfZDpVdWZsg9bR7MlX4M3UUyWDCrqRw5zG_gmRVKevVX3E9JwOcV33DeWXh4TihrUw4GGbSXJArbGt4IyGNWZ_zyN2n0eto1YJCnud-g=w408-h408-k-no",https://www.google.com/maps/search/?api=1&query=Good%20Day%20Dishes&query_place_id=ChIJB_AFPwMRLxgRJWH4quWddKQ,ChIJB_AFPwMRLxgRJWH4quWddKQ,False
Gracana,Breakfast restaurant,"MPVQ+FCW, Ngong Rd, Nairobi, Kenya",,,,,,"https://www.google.com/maps/search/?api=1&query=Gracana&query_place_id=ChIJx7ImdQAbLxgROs3UcoUH-IE | https://www.google.com/maps/search/restaurant/@-1.3135946628330823,36.73071708346572,16z?hl=en | https://streetviewpixels-pa.googleapis.com/v1/thumbnail?panoid=sgYdWoKkSD69eR0FI40S-g&cb_client=search.gws-prod.gps&w=408&h=240&yaw=347.51407&pitch=0&thumbfov=100",https://www.google.com/maps/search/?api=1&query=Gracana&query_place_id=ChIJx7ImdQAbLxgROs3UcoUH-IE,ChIJx7ImdQAbLxgROs3UcoUH-IE,False
Millimag Rabbit Eatery,Brunch restaurant,"Adams Minimall, Suna Rd, Nairobi, Kenya",+254 746 366538,,,,,"https://www.google.com/maps/search/?api=1&query=Millimag%20Rabbit%20Eatery&query_place_id=ChIJn6ot2JwbLxgRRpFISKZVbLQ | https://www.google.com/maps/search/restaurant/@-1.2999357,36.7739766,17.00233177367389z?hl=en | https://lh3.googleusercontent.com/gps-cs-s/AHRPTWmPJYbmq7YfrgW0xrtFTiLdTV4ymjTilNBAatLEf1t1NPAiS0kJTPMSO1DgrJ8ed9BofQzj2qZPl1nNM_yr908r0Td4zuescZVtnys404Hc5QmlMb2wskY1_ZBHVwCHXhpP1R8q8w=w408-h544-k-no",https://www.google.com/maps/search/?api=1&query=Millimag%20Rabbit%20Eatery&query_place_id=ChIJn6ot2JwbLxgRRpFISKZVbLQ,ChIJn6ot2JwbLxgRRpFISKZVbLQ,False
New bangkok kitchen chinese restaurant( Thai Food Available),Brunch restaurant,"Riara Rd, Nairobi, Kenya",+254 711 372372,,,,,"https://www.google.com/maps/search/?api=1&query=New%20bangkok%20kitchen%20chinese%20restaurant(%20Thai%20Food%20Available)&query_place_id=ChIJ_0PRZxwbLxgR4fnvMBCI3IE | https://www.google.com/maps/search/restaurant/@-1.2983534384615385,36.76283634615385,17.002332677197412z?hl=en | https://lh3.googleusercontent.com/gps-cs-s/AHRPTWkfxfUHoym0m8iU35yrz2wKixRHPx4YcPQWogUzAJTAen4K7g-TI2m8sn8OfFIr6GUw06Uz1hiTXch6tCs70IzGvCNk-2Ca600_r8wBnw9yK_npYmnntqpXCBzJO6ND8B48FQ84Yo7PhJ3X=w408-h544-k-no",https://www.google.com/maps/search/?api=1&query=New%20bangkok%20kitchen%20chinese%20restaurant(%20Thai%20Food%20Available)&query_place_id=ChIJ_0PRZxwbLxgR4fnvMBCI3IE,ChIJ_0PRZxwbLxgR4fnvMBCI3IE,False
"SINALOA, LAVINGTON KINGARA ROAD",Brunch restaurant,"PQ56+HJ3, Nairobi, Kenya",+254 116 666588,,,,,"https://www.google.com/maps/search/?api=1&query=SINALOA%2C%20LAVINGTON%20KINGARA%20ROAD&query_place_id=ChIJwybKLgAbLxgR3rikSvmaonI | https://www.google.com/maps/search/restaurant/@-1.292292,36.7671123,17.00233612829275z?hl=en | https://lh3.googleusercontent.com/gps-cs-s/AHRPTWlvwe0cA5JtylIMZYIIAXpnvirOBjlex5CYWdGvkTrF7Y4PFIA2IUr3Mjh0Y2mq1cnHfXaSR_n2ffgBOLO6V5M6heKUvFrw6pXmuV5EPd481Fq_3Im72EGnYtyXjsFUoy1irRw4nCLuQmrZ=w426-h240-k-no",https://www.google.com/maps/search/?api=1&query=SINALOA%2C%20LAVINGTON%20KINGARA%20ROAD&query_place_id=ChIJwybKLgAbLxgR3rikSvmaonI,ChIJwybKLgAbLxgR3rikSvmaonI,False
Upishi Corner,Brunch restaurant,"PQ2G+H2W, Bald Wini Rd, Nairobi, Kenya",,,,,,"https://www.google.com/maps/search/?api=1&query=Upishi%20Corner&query_place_id=ChIJpWNMAgAbLxgRNQeKnUjyzp8 | https://www.google.com/maps/search/restaurant/@-1.2955217,36.7736869,17.002334291465527z?hl=en",https://www.google.com/maps/search/?api=1&query=Upishi%20Corner&query_place_id=ChIJpWNMAgAbLxgRNQeKnUjyzp8,ChIJpWNMAgAbLxgRNQeKnUjyzp8,False
Petite fishsizzler inn,Buffet restaurant,"MQCH+JGF, Nairobi, Kenya",,,,,,"https://www.google.com/maps/search/?api=1&query=Petite%20fishsizzler%20inn&query_place_id=ChIJhQoUU9IbLxgR6W5XFnvjBPI | https://www.google.com/maps/search/restaurant/@-1.3307757371669178,36.78227498330685,16z?hl=en",https://www.google.com/maps/search/?api=1&query=Petite%20fishsizzler%20inn&query_place_id=ChIJhQoUU9IbLxgR6W5XFnvjBPI,ChIJhQoUU9IbLxgR6W5XFnvjBPI,False
烤肉自助餐厅,Buffet restaurant,"Galana Plaza, Galana Rd, Nairobi, Kenya",,,,,,"https://www.google.com/maps/search/?api=1&query=%E7%83%A4%E8%82%89%E8%87%AA%E5%8A%A9%E9%A4%90%E5%8E%85&query_place_id=ChIJlTyM_k4RLxgRKI-tU1C2gGg | https://www.google.com/maps/search/restaurant/@-1.293340725,36.778052200000005,17.00233553235424z?hl=en | https://streetviewpixels-pa.googleapis.com/v1/thumbnail?panoid=3OeNKc_RPHQGKtuz3yeQrQ&cb_client=search.gws-prod.gps&w=408&h=240&yaw=257.74585&pitch=0&thumbfov=100",https://www.google.com/maps/search/?api=1&query=%E7%83%A4%E8%82%89%E8%87%AA%E5%8A%A9%E9%A4%90%E5%8E%85&query_place_id=ChIJlTyM_k4RLxgRKI-tU1C2gGg,ChIJlTyM_k4RLxgRKI-tU1C2gGg,False
The veranda cafe valley arcade- البرندة كافيه,Cafe,"Westfield mall, Hendred Ave, Nairobi, Kenya",+254 142 548880,,,,,"https://www.google.com/maps/search/?api=1&query=The%20veranda%20cafe%20valley%20arcade-%20%D8%A7%D9%84%D8%A8%D8%B1%D9%86%D8%AF%D8%A9%20%D9%83%D8%A7%D9%81%D9%8A%D9%87&query_place_id=ChIJC6-YWacbLxgRZ2XkSTtjeuo | https://www.google.com/maps/search/restaurant/@-1.2955217,36.7736869,17.002334291465527z?hl=en | https://lh3.googleusercontent.com/gps-cs-s/AHRPTWlcoyTLsPQ6krLH7v9z3Z56ckaejr-e_ohXCm6f4tANIRWfQ6Mg3iNUhi9KMpWV3SX7GPPsox50wuIv6ttJkGvAS15KU6IXS_OkaiRWGYOzuf13PQ7gVxsI0GvxVBrob1cvOQmlvURehJDY=w408-h306-k-no",https://www.google.com/maps/search/?api=1&query=The%20veranda%20cafe%20valley%20arcade-%20%D8%A7%D9%84%D8%A8%D8%B1%D9%86%D8%AF%D8%A9%20%D9%83%D8%A7%D9%81%D9%8A%D9%87&query_place_id=ChIJC6-YWacbLxgRZ2XkSTtjeuo,ChIJC6-YWacbLxgRZ2XkSTtjeuo,False
Kings Guest Hotel,Camping cabin,"MQW3+QVH, Nairobi, Kenya",,,,,,"https://www.google.com/maps/search/?api=1&query=Kings%20Guest%20Hotel&query_place_id=ChIJ97nFIgAbLxgRpzjlk5lgjFE | https://www.google.com/maps/search/Hotel/@-1.296413588499247,36.76508901669314,16z?hl=en",https://www.google.com/maps/search/?api=1&query=Kings%20Guest%20Hotel&query_place_id=ChIJ97nFIgAbLxgRpzjlk5lgjFE,ChIJ97nFIgAbLxgRpzjlk5lgjFE,False
Chicken Inn Kilimani,Chicken restaurant,"Yaya, Nairobi, Kenya",+254 700 323323,,,,,"https://www.google.com/maps/search/?api=1&query=Chicken%20Inn%20Kilimani&query_place_id=ChIJ3YDkBsYRLxgR-MRcmFlgpqQ | https://www.google.com/maps/search/restaurant/@-1.293340725,36.778052200000005,17.00233553235424z?hl=en | https://lh3.googleusercontent.com/gps-cs-s/AHRPTWlboLavu1JvgyYR2VMd4YU-2JqCAuKknYaWTkg9fb0c5XrRHpemtSsm4V7RoWCMSS0BqLEkJK-mqnpzme8nk0lnIlp5PESKu_se2aJNXykFA8vJ_fZwkDOH-nOOjvq0kCFg6KFZzA=w408-h544-k-no",https://www.google.com/maps/search/?api=1&query=Chicken%20Inn%20Kilimani&query_place_id=ChIJ3YDkBsYRLxgR-MRcmFlgpqQ,ChIJ3YDkBsYRLxgR-MRcmFlgpqQ,False
Cucu's Chicken,Chicken restaurant,"MQXJ+747, Lagiri Rd, Nairobi City, Kenya",,,,,,"https://www.google.com/maps/search/?api=1&query=Cucu | https://www.google.com/maps/search/restaurant/@-1.2999357,36.7739766,17.00233177367389z?hl=en | https://streetviewpixels-pa.googleapis.com/v1/thumbnail?panoid=47fC6VgN4sM_JpvvOvcCXw&cb_client=search.gws-prod.gps&w=408&h=240&yaw=4.9344726&pitch=0&thumbfov=100",https://www.google.com/maps/search/?api=1&query=Cucu's%20Chicken&query_place_id=ChIJW1FttHcaLxgROPx75fqo_74,ChIJW1FttHcaLxgROPx75fqo_74,False
Drumstick Eating House,Chicken restaurant,"PQ24+CJM, Nairobi, Kenya",,,,,,"https://www.google.com/maps/search/?api=1&query=Drumstick%20Eating%20House&query_place_id=ChIJexW8FkEaLxgRIlsZgbResks | https://www.google.com/maps/search/restaurant/@-1.30206825,36.7531745,17.002330554175863z?hl=en | https://streetviewpixels-pa.googleapis.com/v1/thumbnail?panoid=zoM35hZtOMZiWnk4TV6dhw&cb_client=search.gws-prod.gps&w=408&h=240&yaw=324.2475&pitch=0&thumbfov=100",https://www.google.com/maps/search/?api=1&query=Drumstick%20Eating%20House&query_place_id=ChIJexW8FkEaLxgRIlsZgbResks,ChIJexW8FkEaLxgRIlsZgbResks,False
Kenchic Rest,Chicken restaurant,"Plot 330 Gitanga Rd, Nairobi, Kenya",,,,,,"https://www.google.com/maps/search/?api=1&query=Kenchic%20Rest&query_place_id=ChIJyd9azREaLxgRnLixHXUmCyo | https://www.google.com/maps/search/restaurant/@-1.2895935545454547,36.773318836363636,17.002337659462743z?hl=en | https://streetviewpixels-pa.googleapis.com/v1/thumbnail?panoid=qtVBV5Aw9DtgdAvMU1V7mA&cb_client=search.gws-prod.gps&w=408&h=240&yaw=182.90262&pitch=0&thumbfov=100",https://www.google.com/maps/search/?api=1&query=Kenchic%20Rest&query_place_id=ChIJyd9azREaLxgRnLixHXUmCyo,ChIJyd9azREaLxgRnLixHXUmCyo,False
M & M Chicken Palour,Chicken restaurant,"MQRH+J68, Nairobi, Kenya",,,,,,"https://www.google.com/maps/search/?api=1&query=M%20%26%20M%20Chicken%20Palour&query_place_id=ChIJb6aywX4aLxgR9WRyJX7IrfQ | https://www.google.com/maps/search/restaurant/@-1.3135946628330823,36.76508901669314,16z?hl=en | https://streetviewpixels-pa.googleapis.com/v1/thumbnail?panoid=00v3FWrI2xph7YpDIxUrPA&cb_client=search.gws-prod.gps&w=408&h=240&yaw=223.43233&pitch=0&thumbfov=100",https://www.google.com/maps/search/?api=1&query=M%20%26%20M%20Chicken%20Palour&query_place_id=ChIJb6aywX4aLxgR9WRyJX7IrfQ,ChIJb6aywX4aLxgR9WRyJX7IrfQ,False
McFrys Langata Rd Bomas,Chicken restaurant,"MQ57+72R, Langata Rd, Nairobi, Kenya",+254 745 076349,,,,,"https://www.google.com/maps/search/?api=1&query=McFrys%20Langata%20Rd%20Bomas&query_place_id=ChIJle0GaWEbLxgRPMIgCH4wnu0 | https://www.google.com/maps/search/restaurant/@-1.3479568115007532,36.74790305007943,16z?hl=en | https://lh3.googleusercontent.com/gps-cs-s/AHRPTWmajslsHcac_y9-f_cGNLWCe6TkMzcrtpbAv3OGhmIMjQ1Vqc77lb7hDkUrso8ggjnEtuKonh86fWruiasUPTkZ32_5NqkUVrMRVpcHkH_zbxobRyD3O9l2K77X7EKZagP7svo=w408-h544-k-no",https://www.google.com/maps/search/?api=1&query=McFrys%20Langata%20Rd%20Bomas&query_place_id=ChIJle0GaWEbLxgRPMIgCH4wnu0,ChIJle0GaWEbLxgRPMIgCH4wnu0,False
Neighbour Chicken Banda,Chicken restaurant,"MQQF+RF9, Kibera Dr, Nairobi City, Kenya",,,,,,"https://www.google.com/maps/search/?api=1&query=Neighbour%20Chicken%20Banda&query_place_id=ChIJbVhuCn0aLxgRJgYKZYiaiEc | https://www.google.com/maps/search/restaurant/@-1.3135946628330823,36.76508901669314,16z?hl=en | https://streetviewpixels-pa.googleapis.com/v1/thumbnail?panoid=1HwyP-RTP4rIRRmZ-nRKqg&cb_client=search.gws-prod.gps&w=408&h=240&yaw=228.56445&pitch=0&thumbfov=100",https://www.google.com/maps/search/?api=1&query=Neighbour%20Chicken%20Banda&query_place_id=ChIJbVhuCn0aLxgRJgYKZYiaiEc,ChIJbVhuCn0aLxgRJgYKZYiaiEc,False
Travellers bar $ restaurant,Chicken restaurant,"255 Mwingi Rd, Nairobi, Kenya",,,,,,"https://www.google.com/maps/search/?api=1&query=Travellers%20bar%20%24%20restaurant&query_place_id=ChIJ03yffwARLxgRaDgQIWOzr8A | https://www.google.com/maps/search/restaurant/@-1.2792325141654115,36.78227498330685,16z?hl=en | https://streetviewpixels-pa.googleapis.com/v1/thumbnail?panoid=waIlH5flRClC8UXU4vJwsg&cb_client=search.gws-prod.gps&w=408&h=240&yaw=72.36924&pitch=0&thumbfov=100",https://www.google.com/maps/search/?api=1&query=Travellers%20bar%20%24%20restaurant&query_place_id=ChIJ03yffwARLxgRaDgQIWOzr8A,ChIJ03yffwARLxgRaDgQIWOzr8A,False
Chicken Supply Master,Chicken shop,"Karandini Rd, Nairobi, Kenya",+254 708 039641,,,,,"https://www.google.com/maps/search/?api=1&query=Chicken%20Supply%20Master&query_place_id=ChIJO3LtckEaLxgR0md3nb9ZGyg | https://www.google.com/maps/search/restaurant/@-1.30206825,36.7531745,17.002330554175863z?hl=en | https://lh3.googleusercontent.com/gps-cs-s/AHRPTWm9yBDxKACUZL_tb6gNzT46GAh3Hyeo0ltg4D7qYao71N8pYr-48dCrba_TgwQvLHW6RVJ1C-ppodXZEt87yM8PU6_GjR_LENG8FTl01C7j265jVzXaGTyRJ6cvPgw0boZoxKw=w426-h240-k-no",https://www.google.com/maps/search/?api=1&query=Chicken%20Supply%20Master&query_place_id=ChIJO3LtckEaLxgR0md3nb9ZGyg,ChIJO3LtckEaLxgR0md3nb9ZGyg,False
Mount Zion Enterprise Kinoo,Chicken shop,"Kinoo Rd, Nairobi, Kenya",+254 722 321886,,,,,"https://www.google.com/maps/search/?api=1&query=Mount%20Zion%20Enterprise%20Kinoo&query_place_id=ChIJzR1WRy4bLxgRoCdWyIqWHlI | https://www.google.com/maps/search/restaurant/@-1.3135946628330823,36.76508901669314,16z?hl=en | https://streetviewpixels-pa.googleapis.com/v1/thumbnail?panoid=L8iMwiv9B0Ecl2MDU0WoNw&cb_client=search.gws-prod.gps&w=408&h=240&yaw=270.65457&pitch=0&thumbfov=100",https://www.google.com/maps/search/?api=1&query=Mount%20Zion%20Enterprise%20Kinoo&query_place_id=ChIJzR1WRy4bLxgRoCdWyIqWHlI,ChIJzR1WRy4bLxgRoCdWyIqWHlI,False
Beijing Square Meals,Chinese noodle restaurant,"Nairobi, Kenya",+254 713 489369,,,,,"https://www.google.com/maps/search/?api=1&query=Beijing%20Square%20Meals&query_place_id=ChIJuygfumgbLxgRU7VcSeJBu98 | https://www.google.com/maps/search/restaurant/@-1.2895935545454547,36.773318836363636,17.002337659462743z?hl=en | https://lh3.googleusercontent.com/gps-cs-s/AHRPTWm-OJQB4JLIFCoC8sPV5I96X8ha_naMnRlfhHCmjeiSta7BRHE4KWB9yD6JYVokGiuvQSKFwPCoLm2feF5W0974Z3pUPAXkOPLUpJjoPjVTz88y-zb3CjvjTDwykmAxV6F9EQpXvf1qO30=w408-h272-k-no",https://www.google.com/maps/search/?api=1&query=Beijing%20Square%20Meals&query_place_id=ChIJuygfumgbLxgRU7VcSeJBu98,ChIJuygfumgbLxgRU7VcSeJBu98,False
Chinese restaurant,Chinese restaurant,"PQ5W+54C, Jabavu Rd, Nairobi, Kenya",,,,,,"https://www.google.com/maps/search/?api=1&query=Chinese%20restaurant&query_place_id=ChIJpUvrHAARLxgRljATokZa_9M | https://www.google.com/maps/search/restaurant/@-1.296413588499247,36.78227498330685,16z?hl=en",https://www.google.com/maps/search/?api=1&query=Chinese%20restaurant&query_place_id=ChIJpUvrHAARLxgRljATokZa_9M,ChIJpUvrHAARLxgRljATokZa_9M,False
Encounter Garden,Chinese restaurant,"PQ6J+6M3, Kirichwa gardens, Nairobi, Kenya",,,,,,"https://www.google.com/maps/search/?api=1&query=Encounter%20Garden&query_place_id=ChIJLyOguwMbLxgROvqQ_6ts5D4 | https://www.google.com/maps/search/restaurant/@-1.293340725,36.778052200000005,17.00233553235424z?hl=en | https://lh3.googleusercontent.com/gps-cs-s/AHRPTWlX450B0BPn0f-J0Q-UrCgZUDBcV2XJBPAKY4XOrDgCD620YYPOV5B6bjvBJ56xgDuBGFcc8AlRjeU_lWEU7IfT6aP0K8HhiWT3d0KrW4642oGV67q6O7Bsb2-PwjdF6WrZVUgw=w408-h306-k-no",https://www.google.com/maps/search/?api=1&query=Encounter%20Garden&query_place_id=ChIJLyOguwMbLxgROvqQ_6ts5D4,ChIJLyOguwMbLxgROvqQ_6ts5D4,False
For You Chinese Restaurant,Chinese restaurant,"Gitanga Rd, Nairobi City, Kenya",+254 735 536090,,,,,"https://www.google.com/maps/search/?api=1&query=For%20You%20Chinese%20Restaurant&query_place_id=ChIJxe3FVA4aLxgR-D5X7qCPuIQ | https://www.google.com/maps/search/restaurant/@-1.296413588499247,36.76508901669314,16z?hl=en | https://lh3.googleusercontent.com/gps-cs-s/AHRPTWmydUnR_uM3mIFOskt0cd3a3oH5pU5_MasjidwETcmNpDgwUxlvy0G9MFAonhujYkxEQ-PNVa51QAdFHhoqv9VrTfxnCMUhO6ISCH3RUdmhV_3VSevRbnhocabvcNmSYcVVJJhqjg=w408-h306-k-no",https://www.google.com/maps/search/?api=1&query=For%20You%20Chinese%20Restaurant&query_place_id=ChIJxe3FVA4aLxgR-D5X7qCPuIQ,ChIJxe3FVA4aLxgR-D5X7qCPuIQ,False
Golden Pearl Chinese Restaurant,Chinese restaurant,"Kilimani Ngong Forest Rd China Centre, Nairobi, North, Kenya",+254 20 3750993,,,,,"https://www.google.com/maps/search/?api=1&query=Golden%20Pearl%20Chinese%20Restaurant&query_place_id=ChIJ_8LP1MQRLxgRs-uLdMlXBP4 | https://www.google.com/maps/search/restaurant/@-1.296413588499247,36.79946094992056,16z?hl=en | https://streetviewpixels-pa.googleapis.com/v1/thumbnail?panoid=N_ghtq-lvzlR2UgLIvCobg&cb_client=search.gws-prod.gps&w=408&h=240&yaw=215.56352&pitch=0&thumbfov=100",https://www.google.com/maps/search/?api=1&query=Golden%20Pearl%20Chinese%20Restaurant&query_place_id=ChIJ_8LP1MQRLxgRs-uLdMlXBP4,ChIJ_8LP1MQRLxgRs-uLdMlXBP4,False
Harbin Restaurant(Business Closed),Chinese restaurant,"Argwings Kodhek Rd, North, Kenya",+254 20 2711115,,,,,"https://www.google.com/maps/search/?api=1&query=Harbin%20Restaurant(Business%20Closed)&query_place_id=ChIJY8ALz5ERLxgRJLoVTjhtyQI | https://www.google.com/maps/search/restaurant/@-1.296413588499247,36.79946094992056,16z?hl=en | https://streetviewpixels-pa.googleapis.com/v1/thumbnail?panoid=E8bFQBog-14Jhm9B3DNNhA&cb_client=search.gws-prod.gps&w=408&h=240&yaw=291.59424&pitch=0&thumbfov=100",https://www.google.com/maps/search/?api=1&query=Harbin%20Restaurant(Business%20Closed)&query_place_id=ChIJY8ALz5ERLxgRJLoVTjhtyQI,ChIJY8ALz5ERLxgRJLoVTjhtyQI,False
Hong Kong Lavington,Chinese restaurant,"PQ7F+34M, Nairobi, Kenya",,,,,,"https://www.google.com/maps/search/?api=1&query=Hong%20Kong%20Lavington&query_place_id=ChIJScn5CaIbLxgRDKEVBsQln8g | https://www.google.com/maps/search/restaurant/@-1.2895935545454547,36.773318836363636,17.002337659462743z?hl=en | https://streetviewpixels-pa.googleapis.com/v1/thumbnail?panoid=ji1HIa1YWwH6JNrE1iR0NQ&cb_client=search.gws-prod.gps&w=408&h=240&yaw=248.19144&pitch=0&thumbfov=100",https://www.google.com/maps/search/?api=1&query=Hong%20Kong%20Lavington&query_place_id=ChIJScn5CaIbLxgRDKEVBsQln8g,ChIJScn5CaIbLxgRDKEVBsQln8g,False
Hongs Restaurant,Chinese restaurant,"Ring Rd Kilimani, North, Kenya",+254 720 792299,,,,,"https://www.google.com/maps/search/?api=1&query=Hongs%20Restaurant&query_place_id=ChIJu9DnhqEQLxgRHUnULV3Y_0Y | https://www.google.com/maps/search/restaurant/@-1.296413588499247,36.78227498330685,16z?hl=en | https://streetviewpixels-pa.googleapis.com/v1/thumbnail?panoid=na5ei4hEE6nXhpFtkgbV5w&cb_client=search.gws-prod.gps&w=408&h=240&yaw=267.88034&pitch=0&thumbfov=100",https://www.google.com/maps/search/?api=1&query=Hongs%20Restaurant&query_place_id=ChIJu9DnhqEQLxgRHUnULV3Y_0Y,ChIJu9DnhqEQLxgRHUnULV3Y_0Y,False
Lao Shandong Restaurant,Chinese restaurant,"525 Kindaruma Rd, Nairobi, Kenya",,,,,,"https://www.google.com/maps/search/?api=1&query=Lao%20Shandong%20Restaurant&query_place_id=ChIJm0pyYacRLxgRQj1YLeSPjx4 | https://www.google.com/maps/search/restaurant/@-1.296413588499247,36.78227498330685,16z?hl=en",https://www.google.com/maps/search/?api=1&query=Lao%20Shandong%20Restaurant&query_place_id=ChIJm0pyYacRLxgRQj1YLeSPjx4,ChIJm0pyYacRLxgRQj1YLeSPjx4,False
Mandarin Kenya,Chinese restaurant,"Junction Mall, Ngong Rd, Nairobi, Kenya",+254 105 000105,,,,,"https://www.google.com/maps/search/?api=1&query=Mandarin%20Kenya&query_place_id=ChIJaaBLBLcbLxgRR-8vMGLFoQw | https://www.google.com/maps/search/restaurant/@-1.2983534384615385,36.76283634615385,17.002332677197412z?hl=en | https://lh3.googleusercontent.com/gps-cs-s/AHRPTWkn3ms-n6rMSjlwxTi9ZwG-gXF-q2qAE81HaFXSg7rGuu2iqpA8mIp6SRhmYFU0wgaSl2geUm7z2oLU9GyWrPkXpUMxNloMnifHowyHIs4jUAB-J__vSNIwasefRVV82qM1HzDX=w408-h306-k-no",https://www.google.com/maps/search/?api=1&query=Mandarin%20Kenya&query_place_id=ChIJaaBLBLcbLxgRR-8vMGLFoQw,ChIJaaBLBLcbLxgRR-8vMGLFoQw,False
Red lantern chinese restaurant,Chinese restaurant,"PQ4P+WR5, Nairobi, Kenya",,,,,,"https://www.google.com/maps/search/?api=1&query=Red%20lantern%20chinese%20restaurant&query_place_id=ChIJ0V0dSQARLxgRwvrgdGtJE9o | https://www.google.com/maps/search/restaurant/@-1.296413588499247,36.78227498330685,16z?hl=en | https://streetviewpixels-pa.googleapis.com/v1/thumbnail?panoid=sNx8mmgAS9UY51T6AtVkqw&cb_client=search.gws-prod.gps&w=408&h=240&yaw=301.82318&pitch=0&thumbfov=100",https://www.google.com/maps/search/?api=1&query=Red%20lantern%20chinese%20restaurant&query_place_id=ChIJ0V0dSQARLxgRwvrgdGtJE9o,ChIJ0V0dSQARLxgRwvrgdGtJE9o,False
ROYAL MINGZHU BRILLIANT RESTAURANT,Chinese restaurant,"PQ7H+4HW, Suguta Rd, Nairobi, Kenya",+254 799 908888,,,,,"https://www.google.com/maps/search/?api=1&query=ROYAL%20MINGZHU%20BRILLIANT%20RESTAURANT&query_place_id=ChIJtwc9MyUbLxgRmOpScGjrK0M | https://www.google.com/maps/search/restaurant/@-1.2792325141654115,36.76508901669314,16z?hl=en | https://lh3.googleusercontent.com/gps-cs-s/AHRPTWnLcjWtI_KUYmL3C5O1GTyNz1utPLbb-rH3GxcyULn_EkCXpXzp7nX0hVQ8Juy8kGkFv5Lg6JxEnSRvq0Prf7fPQSUNMwI0CQF75qE0peNgdRw5fGMpzDNrPug10xa3CxPIBypu=w408-h271-k-no",https://www.google.com/maps/search/?api=1&query=ROYAL%20MINGZHU%20BRILLIANT%20RESTAURANT&query_place_id=ChIJtwc9MyUbLxgRmOpScGjrK0M,ChIJtwc9MyUbLxgRmOpScGjrK0M,False
Shanghai Chinese Restaurant,Chinese restaurant,"New Hurlingham Plaza, Argwings Kodhek Rd, Starehe, Kenya",+254 20 2710856,,,,,"https://www.google.com/maps/search/?api=1&query=Shanghai%20Chinese%20Restaurant&query_place_id=ChIJlep94r0QLxgRZzs0pbFmsQY | https://www.google.com/maps/search/restaurant/@-1.296413588499247,36.79946094992056,16z?hl=en | https://lh3.googleusercontent.com/gps-cs-s/AHRPTWlsiad9myGULjMPPROg4kVeo7jmYOtG2Nfwvl5hFzW1RdL8oPr6KCl-ymm69t-9HKfNdEwWbcEE9ryrPK4Rk0pMGSF4Vb1rGdaCvc8OaO1Dc-LSOnilPMtZO67CzZZuzhUtsR2n=w408-h306-k-no",https://www.google.com/maps/search/?api=1&query=Shanghai%20Chinese%20Restaurant&query_place_id=ChIJlep94r0QLxgRZzs0pbFmsQY,ChIJlep94r0QLxgRZzs0pbFmsQY,False
"Shangrila restaurant galana road,galana plaza 1st floor",Chinese restaurant,"PQ5M+M6X, Nairobi, Kenya",,,,,,"https://www.google.com/maps/search/?api=1&query=Shangrila%20restaurant%20galana%20road%2Cgalana%20plaza%201st%20floor&query_place_id=ChIJkbhaGQARLxgRipdQVDFnk_0 | https://www.google.com/maps/search/restaurant/@-1.296413588499247,36.78227498330685,16z?hl=en | https://lh3.googleusercontent.com/gps-cs-s/AHRPTWn1KWHKNHowJUax0xziywafVmxzWyHLjWTai9GeKGeTdc-8r2Jxp1rEnb8yl2OGSzb9Mx-Gnt284uYQKdWQzYKlQrtmpdV0Vp2xZ54CqK6W_E_kmqz4Vo4bCqzjuMS75e5OnRec4g=w408-h306-k-no",https://www.google.com/maps/search/?api=1&query=Shangrila%20restaurant%20galana%20road%2Cgalana%20plaza%201st%20floor&query_place_id=ChIJkbhaGQARLxgRipdQVDFnk_0,ChIJkbhaGQARLxgRipdQVDFnk_0,False
Spicy Road Chinese Hotpot Restaurant,Chinese restaurant,"麻辣之路Spicy Road Chinese Hotpot, Muchai Dr, Nairobi, Kenya",+254 114 395508,,,,,"https://www.google.com/maps/search/?api=1&query=Spicy%20Road%20Chinese%20Hotpot%20Restaurant&query_place_id=ChIJq5Nn8X0RLxgR9i5807xIBuY | https://www.google.com/maps/search/restaurant/@-1.296413588499247,36.79946094992056,16z?hl=en | https://lh3.googleusercontent.com/gps-cs-s/AHRPTWk6fu4B5joChdPhhhaEidUVdTqgcqDlU5GWVKKtiMYRODwL14OxYd7R5342nmqXnY016swstiikr75FnlSNoqssxixVuMgjhrEJGGGmEY3CFYKEwWsNumFcdrHuulNcmeu4fCm3=w426-h240-k-no",https://www.google.com/maps/search/?api=1&query=Spicy%20Road%20Chinese%20Hotpot%20Restaurant&query_place_id=ChIJq5Nn8X0RLxgR9i5807xIBuY,ChIJq5Nn8X0RLxgR9i5807xIBuY,False
Spring Garden Chinese Restaurant,Chinese restaurant,"James Gichuru Road, Nairobi, Kenya",+254 20 4848558,,,,,"https://www.google.com/maps/search/?api=1&query=Spring%20Garden%20Chinese%20Restaurant&query_place_id=ChIJccdTlx0aLxgRwyad0stqWIU | https://www.google.com/maps/search/restaurant/@-1.2792325141654115,36.74790305007943,16z?hl=en | https://lh3.googleusercontent.com/gps-cs-s/AHRPTWmPVr1BffScbmPoHJnN0Mvb1yXwS0gFu9sM9XOGUFMOx248OEHm-JAf-rOyzMD5z_4BT7Yr2MOjyKMCHjrzZPPRjSYODP5KzfEtjvzodN6jwmK9XKcSabrHwI67v79refemg41n=w408-h544-k-no",https://www.google.com/maps/search/?api=1&query=Spring%20Garden%20Chinese%20Restaurant&query_place_id=ChIJccdTlx0aLxgRwyad0stqWIU,ChIJccdTlx0aLxgRwyad0stqWIU,False
Tamu Tamu Value Meals Lavington,Chinese restaurant,"PQ7F+34V, Nairobi, Kenya",+254 706 684329,,,,,"https://www.google.com/maps/search/?api=1&query=Tamu%20Tamu%20Value%20Meals%20Lavington&query_place_id=ChIJpyXeQIgbLxgRbf2LNJyW-1Y | https://www.google.com/maps/search/restaurant/@-1.2792325141654115,36.76508901669314,16z?hl=en | https://streetviewpixels-pa.googleapis.com/v1/thumbnail?panoid=ji1HIa1YWwH6JNrE1iR0NQ&cb_client=search.gws-prod.gps&w=408&h=240&yaw=254.086&pitch=0&thumbfov=100",https://www.google.com/maps/search/?api=1&query=Tamu%20Tamu%20Value%20Meals%20Lavington&query_place_id=ChIJpyXeQIgbLxgRbf2LNJyW-1Y,ChIJpyXeQIgbLxgRbf2LNJyW-1Y,False
The Great Wall Restaurant,Chinese restaurant,"Valley Arcade Shopping Centre, P. O. Box 76586, Nairobi, Kenya",+254 20 3867025,,,,,"https://www.google.com/maps/search/?api=1&query=The%20Great%20Wall%20Restaurant&query_place_id=ChIJFY_jyxEaLxgRB_8dmiaC5FU | https://www.google.com/maps/search/restaurant/@-1.296413588499247,36.76508901669314,16z?hl=en | https://streetviewpixels-pa.googleapis.com/v1/thumbnail?panoid=6vf0MKgEX6hlMJGv2wLbfA&cb_client=search.gws-prod.gps&w=408&h=240&yaw=183.328&pitch=0&thumbfov=100",https://www.google.com/maps/search/?api=1&query=The%20Great%20Wall%20Restaurant&query_place_id=ChIJFY_jyxEaLxgRB_8dmiaC5FU,ChIJFY_jyxEaLxgRB_8dmiaC5FU,False
Wongtai Lavington,Chinese restaurant,"PQ7F+34M, Nairobi, Kenya",+254 706 684329,,,,,"https://www.google.com/maps/search/?api=1&query=Wongtai%20Lavington&query_place_id=ChIJUxA0o2MbLxgRZv4PuOOSnbA | https://www.google.com/maps/search/restaurant/@-1.2895935545454547,36.773318836363636,17.002337659462743z?hl=en | http://t2.gstatic.com/images?q=tbn:ANd9GcRExIE2PENV2c10_mwCo7nik49nUY-hQot2ZLee2_SiAAKVaMNl",https://www.google.com/maps/search/?api=1&query=Wongtai%20Lavington&query_place_id=ChIJUxA0o2MbLxgRZv4PuOOSnbA,ChIJUxA0o2MbLxgRZv4PuOOSnbA,False
Xian Restaurant,Chinese restaurant,"Salonika Villas, Muthangari Rd, 69671 - 00400, Nairobi, Kenya",+254 703 146302,,,,,"https://www.google.com/maps/search/?api=1&query=Xian%20Restaurant&query_place_id=ChIJza6B9w8aLxgRD6xvYXIpoco | https://www.google.com/maps/search/restaurant/@-1.296413588499247,36.76508901669314,16z?hl=en | https://lh3.googleusercontent.com/gps-cs-s/AHRPTWnwv-ROEi-K8HMX1zFccilNmjkEE5UIQI6unq9diWeDZ19o8OIi162OE6Xqibthj5K9zcsdGLgGasgcArqj_ejDuvMuNcdmb3GHgBWPorIvd931h3QhBZ3lYHArbCrTYlEJ9mOIVA=w436-h240-k-no",https://www.google.com/maps/search/?api=1&query=Xian%20Restaurant&query_place_id=ChIJza6B9w8aLxgRD6xvYXIpoco,ChIJza6B9w8aLxgRD6xvYXIpoco,False
Xiang Restaurant 湘菜馆,Chinese restaurant,"PQ7M+C8G, Nairobi, Kenya",+254 116 008888,,,,,"https://www.google.com/maps/search/?api=1&query=Xiang%20Restaurant%20%E6%B9%98%E8%8F%9C%E9%A6%86&query_place_id=ChIJ6daghwIRLxgRvYfJNl2wcKE | https://www.google.com/maps/search/restaurant/@-1.2792325141654115,36.78227498330685,16z?hl=en | https://lh3.googleusercontent.com/gps-cs-s/AHRPTWn62jdg1TFLB5_68PeXt1cNT9cVGRAOB33tFz9yyxDIrItnEQlX1QhdE3oJ1B3QWT9k5orkfR6HbVeVCI8AbewrqTnAu3zGW0U5Ufjcx5odSzFjEPL2Tcy7J9nc-ejMo7gNyaL_=w408-h306-k-no",https://www.google.com/maps/search/?api=1&query=Xiang%20Restaurant%20%E6%B9%98%E8%8F%9C%E9%A6%86&query_place_id=ChIJ6daghwIRLxgRvYfJNl2wcKE,ChIJ6daghwIRLxgRvYfJNl2wcKE,False
一筒江湖火锅店,Chinese restaurant,"Kenya, Nairobi, KE",+254 795 508615,,,,,"https://www.google.com/maps/search/?api=1&query=%E4%B8%80%E7%AD%92%E6%B1%9F%E6%B9%96%E7%81%AB%E9%94%85%E5%BA%97&query_place_id=ChIJg1y4eQARLxgRhUwMpIdFJ-Q | https://www.google.com/maps/search/restaurant/@-1.293340725,36.778052200000005,17.00233553235424z?hl=en | https://lh3.googleusercontent.com/gps-cs-s/AHRPTWnuCg3sS3R58zhgJS9HBlWpH4uzSVqqDb-fcAt8xnEDH_QAik-9TwJhzSzT3712buwmA-zFelI_PkMZZM1qJLv7QlWtu19qLQSTovkPRqz184oAQCrD3h0hSdzWq9OyYMVbYvXEkw=w408-h544-k-no",https://www.google.com/maps/search/?api=1&query=%E4%B8%80%E7%AD%92%E6%B1%9F%E6%B9%96%E7%81%AB%E9%94%85%E5%BA%97&query_place_id=ChIJg1y4eQARLxgRhUwMpIdFJ-Q,ChIJg1y4eQARLxgRhUwMpIdFJ-Q,False
东方明珠餐厅,Chinese restaurant,"PQ7H+2MH, Suguta Rd, Nairobi, Kenya",,,,,,"https://www.google.com/maps/search/?api=1&query=%E4%B8%9C%E6%96%B9%E6%98%8E%E7%8F%A0%E9%A4%90%E5%8E%85&query_place_id=ChIJlU56fGgbLxgRpqien9C13qs | https://www.google.com/maps/search/restaurant/@-1.2895935545454547,36.773318836363636,17.002337659462743z?hl=en | https://lh3.googleusercontent.com/gps-cs-s/AHRPTWnWtpZ0zRoOPZh6UyvjqYlIXXX1ljzTX9oiRjpzNMcP7BtaCYGu0-UMMFJsaQj36W0-pxNbAA2jIlpMHK0Za1u9kmgBBQhL2cIZUWL08UG0KW9rwseSCfgeaqdSwv3AGRZlXHGvaaNFexOx=w408-h306-k-no",https://www.google.com/maps/search/?api=1&query=%E4%B8%9C%E6%96%B9%E6%98%8E%E7%8F%A0%E9%A4%90%E5%8E%85&query_place_id=ChIJlU56fGgbLxgRpqien9C13qs,ChIJlU56fGgbLxgRpqien9C13qs,False
中国餐厅 地摊火锅,Chinese restaurant,"12 Riara Rd, Nairobi, Kenya",,,,,,"https://www.google.com/maps/search/?api=1&query=%E4%B8%AD%E5%9B%BD%E9%A4%90%E5%8E%85%20%E5%9C%B0%E6%91%8A%E7%81%AB%E9%94%85&query_place_id=ChIJY_gmSwAbLxgR7cfaxZGakvc | https://www.google.com/maps/search/restaurant/@-1.2955217,36.7736869,17.002334291465527z?hl=en | https://streetviewpixels-pa.googleapis.com/v1/thumbnail?panoid=v3geG3BAeRADw_5l1RETag&cb_client=search.gws-prod.gps&w=408&h=240&yaw=180.7051&pitch=0&thumbfov=100",https://www.google.com/maps/search/?api=1&query=%E4%B8%AD%E5%9B%BD%E9%A4%90%E5%8E%85%20%E5%9C%B0%E6%91%8A%E7%81%AB%E9%94%85&query_place_id=ChIJY_gmSwAbLxgR7cfaxZGakvc,ChIJY_gmSwAbLxgR7cfaxZGakvc,False
如院餐厅,Chinese restaurant,"Kenya, Nairobi, KE",,,,,,"https://www.google.com/maps/search/?api=1&query=%E5%A6%82%E9%99%A2%E9%A4%90%E5%8E%85&query_place_id=ChIJH-YZfQAbLxgRkplTTmHC6_E | https://www.google.com/maps/search/restaurant/@-1.2955217,36.7736869,17.002334291465527z?hl=en | https://lh3.googleusercontent.com/gps-cs-s/AHRPTWli9sB_0HUjFqePWfshXKIgNeXaIsTcFyXQfmANzGlOCRSgqqYfWarbsZ6SnMrrrXQW8-4aZhPyF1fJrl7_rw8ZJJsmxdzmVoX5mv83gSwcIO3BhmYysa6K7kO10CorU-0INJInENgs_uSy=w408-h544-k-no",https://www.google.com/maps/search/?api=1&query=%E5%A6%82%E9%99%A2%E9%A4%90%E5%8E%85&query_place_id=ChIJH-YZfQAbLxgRkplTTmHC6_E,ChIJH-YZfQAbLxgRkplTTmHC6_E,False
福佑,Chinese restaurant,"PQ6C+6FH, Muthangari Rd, Nairobi, Kenya",,,,,,"https://www.google.com/maps/search/?api=1&query=%E7%A6%8F%E4%BD%91&query_place_id=ChIJq6iMIAAbLxgR8JhThRNcmVw | https://www.google.com/maps/search/restaurant/@-1.293340725,36.778052200000005,17.00233553235424z?hl=en | https://streetviewpixels-pa.googleapis.com/v1/thumbnail?panoid=7Zifz1sZWqj1GEKde7y1iw&cb_client=search.gws-prod.gps&w=408&h=240&yaw=268.2251&pitch=0&thumbfov=100",https://www.google.com/maps/search/?api=1&query=%E7%A6%8F%E4%BD%91&query_place_id=ChIJq6iMIAAbLxgR8JhThRNcmVw,ChIJq6iMIAAbLxgR8JhThRNcmVw,False
DENGIL BAR AND RESTAURANT,Country food restaurant,"station road, Nairobi, Kenya",+254 704 120977,,,,,"https://www.google.com/maps/search/?api=1&query=DENGIL%20BAR%20AND%20RESTAURANT&query_place_id=ChIJx_K4qNgbLxgRhCwXfMmGvw8 | https://www.google.com/maps/search/restaurant/@-1.3135946628330823,36.76508901669314,16z?hl=en | https://lh3.googleusercontent.com/gps-cs-s/AHRPTWnNjS0yeaXuNJXsgC-zh6QPA9Fe7ZGAEyf0K2Y21qyhM7Ucryy81iORPPlF7aqicxWlU-y0fQf3_ewuiN-tlYu_-sBp30NIxNVOCIfS9w9UjxfzZBHANVx9jNOV0SdJPvy81MDn=w408-h272-k-no",https://www.google.com/maps/search/?api=1&query=DENGIL%20BAR%20AND%20RESTAURANT&query_place_id=ChIJx_K4qNgbLxgRhCwXfMmGvw8,ChIJx_K4qNgbLxgRhCwXfMmGvw8,False
Sage's Kitchen (Enkang Apartments),Diner,"Ngong Rd, Nairobi, Kenya",+254 100 915445,,,,,"https://www.google.com/maps/search/?api=1&query=Sage | https://www.google.com/maps/search/restaurant/@-1.30206825,36.7531745,17.002330554175863z?hl=en | https://lh3.googleusercontent.com/gps-cs-s/AHRPTWnTy3VLLI0FyX3pp8k2wRfbnMaG8jzYKBk5U16qtoKeleezx6R8pcH6v7y2R3eWQuU1IpW0SN24OBD3UobPWOEZxcguOpITuIUQcUumpgpi47GheCTd-EWOUISA-Fq-_lPxERmE=w408-h306-k-no",https://www.google.com/maps/search/?api=1&query=Sage's%20Kitchen%20(Enkang%20Apartments)&query_place_id=ChIJaeovVlMRLxgRkO5UWd9miYc,ChIJaeovVlMRLxgRkO5UWd9miYc,False
Mile Habesha Restaurant,Eritrean restaurant,"Metropolitan Court, Argwings Kodhek Rd, Nairobi City, Kenya",+254 741 213532,,,,,"https://www.google.com/maps/search/?api=1&query=Mile%20Habesha%20Restaurant&query_place_id=ChIJgT4GkSsRLxgRVkFlLXYs2ag | https://www.google.com/maps/search/restaurant/@-1.296413588499247,36.78227498330685,16z?hl=en | https://lh3.googleusercontent.com/gps-cs-s/AHRPTWmu7xhn3YXNn88Vi2FXn7F3qaSWtahof6htswGVvaPS_E7Ny17OMxiYtGO22RZKhd6YqiXo4ZToER3Vmoj45wayQpBDW2AnlteoKh2LsmhaZJ1Yvx8NY_QmpHqukq3DqQ7AW5Qe=w408-h306-k-no",https://www.google.com/maps/search/?api=1&query=Mile%20Habesha%20Restaurant&query_place_id=ChIJgT4GkSsRLxgRVkFlLXYs2ag,ChIJgT4GkSsRLxgRVkFlLXYs2ag,False
"Devino Ethiopian ,Kenya restaurant",Ethiopian restaurant,"Ring Rd, Nairobi, Kenya",+254 796 730774,,,,,"https://www.google.com/maps/search/?api=1&query=Devino%20Ethiopian%20%2CKenya%20restaurant&query_place_id=ChIJdemrpaQRLxgRx2deIZ0IGHU | https://www.google.com/maps/search/restaurant/@-1.296413588499247,36.78227498330685,16z?hl=en | https://lh3.googleusercontent.com/gps-cs-s/AHRPTWlzzMUmGHIaoqsAMxrOxScViY-8I8PHU4gE_Jf3bA0HcpEE_PF8-Ug2XQEgP9m7SA2qLLUJthJWqi5xkckgUcjbXXcdlCxrEUj2yPLTlNm_ub97bcARJIL4WrPnQrXWfEHCC__0=w408-h287-k-no",https://www.google.com/maps/search/?api=1&query=Devino%20Ethiopian%20%2CKenya%20restaurant&query_place_id=ChIJdemrpaQRLxgRx2deIZ0IGHU,ChIJdemrpaQRLxgRx2deIZ0IGHU,False
Manu's Kitchen Ke,Ethiopian restaurant,"Shopping Centre, Nairobi, Kenya",+254 799 655570,,,,,"https://www.google.com/maps/search/?api=1&query=Manu | https://www.google.com/maps/search/restaurant/@-1.2999357,36.7739766,17.00233177367389z?hl=en | https://streetviewpixels-pa.googleapis.com/v1/thumbnail?panoid=j2VY1tR0R-wqPhl54kyyqQ&cb_client=search.gws-prod.gps&w=408&h=240&yaw=3.7064946&pitch=0&thumbfov=100",https://www.google.com/maps/search/?api=1&query=Manu's%20Kitchen%20Ke&query_place_id=ChIJe0CLp4AbLxgRegqnq5G5XYY,ChIJe0CLp4AbLxgRegqnq5G5XYY,False
Yamrot shop,Ethiopian restaurant,"Yamrot shop, Nairobi, Kenya",+254 728 179599,,,,,"https://www.google.com/maps/search/?api=1&query=Yamrot%20shop&query_place_id=ChIJB-xRNYUbLxgR1OY32BiNDzg | https://www.google.com/maps/search/restaurant/@-1.2999357,36.7739766,17.00233177367389z?hl=en | https://lh3.googleusercontent.com/gps-cs-s/AHRPTWn_WrNVMR8Sa2oVT8y9WzAVj84mVhWsqiehK1Cvn231QBQXCuDbrJ0zhBRxDMU-1hxOQ1cWsJf-MM0qvjw0yBAB_gWBAmN_bj5bqDwAFClRXjjEofyITS_x49sD0muN=w408-h306-k-no",https://www.google.com/maps/search/?api=1&query=Yamrot%20shop&query_place_id=ChIJB-xRNYUbLxgR1OY32BiNDzg,ChIJB-xRNYUbLxgR1OY32BiNDzg,False
Zara Lounge,Ethiopian restaurant,"MQWC+CHR Shopping Centre, Nairobi, Kenya",,,,,,"https://www.google.com/maps/search/?api=1&query=Zara%20Lounge&query_place_id=ChIJeR4bXwAbLxgRFrtJFC2ZCOg | https://www.google.com/maps/search/restaurant/@-1.2999357,36.7739766,17.00233177367389z?hl=en",https://www.google.com/maps/search/?api=1&query=Zara%20Lounge&query_place_id=ChIJeR4bXwAbLxgRFrtJFC2ZCOg,ChIJeR4bXwAbLxgRFrtJFC2ZCOg,False
Ahadu Ethiopian Restaurant,Family restaurant,"PQ4P+3PJ, Nairobi, Kenya",+254 799 937562,,,,,"https://www.google.com/maps/search/?api=1&query=Ahadu%20Ethiopian%20Restaurant&query_place_id=ChIJi6aUGgARLxgRorGkLZQBH8I | https://www.google.com/maps/search/restaurant/@-1.296413588499247,36.78227498330685,16z?hl=en | https://streetviewpixels-pa.googleapis.com/v1/thumbnail?panoid=_fk_3Y_Jc_HInPgwalGb4A&cb_client=search.gws-prod.gps&w=408&h=240&yaw=349.53503&pitch=0&thumbfov=100",https://www.google.com/maps/search/?api=1&query=Ahadu%20Ethiopian%20Restaurant&query_place_id=ChIJi6aUGgARLxgRorGkLZQBH8I,ChIJi6aUGgARLxgRorGkLZQBH8I,False
AJ’s Urban Fish Restaurant Kilimani,Family restaurant,"6 Argwings Kodhek Rd, Nairobi, Kenya",+254 703 708903,,,,,"https://www.google.com/maps/search/?api=1&query=AJ%E2%80%99s%20Urban%20Fish%20Restaurant%20Kilimani&query_place_id=ChIJy-kYZAARLxgR4vv0-KQG9Tg | https://www.google.com/maps/search/restaurant/@-1.296413588499247,36.76508901669314,16z?hl=en | http://t2.gstatic.com/images?q=tbn:ANd9GcTmtpZPDCbSpTDMqQhE4S8uDpxIlciyvsTEAyTc69uGDafWQOYq",https://www.google.com/maps/search/?api=1&query=AJ%E2%80%99s%20Urban%20Fish%20Restaurant%20Kilimani&query_place_id=ChIJy-kYZAARLxgR4vv0-KQG9Tg,ChIJy-kYZAARLxgR4vv0-KQG9Tg,False
Alliance Restaurant,Family restaurant,"MQWC+C94, Nairobi, Kenya",+254 791 310870,,,,,"https://www.google.com/maps/search/?api=1&query=Alliance%20Restaurant&query_place_id=ChIJO6JYXAAbLxgRkyUFnUevtu0 | https://www.google.com/maps/search/restaurant/@-1.296413588499247,36.76508901669314,16z?hl=en",https://www.google.com/maps/search/?api=1&query=Alliance%20Restaurant&query_place_id=ChIJO6JYXAAbLxgRkyUFnUevtu0,ChIJO6JYXAAbLxgRkyUFnUevtu0,False
Chini ya Mnazi Dishes,Family restaurant,"Suna Rd, Nairobi, Kenya",+254 722 883494,,,,,"https://www.google.com/maps/search/?api=1&query=Chini%20ya%20Mnazi%20Dishes&query_place_id=ChIJG9tgVeYbLxgRZVJ00gjcHPw | https://www.google.com/maps/search/restaurant/@-1.2999357,36.7739766,17.00233177367389z?hl=en | https://lh3.googleusercontent.com/gps-cs-s/AHRPTWmxhKUPyxTiLoc3ovk02W6TwqbrkBA7iL5BQG6T9h1U4jOZAt7dLUedGj3oRMIPlvGsL3ak-xVAc8pA0RkVVuBysvcd4lBAO286FW7sMC8LZ0FCBmYBIxwoYjJbUcn_5b6eMmbeWw=w408-h306-k-no",https://www.google.com/maps/search/?api=1&query=Chini%20ya%20Mnazi%20Dishes&query_place_id=ChIJG9tgVeYbLxgRZVJ00gjcHPw,ChIJG9tgVeYbLxgRZVJ00gjcHPw,False
Golden Hour Restaurant,Family restaurant,"PQ5R+93X, Nairobi, Kenya",+254 792 008008,,,,,"https://www.google.com/maps/search/?api=1&query=Golden%20Hour%20Restaurant&query_place_id=ChIJ6ZkfYAARLxgRsrMfWqIlbMk | https://www.google.com/maps/search/restaurant/@-1.296413588499247,36.78227498330685,16z?hl=en | https://lh3.googleusercontent.com/gps-cs-s/AHRPTWnerBNXgYzdf2W5UtgcFZ0glKq3uPGvmca-V3Li89_RPxN8hNZITbicNHtFXA3YT_Z5QTGV4MCxpdsf5GQ6v9_E8uPCZd_EkbdsXY18UZZmaJOtZSbPWGKIsCNZ45qn7-qt2QYX_Q=w426-h240-k-no",https://www.google.com/maps/search/?api=1&query=Golden%20Hour%20Restaurant&query_place_id=ChIJ6ZkfYAARLxgRsrMfWqIlbMk,ChIJ6ZkfYAARLxgRsrMfWqIlbMk,False
Golis restaurant and Cafe,Family restaurant,"223 Kayahwe Rd, Nairobi, Kenya",+254 791 052929,,,,,"https://www.google.com/maps/search/?api=1&query=Golis%20restaurant%20and%20Cafe&query_place_id=ChIJFSqLIgARLxgROi67VNmXcgY | https://www.google.com/maps/search/restaurant/@-1.296413588499247,36.78227498330685,16z?hl=en | https://lh3.googleusercontent.com/gps-cs-s/AHRPTWlLTjtf4tFsEkYXk269njJacZ2qiTgPyLycZDaI-E9JiONEi0QO2lbOLFnBp7PU9Xl7x35q2pVHh3WWMvcmE7sOMDpk58SgcsaLklGCBsW17kG507DaVv0Kbrn6-ssqTlEnkZHhzi9WY88=w408-h544-k-no",https://www.google.com/maps/search/?api=1&query=Golis%20restaurant%20and%20Cafe&query_place_id=ChIJFSqLIgARLxgROi67VNmXcgY,ChIJFSqLIgARLxgROi67VNmXcgY,False
IVY'S CAFE,Family restaurant,"MQXF+CJ2, Joseph Kangethe Rd, Nairobi, Kenya",+254 710 524941,,,,,"https://www.google.com/maps/search/?api=1&query=IVY | https://www.google.com/maps/search/restaurant/@-1.2999357,36.7739766,17.00233177367389z?hl=en | https://lh3.googleusercontent.com/gps-cs-s/AHRPTWmWB_qUbyeRy6kGdOV1CwljC0eQDJN-Osfz6QXu3g2HT1kGVTnjN_XDtH6EsR-UX7-xPSPJTtJBCBC0djVTpmuxFa1wqIKxpmeXzDTdaiqBY3gzp9L128Ln--_701hAKIoOcsyZ=w408-h544-k-no",https://www.google.com/maps/search/?api=1&query=IVY'S%20CAFE&query_place_id=ChIJjQ_ex1wbLxgRI0BGFdDT-AQ,ChIJjQ_ex1wbLxgRI0BGFdDT-AQ,False
JAY JAY 2,Family restaurant,"PQ4P+WP9, Nairobi, Kenya",,,,,,"https://www.google.com/maps/search/?api=1&query=JAY%20JAY%202&query_place_id=ChIJx8KJbQARLxgRk_aZR9yYJm8 | https://www.google.com/maps/search/restaurant/@-1.296413588499247,36.79946094992056,16z?hl=en | https://streetviewpixels-pa.googleapis.com/v1/thumbnail?panoid=2o_yOfedPgsmRdprQPt0Wg&cb_client=search.gws-prod.gps&w=408&h=240&yaw=266.437&pitch=0&thumbfov=100",https://www.google.com/maps/search/?api=1&query=JAY%20JAY%202&query_place_id=ChIJx8KJbQARLxgRk_aZR9yYJm8,ChIJx8KJbQARLxgRk_aZR9yYJm8,False
K'Dana Restaurant,Family restaurant,"MRV4+6FX, Upperhill Links Rd, Nairobi, Kenya",,,,,,"https://www.google.com/maps/search/?api=1&query=K | https://www.google.com/maps/search/restaurant/@-1.3135946628330823,36.81664691653427,16z?hl=en | https://lh3.googleusercontent.com/gps-cs-s/AHRPTWmtDYUwqS6XqL6ek4S8xtvnzp42Khg4Xr5-gYEd7d1PkkflfUjZ5C_npmMx-sZfU31Lo42WipgssDa6jZtBXKeoPa6DdxTbydB1iXvH-o1dbI3YkDYFJQGI1wj5i4DX6Fp4Zz2oPw5Vf9Y=w408-h544-k-no",https://www.google.com/maps/search/?api=1&query=K'Dana%20Restaurant&query_place_id=ChIJf_QeppoRLxgRtKnh9pwD5AI,ChIJf_QeppoRLxgRtKnh9pwD5AI,False
Rami Restaurant injera / juice /coffee & Sudanese food,Family restaurant,"MQWC+62J, Kibera Station Rd, Nairobi, Kenya",,,,,,"https://www.google.com/maps/search/?api=1&query=Rami%20Restaurant%20injera%20%2F%20juice%20%2Fcoffee%20%26%20Sudanese%20food&query_place_id=ChIJ-RlRVQAbLxgRwWFqSLIbatw | https://www.google.com/maps/search/restaurant/@-1.296413588499247,36.76508901669314,16z?hl=en | https://lh3.googleusercontent.com/gps-cs-s/AHRPTWkO6nkIXYfjTaEzJS34a3R366UlrRXz8kwihMPEEFbifVYA8pR9BkMJQSzpba9fy7KhDBPf-J14XiNSXFyLFEoP68zwAvWtKoGxCmY58vKYjI7r7xcfCCUCs0HXYbzOL9sNZgzVpw=w408-h549-k-no",https://www.google.com/maps/search/?api=1&query=Rami%20Restaurant%20injera%20%2F%20juice%20%2Fcoffee%20%26%20Sudanese%20food&query_place_id=ChIJ-RlRVQAbLxgRwWFqSLIbatw,ChIJ-RlRVQAbLxgRwWFqSLIbatw,False
Riara Food Court,Family restaurant,"Riara, Ole Dume Rd, Nairobi, Kenya",+254 777 996984,,,,,"https://www.google.com/maps/search/?api=1&query=Riara%20Food%20Court&query_place_id=ChIJb9TFg2sbLxgRo9Dya_SPVO8 | https://www.google.com/maps/search/restaurant/@-1.2955217,36.7736869,17.002334291465527z?hl=en | https://lh3.googleusercontent.com/gps-cs-s/AHRPTWlENIdswwwZmIrd08MWovTfrh0lp7V2VR8ucUfcoQr3bBSgxyHyMV11VljXiCbMULB526ouQvvajVkZrLzay4GTAWJ-wvEs2POUQhqheVBFw52cWdPikbmD5WTqav8bLUmuFOU4LA=w408-h306-k-no",https://www.google.com/maps/search/?api=1&query=Riara%20Food%20Court&query_place_id=ChIJb9TFg2sbLxgRo9Dya_SPVO8,ChIJb9TFg2sbLxgRo9Dya_SPVO8,False
Shark Foods,Family restaurant,"Menelik Menelik Rd, Nairobi, Kenya",,,,,,"https://www.google.com/maps/search/?api=1&query=Shark%20Foods&query_place_id=ChIJV8vZc1YRLxgRWjkgGwiDuFc | https://www.google.com/maps/search/restaurant/@-1.293340725,36.778052200000005,17.00233553235424z?hl=en | https://streetviewpixels-pa.googleapis.com/v1/thumbnail?panoid=87H0n6nPiaIRvQcqkxCfuw&cb_client=search.gws-prod.gps&w=408&h=240&yaw=69.64189&pitch=0&thumbfov=100",https://www.google.com/maps/search/?api=1&query=Shark%20Foods&query_place_id=ChIJV8vZc1YRLxgRWjkgGwiDuFc,ChIJV8vZc1YRLxgRWjkgGwiDuFc,False
Tamra Lounge,Family restaurant,"Wood Garden Rd, Nairobi, Kenya",,,,,,"https://www.google.com/maps/search/?api=1&query=Tamra%20Lounge&query_place_id=ChIJ5zYkAgARLxgRjOegGWz7qjs | https://www.google.com/maps/search/restaurant/@-1.2986442,36.77959205,17.00233251124554z?hl=en | https://lh3.googleusercontent.com/gps-cs-s/AHRPTWnLwFu0Qfk-gAcOwBvskgttg51u07n0uhP8pLxX0Z_r5--1jmpT6nvcfrrp6thSYSchPojR0MsX3WB-AbrQcZsUhDGxa1AgbUaYzXmWgJjLvzhTSWJ6i24echmTKK4UEMzI2TGX6TAumKGd=w408-h544-k-no",https://www.google.com/maps/search/?api=1&query=Tamra%20Lounge&query_place_id=ChIJ5zYkAgARLxgRjOegGWz7qjs,ChIJ5zYkAgARLxgRjOegGWz7qjs,False
The Grand Oak-Atlas House,Family restaurant,"Forest Edge Road, Karen, Opposite Bomas of Kenya, Nairobi, Kenya",,,,,,"https://www.google.com/maps/search/?api=1&query=The%20Grand%20Oak-Atlas%20House&query_place_id=ChIJUdNfhFobLxgRfJGprEXgzd4 | https://www.google.com/maps/search/restaurant/@-1.3479568115007532,36.76508901669314,16z?hl=en | https://lh3.googleusercontent.com/gps-cs-s/AHRPTWlwJfRHFCle5i9RjyPjky-kqZ0Lg3I_bmnzawbeSSgAPCdXtnxcZYVwOlUTMTMD2NaqGlM7_7pRLa7EfTfX9cq1hj0UeXuNNSdM7rz2s5ep7PAQw_3vmELi0m3Fj1jXDris0n_t_Oh5m78K=w408-h251-k-no",https://www.google.com/maps/search/?api=1&query=The%20Grand%20Oak-Atlas%20House&query_place_id=ChIJUdNfhFobLxgRfJGprEXgzd4,ChIJUdNfhFobLxgRfJGprEXgzd4,False
The Quest Cafe Soko Safi,Family restaurant,"Hokmat House, Ngong Rd, Nairobi, Kenya",+254 710 882993,,,,,"https://www.google.com/maps/search/?api=1&query=The%20Quest%20Cafe%20Soko%20Safi&query_place_id=ChIJgZ98NxcRLxgRl89RtkWtUu8 | https://www.google.com/maps/search/restaurant/@-1.3013050000000002,36.7787164,17.002330990869897z?hl=en | https://lh3.googleusercontent.com/gps-cs-s/AHRPTWl5-3Q2GuEG5y7Ij6524bGhjaghNhGwKcfFPMrqRNfyFGPT46HNP1HUHFH3X84-gQWijrIC6M55QDMQiX5pCgeWhaqRRVs5aLuZbNW3eeMckxZrtKsyfCR4jITBMu45yXDO0g1I=w408-h306-k-no",https://www.google.com/maps/search/?api=1&query=The%20Quest%20Cafe%20Soko%20Safi&query_place_id=ChIJgZ98NxcRLxgRl89RtkWtUu8,ChIJgZ98NxcRLxgRl89RtkWtUu8,False
Wazi Cuisine Restaurant,Family restaurant,"Kibra access Road, off Raila Odinga Wy, Kenya",+254 110 239861,,,,,"https://www.google.com/maps/search/?api=1&query=Wazi%20Cuisine%20Restaurant&query_place_id=ChIJH6SDWFwRLxgRrNj2uYy2QAg | https://www.google.com/maps/search/restaurant/@-1.3135946628330823,36.81664691653427,16z?hl=en | https://lh3.googleusercontent.com/gps-cs-s/AHRPTWlaC8zQRTFXdRHywi26PwpQUlC-rfJr_3RtzNtio3hKAqW0NhrPMwLK2vb6fJqrgQv9fu1ofJVGt4soION9WLRMYI4NWKJYAv7_WDx76gIhliz0izTRI2bWeqsxk_pFT4TKY_uvZeVZi9io=w408-h540-k-no",https://www.google.com/maps/search/?api=1&query=Wazi%20Cuisine%20Restaurant&query_place_id=ChIJH6SDWFwRLxgRrNj2uYy2QAg,ChIJH6SDWFwRLxgRrNj2uYy2QAg,False
YP chillout,Family restaurant,"905 James Gichuru Road, Nairobi, Kenya",+254 742 825265,,,,,"https://www.google.com/maps/search/?api=1&query=YP%20chillout&query_place_id=ChIJBQMQ5OUZLxgRXxC5c3ReQms | https://www.google.com/maps/search/restaurant/@-1.2792325141654115,36.76508901669314,16z?hl=en | https://lh3.googleusercontent.com/gps-cs-s/AHRPTWnhFzOWhavcSrOPrQNCfv0BfYBEPphCZFayKB-U9Y1PXk19XRUfYJGqLaG8arhOJuIB6FGbK4PrOtIYl0_R4Or3TtAKYov2wxSiJ7DpeBTDbShmnvjZPyOyDnysMDqpqXOZW0bTVA=w408-h306-k-no",https://www.google.com/maps/search/?api=1&query=YP%20chillout&query_place_id=ChIJBQMQ5OUZLxgRXxC5c3ReQms,ChIJBQMQ5OUZLxgRXxC5c3ReQms,False
Ace snack bar,Fast food restaurant,"Riruta, Kenya",+254 743 302807,,,,,"https://www.google.com/maps/search/?api=1&query=Ace%20snack%20bar&query_place_id=ChIJDYMJ6fYbLxgREFNaLkE1ML0 | https://www.google.com/maps/search/restaurant/@-1.296413588499247,36.73071708346572,16z?hl=en | https://streetviewpixels-pa.googleapis.com/v1/thumbnail?panoid=S1vdbzrvT2XXAGDdGANuTA&cb_client=search.gws-prod.gps&w=408&h=240&yaw=189.43604&pitch=0&thumbfov=100",https://www.google.com/maps/search/?api=1&query=Ace%20snack%20bar&query_place_id=ChIJDYMJ6fYbLxgREFNaLkE1ML0,ChIJDYMJ6fYbLxgREFNaLkE1ML0,False
AISHA’S GRILL LA,Fast food restaurant,"Maboko Rd, Nairobi, Kenya",+254 797 369072,,,,,"https://www.google.com/maps/search/?api=1&query=AISHA%E2%80%99S%20GRILL%20LA&query_place_id=ChIJ7dEP3SwRLxgREy1Yufh8bTE | https://www.google.com/maps/search/restaurant/@-1.3307757371669178,36.78227498330685,16z?hl=en | https://lh3.googleusercontent.com/gps-cs-s/AHRPTWkR7-IFZEVPwYNjxnUVe06o5bjZo-28XcAUF-9hPftS-PRk-cSSqaIYk2e7zXa5IFxT_xG5c9hl95etv4Z0cT2gLhzTbZMCMa_qWCDDM5n-uiWJipZzmVVrW0keAwNu3Ruedo64lBuF1DZY=w408-h306-k-no",https://www.google.com/maps/search/?api=1&query=AISHA%E2%80%99S%20GRILL%20LA&query_place_id=ChIJ7dEP3SwRLxgREy1Yufh8bTE,ChIJ7dEP3SwRLxgREy1Yufh8bTE,False
Aroma Spot Restaurant,Fast food restaurant,"PQ2H+6C8, Nairobi, Kenya",+254 700 179989,,,,,"https://www.google.com/maps/search/?api=1&query=Aroma%20Spot%20Restaurant&query_place_id=ChIJYQLlJXQaLxgRe2yi9pmJ7kY | https://www.google.com/maps/search/restaurant/@-1.296413588499247,36.76508901669314,16z?hl=en | https://streetviewpixels-pa.googleapis.com/v1/thumbnail?panoid=tnFSklL0KxEGG9kZKzXlog&cb_client=search.gws-prod.gps&w=408&h=240&yaw=357.36575&pitch=0&thumbfov=100",https://www.google.com/maps/search/?api=1&query=Aroma%20Spot%20Restaurant&query_place_id=ChIJYQLlJXQaLxgRe2yi9pmJ7kY,ChIJYQLlJXQaLxgRe2yi9pmJ7kY,False
Big Bhajia,Fast food restaurant,"MQWH+FR4, Joseph Kangethe Rd, Nairobi, Kenya",+254 720 493466,,,,,"https://www.google.com/maps/search/?api=1&query=Big%20Bhajia&query_place_id=ChIJ-49tOgAbLxgRNRFiA4fCAnc | https://www.google.com/maps/search/restaurant/@-1.2999357,36.7739766,17.00233177367389z?hl=en | https://lh3.googleusercontent.com/gps-cs-s/AHRPTWmxISmPrar_n66o13mhikK-hI5yGthEql7fE6VBLPO_rRCRKtdPrO-Y3clVvIpBLaW6ChPv2lWNVwpACp1NByQxi8R0fiX6MDKD-Oep3vY77naPRkc7Tyw3pFmI8AgCY6L3Kwy3GXXhnKg=w426-h240-k-no",https://www.google.com/maps/search/?api=1&query=Big%20Bhajia&query_place_id=ChIJ-49tOgAbLxgRNRFiA4fCAnc,ChIJ-49tOgAbLxgRNRFiA4fCAnc,False
Bosto,Fast food restaurant,"MP3P+XH5, Fana Rd, Nairobi, Kenya",,,,,,"https://www.google.com/maps/search/?api=1&query=Bosto&query_place_id=ChIJtYQQBwAFLxgRKzChgPOY5dA | https://www.google.com/maps/search/restaurant/@-1.3479568115007532,36.74790305007943,16z?hl=en | https://streetviewpixels-pa.googleapis.com/v1/thumbnail?panoid=1zBkfavn-Oj4QhdYVxNgRg&cb_client=search.gws-prod.gps&w=408&h=240&yaw=136.6016&pitch=0&thumbfov=100",https://www.google.com/maps/search/?api=1&query=Bosto&query_place_id=ChIJtYQQBwAFLxgRKzChgPOY5dA,ChIJtYQQBwAFLxgRKzChgPOY5dA,False
Chapo Chap Catering,Fast food restaurant,"MPWW+CH4, Ngong Rd, Nairobi, Kenya",,,,,,"https://www.google.com/maps/search/?api=1&query=Chapo%20Chap%20Catering&query_place_id=ChIJVdTULk4aLxgRg4t0KKP36no | https://www.google.com/maps/search/restaurant/@-1.30206825,36.7531745,17.002330554175863z?hl=en | https://streetviewpixels-pa.googleapis.com/v1/thumbnail?panoid=KX5Pb-vA7u-symJygCRH5Q&cb_client=search.gws-prod.gps&w=408&h=240&yaw=340.47076&pitch=0&thumbfov=100",https://www.google.com/maps/search/?api=1&query=Chapo%20Chap%20Catering&query_place_id=ChIJVdTULk4aLxgRg4t0KKP36no,ChIJVdTULk4aLxgRg4t0KKP36no,False
Chez Apollo,Fast food restaurant,"PQ25+GH5 Ngando, Nairobi, Kenya",,,,,,"https://www.google.com/maps/search/?api=1&query=Chez%20Apollo&query_place_id=ChIJAYjKWQAbLxgR-gHgELN_Wkw | https://www.google.com/maps/search/restaurant/@-1.30206825,36.7531745,17.002330554175863z?hl=en | https://streetviewpixels-pa.googleapis.com/v1/thumbnail?panoid=vu22C3ubkXmcL5dXbMJgyA&cb_client=search.gws-prod.gps&w=408&h=240&yaw=219.04411&pitch=0&thumbfov=100",https://www.google.com/maps/search/?api=1&query=Chez%20Apollo&query_place_id=ChIJAYjKWQAbLxgR-gHgELN_Wkw,ChIJAYjKWQAbLxgR-gHgELN_Wkw,False
Chutzpah Bitez,Fast food restaurant,"Kitengela Rd, Nairobi, Kenya",+254 721 553875,,,,,"https://www.google.com/maps/search/?api=1&query=Chutzpah%20Bitez&query_place_id=ChIJCXdPx_sRLxgRzIVxREaF8-k | https://www.google.com/maps/search/restaurant/@-1.3307757371669178,36.78227498330685,16z?hl=en | https://lh3.googleusercontent.com/gps-cs-s/AHRPTWlgBiFlPG8qgQuUvtDnmPz3wCdG34GWZyk_V31ov4INpORVbP6hVyvK2pNkc6YUZu1gK7WlnhFdQ2eJazgMtTH1smeQdOx50zbuEkpgMGb1CnxJUC9KFuq8Qw2tqAlNp5cpPVC9eHnG1E5B=w426-h240-k-no",https://www.google.com/maps/search/?api=1&query=Chutzpah%20Bitez&query_place_id=ChIJCXdPx_sRLxgRzIVxREaF8-k,ChIJCXdPx_sRLxgRzIVxREaF8-k,False
Double O's Grill,Fast food restaurant,"Gitanga Close, Nairobi, Kenya",+254 724 269551,,,,,"https://www.google.com/maps/search/?api=1&query=Double%20O | https://www.google.com/maps/search/restaurant/@-1.2895935545454547,36.773318836363636,17.002337659462743z?hl=en",https://www.google.com/maps/search/?api=1&query=Double%20O's%20Grill&query_place_id=ChIJpUKjDnAbLxgR41svSeunQC8,ChIJpUKjDnAbLxgR41svSeunQC8,False
El Isma Cafeteria,Fast food restaurant,"Hendred Ave, Nairobi, Kenya",+254 721 827429,,,,,"https://www.google.com/maps/search/?api=1&query=El%20Isma%20Cafeteria&query_place_id=ChIJccfxYsYbLxgRt1bCdOYRxsI | https://www.google.com/maps/search/restaurant/@-1.2955217,36.7736869,17.002334291465527z?hl=en | https://lh3.googleusercontent.com/gps-cs-s/AHRPTWl2e2cInDCCPI7oYFJJOHbJ1CnSEEpxM5iucj5wr-K3C4AB0OWpbTGdSDol5uwILHET03Qcri4eQVqcHN9-0MZl5BVO4PIr_P59areBEaHJqC2LTSuM2RiHF1acY6Qop3WGvY7obw=w408-h306-k-no",https://www.google.com/maps/search/?api=1&query=El%20Isma%20Cafeteria&query_place_id=ChIJccfxYsYbLxgRt1bCdOYRxsI,ChIJccfxYsYbLxgRt1bCdOYRxsI,False
Fahari Kitchen,Fast food restaurant,"PQ58+PX6, Hendred Ave, Nairobi, Kenya",+254 743 189166,,,,,"https://www.google.com/maps/search/?api=1&query=Fahari%20Kitchen&query_place_id=ChIJjYJRcwAbLxgRolkfHx5SCm8 | https://www.google.com/maps/search/restaurant/@-1.2895935545454547,36.773318836363636,17.002337659462743z?hl=en",https://www.google.com/maps/search/?api=1&query=Fahari%20Kitchen&query_place_id=ChIJjYJRcwAbLxgRolkfHx5SCm8,ChIJjYJRcwAbLxgRolkfHx5SCm8,False
Fanwell's Chapati Smokies,Fast food restaurant,"PQ7H+2R9, Suguta Rd, Nairobi, Kenya",,,,,,"https://www.google.com/maps/search/?api=1&query=Fanwell | https://www.google.com/maps/search/restaurant/@-1.2895935545454547,36.773318836363636,17.002337659462743z?hl=en | https://streetviewpixels-pa.googleapis.com/v1/thumbnail?panoid=0kxeDB-mpbKlUukqiXQIIA&cb_client=search.gws-prod.gps&w=408&h=240&yaw=123.397255&pitch=0&thumbfov=100",https://www.google.com/maps/search/?api=1&query=Fanwell's%20Chapati%20Smokies&query_place_id=ChIJYfoxnG4bLxgRqqXtfBetgMw,ChIJYfoxnG4bLxgRqqXtfBetgMw,False
Frying Nemo Kenya,Fast food restaurant,"Valley Arcade Mini Mall, Kenya",+254 799 861680,,,,,"https://www.google.com/maps/search/?api=1&query=Frying%20Nemo%20Kenya&query_place_id=ChIJUQkwM-MbLxgROANzO1hoDEk | https://www.google.com/maps/search/restaurant/@-1.296413588499247,36.76508901669314,16z?hl=en | https://lh3.googleusercontent.com/gps-cs-s/AHRPTWn_QI9RVv9tnQ2X3Aiu9w3LGzAN2Ggy58Mf5M_A5cuqaf0zNuSG4k1z41pN2N_mtOt6J53CZ3R6l58wiKgKQnfl1oEgfiMj7nl8JaLzaNKxbcBxUNJ1TUA8EUN4OtdvoNxIFkg=w408-h272-k-no",https://www.google.com/maps/search/?api=1&query=Frying%20Nemo%20Kenya&query_place_id=ChIJUQkwM-MbLxgROANzO1hoDEk,ChIJUQkwM-MbLxgROANzO1hoDEk,False
HOTSTACK,Fast food restaurant,"Muthangari Gardens, Nairobi, Kenya",+254 143 701888,,,,,"https://www.google.com/maps/search/?api=1&query=HOTSTACK&query_place_id=ChIJSw3yWh4bLxgRVPuHtUg82rk | https://www.google.com/maps/search/restaurant/@-1.2895935545454547,36.773318836363636,17.002337659462743z?hl=en | https://lh3.googleusercontent.com/gps-cs-s/AHRPTWkJ9yZEgTJZVcGmq5vKHptgR11KZr3ofm80UNcXQwKKyEi0htvQ_HykrfCgwlInR8oE11Om0DD05J1IaTrd45kgpF5585BFIjryF8Hn6uV5ZCDYd6nyAiXOhA6p7mEpg4lpSL6y4iyEoYOV=w408-h544-k-no",https://www.google.com/maps/search/?api=1&query=HOTSTACK&query_place_id=ChIJSw3yWh4bLxgRVPuHtUg82rk,ChIJSw3yWh4bLxgRVPuHtUg82rk,False
Hungers Pot,Fast food restaurant,"PQ52+PXX, Nairobi, Kenya",+254 708 758427,,,,,"https://www.google.com/maps/search/?api=1&query=Hungers%20Pot&query_place_id=ChIJFzAGTHYbLxgRIKynCQUAmEY | https://www.google.com/maps/search/restaurant/@-1.296413588499247,36.74790305007943,16z?hl=en | https://streetviewpixels-pa.googleapis.com/v1/thumbnail?panoid=TY2qZ9nxEjndJSVf1YrboA&cb_client=search.gws-prod.gps&w=408&h=240&yaw=344.73495&pitch=0&thumbfov=100",https://www.google.com/maps/search/?api=1&query=Hungers%20Pot&query_place_id=ChIJFzAGTHYbLxgRIKynCQUAmEY,ChIJFzAGTHYbLxgRIKynCQUAmEY,False
Junk Funk,Fast food restaurant,"Nairobi, Kenya",+254 702 882386,,,,,"https://www.google.com/maps/search/?api=1&query=Junk%20Funk&query_place_id=ChIJO3fNIHsRLxgRkpPDdgM4D2U | https://www.google.com/maps/search/restaurant/@-1.3307757371669178,36.78227498330685,16z?hl=en | https://lh3.googleusercontent.com/gps-cs-s/AHRPTWl6PpgxNr4yvxchIiwPtxZM2_7Dp5dv3VlAnaHZiApUBytxZFt8_hAjewrva84g_yCQ0S16PqyqIjwjnmexeK-80iOQdpp-jDreVJqKt4X0mWyzP4GvAwvq7r1FfmrF_2yfLlyuji0-eylz=w408-h588-k-no",https://www.google.com/maps/search/?api=1&query=Junk%20Funk&query_place_id=ChIJO3fNIHsRLxgRkpPDdgM4D2U,ChIJO3fNIHsRLxgRkpPDdgM4D2U,False
Kanna Foodtruck Adams,Fast food restaurant,"PQ2H+RR4, Elgeyo Marakwet N, Nairobi, Kenya",+254 113 676395,,,,,"https://www.google.com/maps/search/?api=1&query=Kanna%20Foodtruck%20Adams&query_place_id=ChIJ-9RAHAAbLxgRuyNULA58PVo | https://www.google.com/maps/search/restaurant/@-1.2955217,36.7736869,17.002334291465527z?hl=en | https://lh3.googleusercontent.com/gps-cs-s/AHRPTWn-ElHP5ZeG2lKN4DBkl8BJS7Irv1feJ5JaIhn5uvlGoCe2nUfr2B32KJ5MGZR37bPeleyX5w5Z-hmR8_pY5wYGm4dU2oxF5QnGoaDLIqqfsw257eC57SFEMYKxq8iUdcEIPQN5=w408-h544-k-no",https://www.google.com/maps/search/?api=1&query=Kanna%20Foodtruck%20Adams&query_place_id=ChIJ-9RAHAAbLxgRuyNULA58PVo,ChIJ-9RAHAAbLxgRuyNULA58PVo,False
KUKU KITCHEN,Fast food restaurant,"Junction mall, Ngong Rd, Nairobi, Kenya",+254 768 549116,,,,,"https://www.google.com/maps/search/?api=1&query=KUKU%20KITCHEN&query_place_id=ChIJ_Rj8ndwbLxgROcSmp1JyybM | https://www.google.com/maps/search/restaurant/@-1.2983534384615385,36.76283634615385,17.002332677197412z?hl=en | https://lh3.googleusercontent.com/gps-cs-s/AHRPTWlB-EUCjtKkaQZGNS1z5KmG-fcdUlryU9Yxj1di8oYhJQohoHUHKGX2rqiAehvUp8rVqvZkBJR_5CgJ3QjrFG3wVe540ykIx7YLHso7bs5rMIhiZVLXc3HwQ7fMhsa3ok5qd-Cq=w408-h544-k-no",https://www.google.com/maps/search/?api=1&query=KUKU%20KITCHEN&query_place_id=ChIJ_Rj8ndwbLxgROcSmp1JyybM,ChIJ_Rj8ndwbLxgROcSmp1JyybM,False
KUKU PLACE,Fast food restaurant,"MPXX+H3G, Mama Wahu Rd, Nairobi, Kenya",+254 742 328415,,,,,"https://www.google.com/maps/search/?api=1&query=KUKU%20PLACE&query_place_id=ChIJj0pkXpYbLxgRurOs3r5KWDk | https://www.google.com/maps/search/restaurant/@-1.30206825,36.7531745,17.002330554175863z?hl=en | https://streetviewpixels-pa.googleapis.com/v1/thumbnail?panoid=zKvIgTxQlWEE58C0JTTIcw&cb_client=search.gws-prod.gps&w=408&h=240&yaw=332.82236&pitch=0&thumbfov=100",https://www.google.com/maps/search/?api=1&query=KUKU%20PLACE&query_place_id=ChIJj0pkXpYbLxgRurOs3r5KWDk,ChIJj0pkXpYbLxgRurOs3r5KWDk,False
Kwa johnny,Fast food restaurant,"MQGM+3M7, Maboko Rd, Nairobi, Kenya",,,,,,"https://www.google.com/maps/search/?api=1&query=Kwa%20johnny&query_place_id=ChIJxdXsVQARLxgR__C2OuesYUg | https://www.google.com/maps/search/restaurant/@-1.3307757371669178,36.78227498330685,16z?hl=en | https://streetviewpixels-pa.googleapis.com/v1/thumbnail?panoid=0YDIdojsFe5K0D9HrU4RKQ&cb_client=search.gws-prod.gps&w=408&h=240&yaw=306.75418&pitch=0&thumbfov=100",https://www.google.com/maps/search/?api=1&query=Kwa%20johnny&query_place_id=ChIJxdXsVQARLxgR__C2OuesYUg,ChIJxdXsVQARLxgR__C2OuesYUg,False
KWS Airwing Cafe,Fast food restaurant,"Wilson Airport, Nairobi, Kenya",,,,,,"https://www.google.com/maps/search/?api=1&query=KWS%20Airwing%20Cafe&query_place_id=ChIJcXmTqTERLxgR2ksrcyE4u3Y | https://www.google.com/maps/search/restaurant/@-1.3307757371669178,36.81664691653427,16z?hl=en | https://lh3.googleusercontent.com/gps-cs-s/AHRPTWkZOAuD30pOPVNnS_krqttfi1zd65Y1WcHO5fOJmNhGt3-zMUDMGTXy628fNNqsCYIrgNa5LCT0XsKhqACag2NiVf0cQxPH9uvjX2rZqYIBe-cublLXpEBCgZsmkw55QAFyIjig=w408-h725-k-no",https://www.google.com/maps/search/?api=1&query=KWS%20Airwing%20Cafe&query_place_id=ChIJcXmTqTERLxgR2ksrcyE4u3Y,ChIJcXmTqTERLxgR2ksrcyE4u3Y,False
LA Marie's Kitchen,Fast food restaurant,"off Kungu Karumba Rd, Nairobi, Kenya",+254 729 983447,,,,,"https://www.google.com/maps/search/?api=1&query=LA%20Marie | https://www.google.com/maps/search/restaurant/@-1.3307757371669178,36.78227498330685,16z?hl=en | https://streetviewpixels-pa.googleapis.com/v1/thumbnail?panoid=uYK1YCK1T1vmCdkDrW2kaQ&cb_client=search.gws-prod.gps&w=408&h=240&yaw=89.374344&pitch=0&thumbfov=100",https://www.google.com/maps/search/?api=1&query=LA%20Marie's%20Kitchen&query_place_id=ChIJuc8zYrobLxgRzjRG5iBjY8Y,ChIJuc8zYrobLxgRzjRG5iBjY8Y,False
Lakers Chicken Africa - Lavington,Fast food restaurant,"PQ6F+27Q, located in Covo, Square, Gitanga Rd, Nairobi, Kenya",+254 115 527277,,,,,"https://www.google.com/maps/search/?api=1&query=Lakers%20Chicken%20Africa%20-%20Lavington&query_place_id=ChIJyRvVMYwbLxgRdYpkWkyD-Xk | https://www.google.com/maps/search/restaurant/@-1.293340725,36.778052200000005,17.00233553235424z?hl=en | https://lh3.googleusercontent.com/gps-cs-s/AHRPTWmak-gzm7oT75ggaAqd-7go5dZA2T-chRw53ed13Edc5OiGRQxRNg7DTpPhd9pKVtX7po5anb9Nrnc8NQa1yef0V_z9hlMosOwWz2j_TPWRnDVbePfmjWR9aLcoVPokVJ63_Al7SH-lbC3I=w426-h240-k-no",https://www.google.com/maps/search/?api=1&query=Lakers%20Chicken%20Africa%20-%20Lavington&query_place_id=ChIJyRvVMYwbLxgRdYpkWkyD-Xk,ChIJyRvVMYwbLxgRdYpkWkyD-Xk,False
Lam kitchen,Fast food restaurant,"PQ58+JWW, Hendred Ave, Nairobi, Kenya",+254 714 531113,,,,,"https://www.google.com/maps/search/?api=1&query=Lam%20kitchen&query_place_id=ChIJTQqvWf8bLxgRru0wHDVUDas | https://www.google.com/maps/search/restaurant/@-1.296413588499247,36.76508901669314,16z?hl=en | https://lh3.googleusercontent.com/gps-cs-s/AHRPTWnNq7sn-ZUkjJO_3dwXCSfWFY1VxCmL9zqcoBaAqCdEDsMsi_3bmO0-pc6DiWEFt_gc3meD0zle4HS1TO1ZTgQXRLaZpMR87JwlE_sxc9DPh3fm-_T7EUQfXeSIYRhWNurPhcLdkg=w408-h725-k-no",https://www.google.com/maps/search/?api=1&query=Lam%20kitchen&query_place_id=ChIJTQqvWf8bLxgRru0wHDVUDas,ChIJTQqvWf8bLxgRru0wHDVUDas,False
lanrah catering,Fast food restaurant,"PP2W+6FX, Ngong Rd, Nairobi, Kenya",+254 715 268568,,,,,"https://www.google.com/maps/search/?api=1&query=lanrah%20catering&query_place_id=ChIJnTHCFQAbLxgRX30K4XNx-dM | https://www.google.com/maps/search/restaurant/@-1.30206825,36.7531745,17.002330554175863z?hl=en | https://lh3.googleusercontent.com/gps-cs-s/AHRPTWkv15KrBuEXDKGl1ArS0kPRxopp1S5pvrO5Ls5Jhqs_3cJwhzgkPic9id8Q-cX9gVDPBuLzhDOUotyy_veQeZ3fAIsSShaN35lPRoYjUST-mvaLur3xnykPj09EwxsP63u3URPlPg=w408-h408-k-no",https://www.google.com/maps/search/?api=1&query=lanrah%20catering&query_place_id=ChIJnTHCFQAbLxgRX30K4XNx-dM,ChIJnTHCFQAbLxgRX30K4XNx-dM,False
Mackees Burgers,Fast food restaurant,"Langata Rd, Nairobi, Kenya",+254 715 980085,,,,,"https://www.google.com/maps/search/?api=1&query=Mackees%20Burgers&query_place_id=ChIJ9ZEvXUsFLxgRW2q_8KBJxUE | https://www.google.com/maps/search/restaurant/@-1.3479568115007532,36.76508901669314,16z?hl=en | https://lh3.googleusercontent.com/gps-cs-s/AHRPTWlkiW-FLbr7Sp-4YgX4za-jvhW11BkWKHvhinfIm32yKdFqO3I2bi9NQMCYHX8e0tRMNkuMFxZDQvFV1H-sjEVIaEJL2DqRWngbxySxTXfFH-AQgyYu_gc2c9kG7ByUPZ7Fv_oFkw=w408-h246-k-no",https://www.google.com/maps/search/?api=1&query=Mackees%20Burgers&query_place_id=ChIJ9ZEvXUsFLxgRW2q_8KBJxUE,ChIJ9ZEvXUsFLxgRW2q_8KBJxUE,False
Mak Pizza,Fast food restaurant,"Langata Road, Kenya",+254 706 052108,,,,,"https://www.google.com/maps/search/?api=1&query=Mak%20Pizza&query_place_id=ChIJvW7iHfcbLxgREj9KP4BOhlc | https://www.google.com/maps/search/restaurant/@-1.3479568115007532,36.74790305007943,16z?hl=en | https://lh3.googleusercontent.com/gps-cs-s/AHRPTWlxMVSXXp6LDMdy4OTjSSYtTUZaXYefoiW-6Z3DqguRo03_Nz-tFLBMMENxzuN08pZLajR4zryvTZiIZZ9LtC6XdUlyfWBHSaD3NAQ9MuxzwVZIkMw-hz23uBJJvshxLm0n2MGwOg=w408-h408-k-no",https://www.google.com/maps/search/?api=1&query=Mak%20Pizza&query_place_id=ChIJvW7iHfcbLxgREj9KP4BOhlc,ChIJvW7iHfcbLxgREj9KP4BOhlc,False
Mak Pizza n Fries,Fast food restaurant,"Langata, Kenya",+254 713 759056,,,,,"https://www.google.com/maps/search/?api=1&query=Mak%20Pizza%20n%20Fries&query_place_id=ChIJ1w2igY0RLxgRZl10TzWk5gE | https://www.google.com/maps/search/restaurant/@-1.3307757371669178,36.78227498330685,16z?hl=en | https://lh3.googleusercontent.com/gps-cs-s/AHRPTWmHXK9AIMey0X-8hfo5Rv7Zx6UVvTSj_ZTYddwn1dWaoSdd-CrIedtb29CIPw8mzNlmBRsC3zeQzCQs3GiPrUVVNMptJu6y-gCVihPh5hDiiiTQ6XsVbW3HOwucD1VH6A1J6Sg=w418-h240-k-no",https://www.google.com/maps/search/?api=1&query=Mak%20Pizza%20n%20Fries&query_place_id=ChIJ1w2igY0RLxgRZl10TzWk5gE,ChIJ1w2igY0RLxgRZl10TzWk5gE,False
Mcfrys,Fast food restaurant,"MPVP+9F8, Nairobi, Kenya",,,,,,"https://www.google.com/maps/search/?api=1&query=Mcfrys&query_place_id=ChIJP17YZAAbLxgRmzhLzFLK8Hk | https://www.google.com/maps/search/restaurant/@-1.3135946628330823,36.73071708346572,16z?hl=en | http://t2.gstatic.com/images?q=tbn:ANd9GcSrOGJOv-G8m4iSErwPRwsfF5aAslgipIWr87k1oT1OdFvNFGKa",https://www.google.com/maps/search/?api=1&query=Mcfrys&query_place_id=ChIJP17YZAAbLxgRmzhLzFLK8Hk,ChIJP17YZAAbLxgRmzhLzFLK8Hk,False
Mo's Delicacies,Fast food restaurant,"330 Gitanga Rd, Nairobi, Kenya",+254 740 753779,,,,,"https://www.google.com/maps/search/?api=1&query=Mo | https://www.google.com/maps/search/restaurant/@-1.292292,36.7671123,17.00233612829275z?hl=en",https://www.google.com/maps/search/?api=1&query=Mo's%20Delicacies&query_place_id=ChIJb1I_TLkRLxgRE8OjI8f6vGk,ChIJb1I_TLkRLxgRE8OjI8f6vGk,False
Mr I-Fries,Fast food restaurant,"MQVH+H2Q, Nairobi, Kenya",+254 729 241824,,,,,"https://www.google.com/maps/search/?api=1&query=Mr%20I-Fries&query_place_id=ChIJV8q5HgAbLxgRPhs1LCSBBtA | https://www.google.com/maps/search/restaurant/@-1.3135946628330823,36.76508901669314,16z?hl=en | https://lh3.googleusercontent.com/gps-cs-s/AHRPTWkAXlvFERDNUcSUo418rB_Q8S8Snm2vs6921reA9xNN08jJCPcxF-MrqIf-lXABiCj1MCo9kZlYfpSrKE2X2ynxCoNnHHximBjr4wnTKB0PZ3Nd7aOzjxTtXn89CpyN7IlBZBYbW7RW9CIz=w408-h544-k-no",https://www.google.com/maps/search/?api=1&query=Mr%20I-Fries&query_place_id=ChIJV8q5HgAbLxgRPhs1LCSBBtA,ChIJV8q5HgAbLxgRPhs1LCSBBtA,False
Nas delights,Fast food restaurant,"Swaminarayan St, Nairobi, Kenya",+254 714 327203,,,,,"https://www.google.com/maps/search/?api=1&query=Nas%20delights&query_place_id=ChIJo5uiOZERLxgRp3GGHP8hW8A | https://www.google.com/maps/search/restaurant/@-1.3307757371669178,36.79946094992056,16z?hl=en | https://lh3.googleusercontent.com/gps-cs-s/AHRPTWmaienxcLlSTXhJd0qfiDwdD39nDuo4JSHZ8x9smDhG8_mFx5GtCtjTLi1FVK4KL8Mk3lMwOfZh6_GVpSK4I4zl7IMM_R-Z6IAO2r-25OWRCGAoBYzlVWMgKLMlKw1GI8rmiFg=w408-h612-k-no",https://www.google.com/maps/search/?api=1&query=Nas%20delights&query_place_id=ChIJo5uiOZERLxgRp3GGHP8hW8A,ChIJo5uiOZERLxgRp3GGHP8hW8A,False
Oleshine Butchery and Eatery,Fast food restaurant,"Mokoyeti Rd W, Nairobi, Kenya",+254 726 230181,,,,,"https://www.google.com/maps/search/?api=1&query=Oleshine%20Butchery%20and%20Eatery&query_place_id=ChIJ6ZOCw0UbLxgR6AOZWOIq4IQ | https://www.google.com/maps/search/restaurant/@-1.3479568115007532,36.74790305007943,16z?hl=en | https://lh3.googleusercontent.com/gps-cs-s/AHRPTWnmW6YJP80k9mT3zBwlb0Sqiipwz6iA7dqQQosuR8pd_h7YmVR8Lkz3UExzW9Ujnk-OrzmxIQgG0FQYnPkfSN8zDPSYbF01SnAYq9vpfEmToi-yCaqTSDc3GP0ud-q_rXKI7eEXakVeUFtG=w533-h240-k-no",https://www.google.com/maps/search/?api=1&query=Oleshine%20Butchery%20and%20Eatery&query_place_id=ChIJ6ZOCw0UbLxgR6AOZWOIq4IQ,ChIJ6ZOCw0UbLxgR6AOZWOIq4IQ,False
Pop Inn Chicken & Shawarma,Fast food restaurant,"MQFH+G6P, Nairobi, Kenya",,,,,,"https://www.google.com/maps/search/?api=1&query=Pop%20Inn%20Chicken%20%26%20Shawarma&query_place_id=ChIJwZycZwAbLxgRivHHX5fZ2ZA | https://www.google.com/maps/search/restaurant/@-1.3307757371669178,36.78227498330685,16z?hl=en | https://streetviewpixels-pa.googleapis.com/v1/thumbnail?panoid=-C0VICvd0XLypv-B6FP5jA&cb_client=search.gws-prod.gps&w=408&h=240&yaw=344.12024&pitch=0&thumbfov=100",https://www.google.com/maps/search/?api=1&query=Pop%20Inn%20Chicken%20%26%20Shawarma&query_place_id=ChIJwZycZwAbLxgRivHHX5fZ2ZA,ChIJwZycZwAbLxgRivHHX5fZ2ZA,False
Pork Dash,Fast food restaurant,"PQ59+P25, Mbaazi Rd, Nairobi, Kenya",,,,,,"https://www.google.com/maps/search/?api=1&query=Pork%20Dash&query_place_id=ChIJlyM-IgAbLxgRGxk9fVEpmP0 | https://www.google.com/maps/search/restaurant/@-1.2895935545454547,36.773318836363636,17.002337659462743z?hl=en | http://t0.gstatic.com/images?q=tbn:ANd9GcQycJyTlq9vhHMcN25JgMdeoAnMLY_-jFSMGsRyweZ7Rg7vV1cT",https://www.google.com/maps/search/?api=1&query=Pork%20Dash&query_place_id=ChIJlyM-IgAbLxgRGxk9fVEpmP0,ChIJlyM-IgAbLxgRGxk9fVEpmP0,False
RoastNSizzle,Fast food restaurant,"Karandini Rd, Nairobi, Kenya",+254 745 688510,,,,,"https://www.google.com/maps/search/?api=1&query=RoastNSizzle&query_place_id=ChIJ0ex2NbAbLxgR4kp4IJGKY2o | https://www.google.com/maps/search/restaurant/@-1.30206825,36.7531745,17.002330554175863z?hl=en | https://lh3.googleusercontent.com/gps-cs-s/AHRPTWnsLj8djxyyobpkR6ammiUxZsx3Z-o5voosMaF2qrB5P3m8sQCARssvAQCH_Wb3DVmGVPq9ZfMSbJN0Y6rq5sB19g-NLrPHCHFvu9xb4nU8P1h8FuMsLaD70fzSK_l8fY0otbU=w408-h510-k-no",https://www.google.com/maps/search/?api=1&query=RoastNSizzle&query_place_id=ChIJ0ex2NbAbLxgR4kp4IJGKY2o,ChIJ0ex2NbAbLxgR4kp4IJGKY2o,False
Samosa Afrique,Fast food restaurant,"Ngotho Rd, Nairobi, Kenya",+254 720 673893,,,,,"https://www.google.com/maps/search/?api=1&query=Samosa%20Afrique&query_place_id=ChIJj4OUiwYbLxgRheCvqrHHgXM | https://www.google.com/maps/search/restaurant/@-1.296413588499247,36.73071708346572,16z?hl=en | https://lh3.googleusercontent.com/gps-cs-s/AHRPTWkWTbusCYigMBrL2B-C1vlY4XLONojGezdyWQ-BKiM0lDwSLgNIzZJ8LL3exzwqHE476i9KoCKpvV_66GHB73Qpv75QTTXne2FbB9s0-I6C-4ru5Q-g5GbQ1nG1HDTZ6VVhoR_IHDzTUjZd=w408-h268-k-no",https://www.google.com/maps/search/?api=1&query=Samosa%20Afrique&query_place_id=ChIJj4OUiwYbLxgRheCvqrHHgXM,ChIJj4OUiwYbLxgRheCvqrHHgXM,False
Shawarma and Go,Fast food restaurant,"Nairobi, Kenya",+254 725 576612,,,,,"https://www.google.com/maps/search/?api=1&query=Shawarma%20and%20Go&query_place_id=ChIJC2JZnLgbLxgRiebs17iH6A0 | https://www.google.com/maps/search/restaurant/@-1.30206825,36.7531745,17.002330554175863z?hl=en | https://lh3.googleusercontent.com/gps-cs-s/AHRPTWk55VtvwtulKzJgTL5RUUkf9V82JcWXtKlXGMTHHH5ieWk9B-NqqDLQmgtlFgD-nul4rs0bNlfTb7ENUQQo8103hnxeQiJkQbrXWyR_iJ0uRwjz1-rqCtbQfzr_FbHCiowu0kV0=w408-h543-k-no",https://www.google.com/maps/search/?api=1&query=Shawarma%20and%20Go&query_place_id=ChIJC2JZnLgbLxgRiebs17iH6A0,ChIJC2JZnLgbLxgRiebs17iH6A0,True
Shawarma joint Langata,Fast food restaurant,"Kitengela Rd, Nairobi, Kenya",+254 720 949000,,,,,"https://www.google.com/maps/search/?api=1&query=Shawarma%20joint%20Langata&query_place_id=ChIJb0PY9tERLxgRwXiAV711x9g | https://www.google.com/maps/search/restaurant/@-1.3307757371669178,36.78227498330685,16z?hl=en | https://lh3.googleusercontent.com/gps-cs-s/AHRPTWmuuBFQgHmcM5ZsaaCRBu8UdS3fFXM9WHY790YqL4dqyZ_9nuf-MzidYRneK-k4DK5pqpFLlPvJj9yN2DyS86KlGYjePxErW-NVYH09T07bGaclmjeZgE703TfBmGiN3gx5pnDU=w408-h306-k-no",https://www.google.com/maps/search/?api=1&query=Shawarma%20joint%20Langata&query_place_id=ChIJb0PY9tERLxgRwXiAV711x9g,ChIJb0PY9tERLxgRwXiAV711x9g,False
Shunam Fast Food,Fast food restaurant,"MPXV+2MC, Nairobi, Kenya",+254 726 025025,,,,,"https://www.google.com/maps/search/?api=1&query=Shunam%20Fast%20Food&query_place_id=ChIJTQW-IQAbLxgRjrGH53E-XPg | https://www.google.com/maps/search/restaurant/@-1.296413588499247,36.73071708346572,16z?hl=en | https://streetviewpixels-pa.googleapis.com/v1/thumbnail?panoid=YqgJoRXc65v0jmNf0zlqhA&cb_client=search.gws-prod.gps&w=408&h=240&yaw=195.1355&pitch=0&thumbfov=100",https://www.google.com/maps/search/?api=1&query=Shunam%20Fast%20Food&query_place_id=ChIJTQW-IQAbLxgRjrGH53E-XPg,ChIJTQW-IQAbLxgRjrGH53E-XPg,False
Silver Spoon Eatery,Fast food restaurant,"off Kungu Karumba Rd, Nairobi, Kenya",,,,,,"https://www.google.com/maps/search/?api=1&query=Silver%20Spoon%20Eatery&query_place_id=ChIJBU1cRhwRLxgR3HZoW47m6Lc | https://www.google.com/maps/search/restaurant/@-1.3307757371669178,36.78227498330685,16z?hl=en | https://lh3.googleusercontent.com/gps-cs-s/AHRPTWmdx1ZVQMcWUN0cbF2WeEJ3W07bBCII4RplfccHBb1YmnlodhtlXZF9BVH5F4Q71Sbx2mluhNl10IXuuJhhdIUCuwZuj2UWZ3PuXCQmqeyL3l6LnCjkYw1hw2Q8bBl505v8j_vLOg=w408-h544-k-no",https://www.google.com/maps/search/?api=1&query=Silver%20Spoon%20Eatery&query_place_id=ChIJBU1cRhwRLxgR3HZoW47m6Lc,ChIJBU1cRhwRLxgR3HZoW47m6Lc,False
Spicy delight,Fast food restaurant,"MRC4+3F5, Langata Link Rd, Nairobi, Kenya",+254 710 509567,,,,,"https://www.google.com/maps/search/?api=1&query=Spicy%20delight&query_place_id=ChIJi_oHUAARLxgRKIQOW3Ql2Nk | https://www.google.com/maps/search/restaurant/@-1.3307757371669178,36.81664691653427,16z?hl=en | https://streetviewpixels-pa.googleapis.com/v1/thumbnail?panoid=0rOsl69PYEYfTNOJ2RIyag&cb_client=search.gws-prod.gps&w=408&h=240&yaw=15.245862&pitch=0&thumbfov=100",https://www.google.com/maps/search/?api=1&query=Spicy%20delight&query_place_id=ChIJi_oHUAARLxgRKIQOW3Ql2Nk,ChIJi_oHUAARLxgRKIQOW3Ql2Nk,False
sylvias kitchen,Fast food restaurant,"74240 Langata N Rd, Nairobi, Kenya",,,,,,"https://www.google.com/maps/search/?api=1&query=sylvias%20kitchen&query_place_id=ChIJuXNp06QbLxgRMz118wNfNbE | https://www.google.com/maps/search/restaurant/@-1.3307757371669178,36.76508901669314,16z?hl=en | https://streetviewpixels-pa.googleapis.com/v1/thumbnail?panoid=cT3g-bcEVqubu5-KqLvyPA&cb_client=search.gws-prod.gps&w=408&h=240&yaw=188.04634&pitch=0&thumbfov=100",https://www.google.com/maps/search/?api=1&query=sylvias%20kitchen&query_place_id=ChIJuXNp06QbLxgRMz118wNfNbE,ChIJuXNp06QbLxgRMz118wNfNbE,False
The Bhajia Guy,Fast food restaurant,"MRC3+JMG, Link Road, Nairobi, Kenya",+254 726 304014,,,,,"https://www.google.com/maps/search/?api=1&query=The%20Bhajia%20Guy&query_place_id=ChIJXyjrNAARLxgRPa5AbP-3M3U | https://www.google.com/maps/search/restaurant/@-1.3307757371669178,36.79946094992056,16z?hl=en | https://lh3.googleusercontent.com/gps-cs-s/AHRPTWkbHt65Pahapc5LtmYH-LAkUjPXtqxOuRtD3Cu_r_gUZrlX_NMGyIvvLu72_9kd52pnjeGhAmlZvYDi8nNmUsSe4yF0VGhPYTI6UGgAlfHWIN7zJOAVJFQ9dGurru8wo0ys-pTn=w408-h544-k-no",https://www.google.com/maps/search/?api=1&query=The%20Bhajia%20Guy&query_place_id=ChIJXyjrNAARLxgRPa5AbP-3M3U,ChIJXyjrNAARLxgRPa5AbP-3M3U,False
The food cave,Fast food restaurant,"At qwetu karen along, Nias food, Bogani E Rd, Nairobi, Kenya",+254 789 777789,,,,,"https://www.google.com/maps/search/?api=1&query=The%20food%20cave&query_place_id=ChIJy345ZPwFLxgRICqpn2be4es | https://www.google.com/maps/search/restaurant/@-1.3479568115007532,36.74790305007943,16z?hl=en | https://lh3.googleusercontent.com/gps-cs-s/AHRPTWmpb1haCqAJ8WbrH_q7mmr2_ofmhqxEAd6acpfMzng5ZGH0dKODELTvJrwVACVEAzYI9hYD2W6q0Tb_hjkHrcM9u0YHhIJu2vjBV7MyK_IDyRvReY7L1QgbxKXZbsofZW5VZN-bhiY7B1Id=w414-h240-k-no",https://www.google.com/maps/search/?api=1&query=The%20food%20cave&query_place_id=ChIJy345ZPwFLxgRICqpn2be4es,ChIJy345ZPwFLxgRICqpn2be4es,False
The Perfect Meals Restaurant,Fast food restaurant,"Blue Urban Heights Apartments, Ground Floor, Kenya",+254 794 061650,,,,,"https://www.google.com/maps/search/?api=1&query=The%20Perfect%20Meals%20Restaurant&query_place_id=ChIJS47FdL4RLxgRIrSu4qOnPrU | https://www.google.com/maps/search/restaurant/@-1.3135946628330823,36.79946094992056,16z?hl=en | https://lh3.googleusercontent.com/gps-cs-s/AHRPTWk8IMItszUUqO2zohUrdu1LIWZa90pu_kMGVDd5Fm0cMa8quQXhBuM0QJdsc3SCGN4sCPLAvcJLhg0Jb1NJhMMZuib9sUcPdOSlAYhB3ScJ6O_ETAXae4GExt7d7aF-4YkC0sm-=w408-h408-k-no",https://www.google.com/maps/search/?api=1&query=The%20Perfect%20Meals%20Restaurant&query_place_id=ChIJS47FdL4RLxgRIrSu4qOnPrU,ChIJS47FdL4RLxgRIrSu4qOnPrU,False
Vost fast food,Fast food restaurant,"Wanye Road, Off Naivasha Rd, Nairobi, Kenya",+254 746 854808,,,,,"https://www.google.com/maps/search/?api=1&query=Vost%20fast%20food&query_place_id=ChIJU-t9r5YbLxgRq9IEp-dAei4 | https://www.google.com/maps/search/restaurant/@-1.2983534384615385,36.76283634615385,17.002332677197412z?hl=en | https://lh3.googleusercontent.com/gps-cs-s/AHRPTWm6oHc7LCANQUxCv80WX5EG7FdI6zhdGExI-svrqnPx3g5pxhNa5uvZek-hkQhUyy75u-COuefwbQF0sJU53BtYZfndfJLH0M8hEWpdEXMrbU5xQDX_uwrkmZRz0FuN34BPRR0ueQ=w408-h544-k-no",https://www.google.com/maps/search/?api=1&query=Vost%20fast%20food&query_place_id=ChIJU-t9r5YbLxgRq9IEp-dAei4,ChIJU-t9r5YbLxgRq9IEp-dAei4,False
Wang'ombe Kiosk Oledume,Fast food restaurant,"Ole Dume Rd, Nairobi, Kenya",+254 724 377036,,,,,"https://www.google.com/maps/search/?api=1&query=Wang | https://www.google.com/maps/search/restaurant/@-1.2999357,36.7739766,17.00233177367389z?hl=en",https://www.google.com/maps/search/?api=1&query=Wang'ombe%20Kiosk%20Oledume&query_place_id=ChIJlws6MBAbLxgR9NPHoNAOx1A,ChIJlws6MBAbLxgR9NPHoNAOx1A,False
West Park Hotel,Fast food restaurant,"MQ7G+F8V Carnivore line, Langata Rd, Nairobi, Kenya",+254 701 197333,,,,,"https://www.google.com/maps/search/?api=1&query=West%20Park%20Hotel&query_place_id=ChIJL6rFy2AbLxgR8vYNtY2Hbmw | https://www.google.com/maps/search/restaurant/@-1.3307757371669178,36.78227498330685,16z?hl=en | https://streetviewpixels-pa.googleapis.com/v1/thumbnail?panoid=Erv5Fx_okD6oxJZQEyO3WA&cb_client=search.gws-prod.gps&w=408&h=240&yaw=53.615894&pitch=0&thumbfov=100",https://www.google.com/maps/search/?api=1&query=West%20Park%20Hotel&query_place_id=ChIJL6rFy2AbLxgR8vYNtY2Hbmw,ChIJL6rFy2AbLxgR8vYNtY2Hbmw,False
Wing It Nairobi,Fast food restaurant,"Nairobi, Kenya",,,,,,"https://www.google.com/maps/search/?api=1&query=Wing%20It%20Nairobi&query_place_id=ChIJC-iOWksFLxgRy8KyPoKX7UA | https://www.google.com/maps/search/restaurant/@-1.3307757371669178,36.78227498330685,16z?hl=en | https://lh3.googleusercontent.com/gps-cs-s/AHRPTWmyLSCjvnnfo623d9XKwilyyPwy2K7Zaot79v_0YsP-ZUiUEiVnWpNd6XuxeCLlvjijJlwZNIXbTXSG3pKTYigTjBJ5Yd8UPi7u0TUGvU7z6a_uBoX4qfft5X-QrZTXCXI9zP-AJg=w408-h306-k-no",https://www.google.com/maps/search/?api=1&query=Wing%20It%20Nairobi&query_place_id=ChIJC-iOWksFLxgRy8KyPoKX7UA,ChIJC-iOWksFLxgRy8KyPoKX7UA,False
Zabibu restaurant,Fast food restaurant,"PQ6C+RR5, Muthangari Rd, Nairobi, Kenya",,,,,,"https://www.google.com/maps/search/?api=1&query=Zabibu%20restaurant&query_place_id=ChIJg8CudZkbLxgRfyxcMi9QANY | https://www.google.com/maps/search/restaurant/@-1.2895935545454547,36.773318836363636,17.002337659462743z?hl=en | https://lh3.googleusercontent.com/gps-cs-s/AHRPTWntE9mfcRFifM47tWOsnRrD6iCILoThvb5I0C_sLMSwWqK8h5Uo6Jba_46ajC-ahRE9kHca_suJGeT8NjZWGh4XTi_J1-uSRR71tKCWrV1qYQzLGOP0Grg1pkcMWDLQHVVS8zFVMA=w408-h1133-k-no",https://www.google.com/maps/search/?api=1&query=Zabibu%20restaurant&query_place_id=ChIJg8CudZkbLxgRfyxcMi9QANY,ChIJg8CudZkbLxgRfyxcMi9QANY,False
ZNK Caffe,Fast food restaurant,"Langata Rd, Nairobi, Kenya",,,,,,"https://www.google.com/maps/search/?api=1&query=ZNK%20Caffe&query_place_id=ChIJh-x-BgARLxgRmwvEsL8Bggs | https://www.google.com/maps/search/restaurant/@-1.3307757371669178,36.79946094992056,16z?hl=en | https://lh3.googleusercontent.com/gps-cs-s/AHRPTWlfmtGDi-OlTFFVDRh0eG4LhoxUwd1mMfYk8s7CgLQkICocO73OGI1m0dH3v36kUDE5rgGSE6yl_oX7fqGOepgaKQnKNnpVO4ZXdQEVyVCoDIgQAvMhuY9WgpzsQom1V7UaUKqkLQ=w408-h307-k-no",https://www.google.com/maps/search/?api=1&query=ZNK%20Caffe&query_place_id=ChIJh-x-BgARLxgRmwvEsL8Bggs,ChIJh-x-BgARLxgRmwvEsL8Bggs,False
Lake & Sea Delicacies,Fish & chips restaurant,"MQWJ+C4M, Joseph Kang'ethe Road, Kenya",+254 768 280929,,,,,"https://www.google.com/maps/search/?api=1&query=Lake%20%26%20Sea%20Delicacies&query_place_id=ChIJ16ed6-cbLxgRLJjLGcTEpqc | https://www.google.com/maps/search/restaurant/@-1.2999357,36.7739766,17.00233177367389z?hl=en | https://lh3.googleusercontent.com/gps-cs-s/AHRPTWnnTzNc0CYUWzvFbNDNXQ0MKAd7SpCvD47SqIRYaWFdUXmBX4a44-xPAqHZkkTwWmBvH5FuOo5Yw2BQqxtgW0hHE83KcFhaSOd6EWBWmz_RnyiKF8ox-Tk1klW96yq2WBXhBRtP=w408-h408-k-no",https://www.google.com/maps/search/?api=1&query=Lake%20%26%20Sea%20Delicacies&query_place_id=ChIJ16ed6-cbLxgRLJjLGcTEpqc,ChIJ16ed6-cbLxgRLJjLGcTEpqc,False
Mama Joseph Samaki Shop,Fish & chips restaurant,"MQWJ+H52, Joseph Kangethe Rd, Nairobi, Kenya",+254 718 924426,,,,,"https://www.google.com/maps/search/?api=1&query=Mama%20Joseph%20Samaki%20Shop&query_place_id=ChIJLXEmn_0bLxgRgrk1oh9exXo | https://www.google.com/maps/search/restaurant/@-1.2999357,36.7739766,17.00233177367389z?hl=en | https://streetviewpixels-pa.googleapis.com/v1/thumbnail?panoid=jbdr4KfgNkiGOKIfLeAB2Q&cb_client=search.gws-prod.gps&w=408&h=240&yaw=342.47534&pitch=0&thumbfov=100",https://www.google.com/maps/search/?api=1&query=Mama%20Joseph%20Samaki%20Shop&query_place_id=ChIJLXEmn_0bLxgRgrk1oh9exXo,ChIJLXEmn_0bLxgRgrk1oh9exXo,False
Tiftam Cafe,Fish & chips restaurant,"MQX4+VF5, Top Sel House, Dagoretti Corner, Off Ngong Road, Nairobi, Kenya",,,,,,"https://www.google.com/maps/search/?api=1&query=Tiftam%20Cafe&query_place_id=ChIJg3Xo4EMaLxgRmNusfIOGa24 | https://www.google.com/maps/search/restaurant/@-1.30206825,36.7531745,17.002330554175863z?hl=en | https://streetviewpixels-pa.googleapis.com/v1/thumbnail?panoid=rzqcAK4vrwcTtP4v7P8KfA&cb_client=search.gws-prod.gps&w=408&h=240&yaw=284.8133&pitch=0&thumbfov=100",https://www.google.com/maps/search/?api=1&query=Tiftam%20Cafe&query_place_id=ChIJg3Xo4EMaLxgRmNusfIOGa24,ChIJg3Xo4EMaLxgRmNusfIOGa24,False
Cafe Laranjia,Fish and chips takeaway,"Ngando Dagoretti South, Kenya",+254 723 661624,,,,,"https://www.google.com/maps/search/?api=1&query=Cafe%20Laranjia&query_place_id=ChIJwy_NmycbLxgRwgkR10JhLfs | https://www.google.com/maps/search/restaurant/@-1.30206825,36.7531745,17.002330554175863z?hl=en | https://streetviewpixels-pa.googleapis.com/v1/thumbnail?panoid=jPyDkBtGp9Lhss_eQ7T4og&cb_client=search.gws-prod.gps&w=408&h=240&yaw=67.265884&pitch=0&thumbfov=100",https://www.google.com/maps/search/?api=1&query=Cafe%20Laranjia&query_place_id=ChIJwy_NmycbLxgRwgkR10JhLfs,ChIJwy_NmycbLxgRwgkR10JhLfs,False
Hotel Peachez,Fish and chips takeaway,"Shopping Centre, Otiende, Sasumua Ln, Kenya",+254 722 847445,,,,,"https://www.google.com/maps/search/?api=1&query=Hotel%20Peachez&query_place_id=ChIJp0Dh0aQbLxgRsrLl7feowxw | https://www.google.com/maps/search/restaurant/@-1.3307757371669178,36.78227498330685,16z?hl=en | https://streetviewpixels-pa.googleapis.com/v1/thumbnail?panoid=_N6WF9ZTb_e_oKPeLjDc4g&cb_client=search.gws-prod.gps&w=408&h=240&yaw=323.00537&pitch=0&thumbfov=100",https://www.google.com/maps/search/?api=1&query=Hotel%20Peachez&query_place_id=ChIJp0Dh0aQbLxgRsrLl7feowxw,ChIJp0Dh0aQbLxgRsrLl7feowxw,False
ENDI Residence 1 Bedroom Furnished Apartment Kilimani,Furnished apartment building,"Muringa court apartments, on moringa road, Kenya",+254 712 608862,,,,,"https://www.google.com/maps/search/?api=1&query=ENDI%20Residence%201%20Bedroom%20Furnished%20Apartment%20Kilimani&query_place_id=ChIJ0dzzJ_YRLxgR0jeYNaVgnaU | https://www.google.com/maps/search/Hotel/@-1.2973983,36.7762942,17.00233322208016z?hl=en | https://lh3.googleusercontent.com/gps-cs-s/AHRPTWmmeC4dv34r5qqumh5s-c5ANjkpUsEFwCmv7c-ZxFDhENjO3b4__RCcAsVoLWZCXS_2BC_alJz4coHDCTNB7f3jG3osyMPGrjTYX6dRuO60Oi3cm0DgVXU5LxBFNsvwOC2K_-d7=w408-h906-k-no",https://www.google.com/maps/search/?api=1&query=ENDI%20Residence%201%20Bedroom%20Furnished%20Apartment%20Kilimani&query_place_id=ChIJ0dzzJ_YRLxgR0jeYNaVgnaU,ChIJ0dzzJ_YRLxgR0jeYNaVgnaU,False
Myra Residences,Furnished apartment building,"Kindaruma Rd, Nairobi, Kenya",+254 723 126760,,,,,"https://www.google.com/travel/lodging/clk?pc=AA80OsyapQ179RkWIY7XvCcF_ULxo1U2mg47BAqtMbk7nGXpoBwrcDMwcFLNJQZQ4eiNAiZFxwNMFRoKBJrqF1rXYRXIt1NiNc0nzm0imHkXrgTjN2rHpZygCdllMGyIjDHNQLN8Fttpl3rzW81SM-BzMKTZk4sf4bpGrpUxHroHPBcvGc_j2i_MCjDpKszTLsENnTdZLL5QIhCQ&pcurl=https://www.reservationday.com/transition/?data%3Dprice%3D58.06%2526total_price%3D68.51%2526retail_price%3D87.38%2526retail_total_price%3D103.1%2526request_id%3D13218295297876920320%2526ps%3D11530094286364%2526pb%3D0-slAkZlDjP06IhVxwa_7CK7DdGMplA89kLe_hZZvqa9y5awjE7q7nGD2OjoEnOso-zXYsZefhqkQQXioycTwccjWpvpnflZ1buSSkwYvIRAuxiV6Pds75FtKbDA7jNjl1PBUXUXQ0BBgV1x6kdx7A%25253D%25253D%2526gha_rd_pull_request%3DTrue%2526alwd_rand%3Dfalse%2526gt%3D1789361921%2526sg%3DUjorU%2526ib%3Dfalse%2526all_inclusive%3Dfalse%26utm_source%3Dgha_rd%26utm_content%3Dmapresults%26currency%3DUSD%26user_country%3DUS%26verification%3Dfalse%26rate_rule_ids%3D%26date_type%3Ddefault%26rate_rule_id%3Dsignedout_desktop%26display_currency%3DUSD%26display_all_inclusive_price%3D68.51%26checkin_at%3D2026-09-19%26checkout_at%3D2026-09-20%26provider_hotel_id%3D10010281712%26provider%3Dhtl%26num_adults%3D2%26children%3D%5B%5D%26hotel_campaign%3D%26user_locale%3Den-US%26user_list_id%3D%26utm_medium%3Dorganic%26utm_id%3Dgha_organic_rd&s=AD1XQnnWEkNLDBz5H3WYYRX28MSH | https://www.reservationday.com/transition/?data=price=58.06&total_price=68.51&retail_price=87.38&retail_total_price=103.1&request_id=13218295297876920320&ps=11530094286364&pb=0-slAkZlDjP06IhVxwa_7CK7DdGMplA89kLe_hZZvqa9y5awjE7q7nGD2OjoEnOso-zXYsZefhqkQQXioycTwccjWpvpnflZ1buSSkwYvIRAuxiV6Pds75FtKbDA7jNjl1PBUXUXQ0BBgV1x6kdx7A%3D%3D&gha_rd_pull_request=True&alwd_rand=false&gt=1789361921&sg=UjorU&ib=false&all_inclusive=false&utm_source=gha_rd&utm_content=mapresults&currency=USD&user_country=US&verification=false&rate_rule_ids=&date_type=default&rate_rule_id=signedout_desktop&display_currency=USD&display_all_inclusive_price=68.51&checkin_at=2026-09-19&checkout_at=2026-09-20&provider_hotel_id=10010281712&provider=htl&num_adults=2&children=[]&hotel_campaign=&user_locale=en-US&user_list_id=&utm_medium=organic&utm_id=gha_organic_rd | https://www.google.com/travel/lodging/clk?pc=AA80Osxp5bTtkquj7NLhlsE-crbFPW9bGFhiSTxWAMLiSwWcymDuS24oqt_Y8rZhy2vWHUOCF4r5R9iwOWs-yfWZb0r82CUhxlCp7MRYk2vfe0m1Te54LttBmlD8em4mo04T4s43TIj4C_VeVZCVaTX9PxgAyzxrrH2uoEHmDZ0BpecG0J2oklqYKefX6X821-rf&pcurl=https://www.expedia.com/Hotel-Search?selected%3D101087677%26startDate%3D2026-09-19%26endDate%3D2026-09-20%26MDPCID%3DUS.META.HPA.HOTEL-ORGANIC-desktop.HOTEL%26MDPDTL%3DHTL.101087677.20260919.20260920.DDT.5.CID..AUDID..RRID.bex_us_desktop%26mctc%3D10%26ct%3Dhotel%26mpg%3DUSD%26mpf%3D148.68%26mpj%3D22.68%26mpr%3D0.00%26mpl%3DUSD%26exp_pg%3Dgoogle%26langid%3Den%26ad%3D2%26tp%3D%26utm_source%3Dgoogle%26utm_medium%3Dcpc%26utm_term%3D101087677%26utm_content%3Dmapresults%26utm_campaign%3DHotelAds%26langid%3D1033%26adults%3D2%26children%3D%26rrid%3Dbex_us_desktop%26rateplanid%3D393219892%26mpm%3D24%26mpn%3D323954809%26mpo%3DEC%26mpp%3D1&s=AD1XQnkoceIRnc5wMoDnzRPMNDb_ | https://www.expedia.com/Hotel-Search?selected=101087677&startDate=2026-09-19&endDate=2026-09-20&MDPCID=US.META.HPA.HOTEL-ORGANIC-desktop.HOTEL&MDPDTL=HTL.101087677.20260919.20260920.DDT.5.CID..AUDID..RRID.bex_us_desktop&mctc=10&ct=hotel&mpg=USD&mpf=148.68&mpj=22.68&mpr=0.00&mpl=USD&exp_pg=google&langid=en&ad=2&tp=&utm_source=google&utm_medium=cpc&utm_term=101087677&utm_content=mapresults&utm_campaign=HotelAds&langid=1033&adults=2&children=&rrid=bex_us_desktop&rateplanid=393219892&mpm=24&mpn=323954809&mpo=EC&mpp=1 | https://www.google.com/travel/lodging/clk?pc=AA80OsxddkhghMiIYKN2vVzXbPu2e92sb6DaUvaZURVMzA4TI2pO58J8NSihoB2uKMPPqMNIvFvM8bszAkp-99j-Qp9bFNpXv6a_wVHiqiy3G7DPbVs1OFOMUqCt4aQihN4kk1qUrTx720-BHjsgBPHY3Rh10Ttt69oZ-qpzcQkePv4u5q-Y6PqhxsYZmidDUO0&pcurl=https://www.hotels.com/Hotel-Search?selected%3D101087677%26startDate%3D2026-09-19%26endDate%3D2026-09-20%26mdpcid%3DHCOM-US.META.HPA.HOTEL-ORGANIC-desktop.HOTEL%26MDPDTL%3DHTL.101087677.20260919.20260920.DDT.5.CID..AUDID.%26adults%3D2%26children%3D%26mctc%3D10%26mpf%3D148.68%26mpg%3DUSD%26mpl%3DUSD%26mpj%3D22.68%26mpr%3D0.00%26rffrid%3Dsem.hcom.US.156.024.mapresults.02.desktop-1.kwrd%3DGGMETA.101087677USen-20260919-D-ABW%3D5-camp%3D-aud%3D-N%26rateplanid%3D393219892%26mpm%3D24%26mpn%3D323954809%26mpo%3DEC%26mpp%3D1%26locale%3Den_US%26siteid%3D300000001&s=AD1XQnnZT1v9SgDcY4EvVidk9H_t | https://www.hotels.com/Hotel-Search?selected=101087677&startDate=2026-09-19&endDate=2026-09-20&mdpcid=HCOM-US.META.HPA.HOTEL-ORGANIC-desktop.HOTEL&MDPDTL=HTL.101087677.20260919.20260920.DDT.5.CID..AUDID.&adults=2&children=&mctc=10&mpf=148.68&mpg=USD&mpl=USD&mpj=22.68&mpr=0.00&rffrid=sem.hcom.US.156.024.mapresults.02.desktop-1.kwrd=GGMETA.101087677USen-20260919-D-ABW=5-camp=-aud=-N&rateplanid=393219892&mpm=24&mpn=323954809&mpo=EC&mpp=1&locale=en_US&siteid=300000001 | https://www.google.com/travel/lodging/clk?pc=AA80Osyyl4LJq2mLcQRdI7jFj6wjR_eyzco3CNScvydfyoF-ErgqzCQoRhA30p-AQDCDoMNl_REiqYhLhguYQJmqTWfB5WXIifZ0PYxtn2wVGg07j5HXMPReVohZKIsFIzgNLRWoEPkKTR7NTPLLM0Xl0DG2l7O4TPcqRGfrBxfbddXTKyq2nNB-&pcurl=https://accommodation.edreams.net/Hotel-Search?selected%3D99892363%26startDate%3D2026-09-19%26endDate%3D2026-09-20%26adults%3D2%26children%3D%26mpf%3D112.50%26cur%3DUSD%26mpj%3D17.16%26MDPCID%3DeDreams-US.DPS.Edreams.MetaSearch-GHA.HOTEL%26mpl%3DUSD%26numberOfRooms%3D1%26locale%3Den_US%26rffrid%3Dh4p.hcom.US.ghaodigeo.000.000.kwrd%3D%26pos%3DEDREAMS_US%26rateplanid%3D392562139%26mctc%3D10%26utm_medium%3Dmetasearch%26utm_campaign%3D3197555616%26utm_term%3Dhotel%26utm_source%3DFREEBOOKING&s=AD1XQnktYd8zZAClHeN7RM7vhBua | https://accommodation.edreams.net/Hotel-Search?selected=99892363&startDate=2026-09-19&endDate=2026-09-20&adults=2&children=&mpf=112.50&cur=USD&mpj=17.16&MDPCID=eDreams-US.DPS.Edreams.MetaSearch-GHA.HOTEL&mpl=USD&numberOfRooms=1&locale=en_US&rffrid=h4p.hcom.US.ghaodigeo.000.000.kwrd=&pos=EDREAMS_US&rateplanid=392562139&mctc=10&utm_medium=metasearch&utm_campaign=3197555616&utm_term=hotel&utm_source=FREEBOOKING | https://www.google.com/travel/lodging/clk?pc=AA80Oswhel-yFxyDptEY1Mn4KxUUa9D1Z-leljrnGcoTtbFUZndPekkM5Z1w4-lkmEjztjLAiJ_I9Dta158Ukcg8-yL6JH1PTCp0dC1TkJkSW5rFtZwbtSJQpExgMKwwGtlqJ4ODkrf292lqpFWYiIyv8ljG8EkspHciR-Vv756qrVwgOr_KfHqkgD5A35rhxus&pcurl=https://www.orbitz.com/Hotel-Search?selected%3D101087677%26startDate%3D2026-09-19%26endDate%3D2026-09-20%26adults%3D2%26children%3D%26MDPCID%3DORBITZ-US.META.HPA.ORGANIC-desktop.HOTEL%26MDPDTL%3Dhtl.101087677.20260919.20260920.DDT.5.CID..AUDID..mapresults%26mpg%3DUSD%26mpf%3D148.68%26mpj%3D22.68%26mpr%3D0.00%26mctc%3D10%26rateplanid%3D393219892%26mpm%3D24%26mpn%3D323954809%26mpo%3DEC%26mpp%3D1&s=AD1XQnnZhKVvZtWoIr2TcOclLcn5 | https://www.orbitz.com/Hotel-Search?selected=101087677&startDate=2026-09-19&endDate=2026-09-20&adults=2&children=&MDPCID=ORBITZ-US.META.HPA.ORGANIC-desktop.HOTEL&MDPDTL=htl.101087677.20260919.20260920.DDT.5.CID..AUDID..mapresults&mpg=USD&mpf=148.68&mpj=22.68&mpr=0.00&mctc=10&rateplanid=393219892&mpm=24&mpn=323954809&mpo=EC&mpp=1 | https://www.google.com/travel/lodging/clk?pc=AA80OszGvbdvPe11MdKEBoSzRHxSjaUzFPilHfowqT4VxefNfpdLJimmfwLjmpRXVIJ2jG-I-rRx4Vn-QLMV9VQ3zbhk7Sl1oUq8jK6UaO0ZhM5mxf5OJSu_Qy3ZAaImwyfiWca44u4yFtO9y9zaGv7uxElprscoAqWOb1-ddCB8zrIbs1qe3p1kz3c3h2Rg_RsV&pcurl=https://www.travelocity.com/Hotel-Search?selected%3D101087677%26startDate%3D2026-09-19%26endDate%3D2026-09-20%26adults%3D2%26children%3D%26MDPCID%3Dtravelocity-US.META.HPA.ORGANIC.HOTEL%26MDPDTL%3DHTL.101087677.20260919.20260920.DDT.5.CID..AUDID..mapresults%26mpg%3DUSD%26mpf%3D148.68%26mpj%3D22.68%26mpr%3D0.00%26mctc%3D10%26rateplanid%3D393219892%26mpm%3D24%26mpn%3D323954809%26mpo%3DEC%26mpp%3D1&s=AD1XQnkw-DGaaw-Y3_kLV14Q3LEg | https://www.travelocity.com/Hotel-Search?selected=101087677&startDate=2026-09-19&endDate=2026-09-20&adults=2&children=&MDPCID=travelocity-US.META.HPA.ORGANIC.HOTEL&MDPDTL=HTL.101087677.20260919.20260920.DDT.5.CID..AUDID..mapresults&mpg=USD&mpf=148.68&mpj=22.68&mpr=0.00&mctc=10&rateplanid=393219892&mpm=24&mpn=323954809&mpo=EC&mpp=1 | https://www.google.com/travel/lodging/clk?pc=AA80OswgGIoy2HVj05f9vzy9TKQmm5Vl_-7kimSlYAgNbq1OYni-pGYaSw5K9kM0A_SakA5LUmR3mUuMgZczhfTrOHfjTZ4qc5fVs_or5UB3MJzRDAvzWc-8m_S2VO9KJTSnUG0amSDp4WtNtqeHXedHpKvbHuif3fHzm-Z5S-sovBIiqg6_FuWf4OCmq-KsNJ_2SbvPrmE&pcurl=https://www.cheaptickets.com/Hotel-Search?selected%3D101087677%26startDate%3D2026-09-19%26endDate%3D2026-09-20%26MDPCID%3DCHEAPTICKETS-US.META.HPA.ORGANIC-desktop.HOTEL%26langid%3D1033%26adults%3D2%26children%3D%26MDPDTL%3Dhtl.101087677.20260919.20260920.DDT.5.CID..AUDID..mapresults%26mpg%3DUSD%26mpf%3D148.68%26mpj%3D22.68%26mpr%3D0.00%26mctc%3D10%26rateplanid%3D393219892%26rateplanid%3D393219892%26mpm%3D24%26mpn%3D323954809%26mpo%3DEC%26mpp%3D1&s=AD1XQnnqKoaf1sF1wFRPDmSmKkza | https://www.cheaptickets.com/Hotel-Search?selected=101087677&startDate=2026-09-19&endDate=2026-09-20&MDPCID=CHEAPTICKETS-US.META.HPA.ORGANIC-desktop.HOTEL&langid=1033&adults=2&children=&MDPDTL=htl.101087677.20260919.20260920.DDT.5.CID..AUDID..mapresults&mpg=USD&mpf=148.68&mpj=22.68&mpr=0.00&mctc=10&rateplanid=393219892&rateplanid=393219892&mpm=24&mpn=323954809&mpo=EC&mpp=1 | https://www.google.com/maps/search/?api=1&query=Myra%20Residences&query_place_id=ChIJ1VGMqpcQLxgRy6ejk40YtMQ | https://www.google.com/maps/search/Hotel/@-1.3011517,36.7847816,17.00233107854971z?hl=en | https://lh3.googleusercontent.com/gps-cs-s/AHRPTWkUP0r_aQdWx93ksu2tYsrzQZr3mHxXze7wAPTtxulqyXoNFfAdS89pfJszpgmBKWm5WToT_mfgBQGQldr8v7kcsjSXLVF4vdMWuRPuOJBSowP0hHLf5aBynCwEAkixRNJvIUUX=w408-h631-k-no",https://www.google.com/maps/search/?api=1&query=Myra%20Residences&query_place_id=ChIJ1VGMqpcQLxgRy6ejk40YtMQ,ChIJ1VGMqpcQLxgRy6ejk40YtMQ,False
Neema Executive Suites,Furnished apartment building,"Nairobi, Kenya",+254 763 760424,,,,,"https://www.google.com/travel/lodging/clk?pc=AA80OswNghgFmzD2YkgexfBjlDqbpAVKXQsEVKiEgvZSC0hgVYGUM45DXgDXphCIGy01L7uoOdal2Z5Lj4Bj8QP9wZoCVtbEr-fBHEjE2uMDLCdL0gDWidXgbc80Oe9aHiho6UZmSlPP4V5OpPfgaPiGCre6ZHIcZ-2macIvuKgn3IIaQJmigT_TyGGlrSbNzTs&pcurl=https://www.hotels.com/Hotel-Search?selected%3D67418429%26startDate%3D2026-09-19%26endDate%3D2026-09-20%26mdpcid%3DHCOM-US.META.HPA.HOTEL-ORGANIC-desktop.HOTEL%26MDPDTL%3DHTL.67418429.20260919.20260920.DDT.5.CID..AUDID.%26adults%3D2%26children%3D%26mctc%3D10%26mpf%3D32.90%26mpg%3DUSD%26mpl%3DUSD%26mpj%3D5.47%26mpr%3D0.00%26rffrid%3Dsem.hcom.US.156.024.mapresults.02.desktop-1.kwrd%3DGGMETA.67418429USen-20260919-D-ABW%3D5-camp%3D-aud%3D-N%26rateplanid%3D408631006%26mpm%3D24%26mpn%3D314182466%26mpo%3DEC%26mpp%3D1%26locale%3Den_US%26siteid%3D300000001&s=AD1XQnnCINTWXVy6QJ_8_C_mEzqF | https://www.hotels.com/Hotel-Search?selected=67418429&startDate=2026-09-19&endDate=2026-09-20&mdpcid=HCOM-US.META.HPA.HOTEL-ORGANIC-desktop.HOTEL&MDPDTL=HTL.67418429.20260919.20260920.DDT.5.CID..AUDID.&adults=2&children=&mctc=10&mpf=32.90&mpg=USD&mpl=USD&mpj=5.47&mpr=0.00&rffrid=sem.hcom.US.156.024.mapresults.02.desktop-1.kwrd=GGMETA.67418429USen-20260919-D-ABW=5-camp=-aud=-N&rateplanid=408631006&mpm=24&mpn=314182466&mpo=EC&mpp=1&locale=en_US&siteid=300000001 | https://www.google.com/travel/lodging/clk?pc=AA80OszTaP1k6BvfQPto3YNNtCzEOd5Gum2tJhxzvpsEylh7Dc0Z-UFCBQO4d-mtymLbEplOu3ZADQRxJf-LsyY6MIrc7J1pO-FeDcoy5RJ6TAUM8_q2mzKhPnVK5svUIw3AwND7OxYnL75lvQm9QpRgON7NNkP9yMirw4r8KDZnHoTPj9XTD-355UM7ORYkyzgY&pcurl=https://www.expedia.com/Hotel-Search?selected%3D67418429%26startDate%3D2026-09-19%26endDate%3D2026-09-20%26MDPCID%3DUS.META.HPA.HOTEL-ORGANIC-desktop.HOTEL%26MDPDTL%3DHTL.67418429.20260919.20260920.DDT.5.CID..AUDID..RRID.bex_us_desktop%26mctc%3D10%26ct%3Dhotel%26mpg%3DUSD%26mpf%3D34.65%26mpj%3D5.47%26mpr%3D0.00%26mpl%3DUSD%26exp_pg%3Dgoogle%26langid%3Den%26ad%3D2%26tp%3D%26utm_source%3Dgoogle%26utm_medium%3Dcpc%26utm_term%3D67418429%26utm_content%3Dmapresults%26utm_campaign%3DHotelAds%26langid%3D1033%26adults%3D2%26children%3D%26rrid%3Dbex_us_desktop%26rateplanid%3D408631006%26mpm%3D24%26mpn%3D314182466%26mpo%3DEC%26mpp%3D1&s=AD1XQnm2zBBYaa-hR6EE7FTfZ0Fc | https://www.expedia.com/Hotel-Search?selected=67418429&startDate=2026-09-19&endDate=2026-09-20&MDPCID=US.META.HPA.HOTEL-ORGANIC-desktop.HOTEL&MDPDTL=HTL.67418429.20260919.20260920.DDT.5.CID..AUDID..RRID.bex_us_desktop&mctc=10&ct=hotel&mpg=USD&mpf=34.65&mpj=5.47&mpr=0.00&mpl=USD&exp_pg=google&langid=en&ad=2&tp=&utm_source=google&utm_medium=cpc&utm_term=67418429&utm_content=mapresults&utm_campaign=HotelAds&langid=1033&adults=2&children=&rrid=bex_us_desktop&rateplanid=408631006&mpm=24&mpn=314182466&mpo=EC&mpp=1 | https://www.google.com/travel/lodging/clk?pc=AA80OsyXmEYRFnaxI1YfIAS1i9NaANJdDiKW3OHdv6rdEFGK78K_ujQLeQQ7_Y78vHXyLGBsenDehJvLkMuv70wfmpvLR1U-bBqTfo4_GHEAreg-ITK7ty7zRWNecli9D_v4QIpDh-5SYQH3ut92A-t5iwyylUMqAvukSBIgRup1VCCvnWTbN-DZx1UZARaOai8&pcurl=https://www.orbitz.com/Hotel-Search?selected%3D67418429%26startDate%3D2026-09-19%26endDate%3D2026-09-20%26adults%3D2%26children%3D%26MDPCID%3DORBITZ-US.META.HPA.ORGANIC-desktop.HOTEL%26MDPDTL%3Dhtl.67418429.20260919.20260920.DDT.5.CID..AUDID..mapresults%26mpg%3DUSD%26mpf%3D34.65%26mpj%3D5.47%26mpr%3D0.00%26mctc%3D10%26rateplanid%3D408631006%26mpm%3D24%26mpn%3D314182466%26mpo%3DEC%26mpp%3D1&s=AD1XQnlHtYL1MkFZwI2T26_pQR2n | https://www.orbitz.com/Hotel-Search?selected=67418429&startDate=2026-09-19&endDate=2026-09-20&adults=2&children=&MDPCID=ORBITZ-US.META.HPA.ORGANIC-desktop.HOTEL&MDPDTL=htl.67418429.20260919.20260920.DDT.5.CID..AUDID..mapresults&mpg=USD&mpf=34.65&mpj=5.47&mpr=0.00&mctc=10&rateplanid=408631006&mpm=24&mpn=314182466&mpo=EC&mpp=1 | https://www.google.com/travel/lodging/clk?pc=AA80OszW3kMnqg9kdUGe6VMWbjwGd4oCsjuz_CGwGLIeWfYAAgPoVGxjpBkBU5tPkeFTMv3rMrAvqZqC3rRLCAld6Y3OOBddZN-AT7xAr5i9e2yjQJvZGAItHiSsD338GAFhpUg1_aHu1fP68UtRBhDsqH2q_ek1G8lPOMYqVxrprZGvzLqh_7FSK5BjoSdOqW7X&pcurl=https://www.travelocity.com/Hotel-Search?selected%3D67418429%26startDate%3D2026-09-19%26endDate%3D2026-09-20%26adults%3D2%26children%3D%26MDPCID%3Dtravelocity-US.META.HPA.ORGANIC.HOTEL%26MDPDTL%3DHTL.67418429.20260919.20260920.DDT.5.CID..AUDID..mapresults%26mpg%3DUSD%26mpf%3D34.65%26mpj%3D5.47%26mpr%3D0.00%26mctc%3D10%26rateplanid%3D408631006%26mpm%3D24%26mpn%3D314182466%26mpo%3DEC%26mpp%3D1&s=AD1XQnmGo-o9R5oKgKUTqCrDXZYD | https://www.travelocity.com/Hotel-Search?selected=67418429&startDate=2026-09-19&endDate=2026-09-20&adults=2&children=&MDPCID=travelocity-US.META.HPA.ORGANIC.HOTEL&MDPDTL=HTL.67418429.20260919.20260920.DDT.5.CID..AUDID..mapresults&mpg=USD&mpf=34.65&mpj=5.47&mpr=0.00&mctc=10&rateplanid=408631006&mpm=24&mpn=314182466&mpo=EC&mpp=1 | https://www.google.com/travel/lodging/clk?pc=AA80OswIFQK6V9JZgGr55UCx_4I9ZO-WPf0ACzwQ7VOWV9TqCb65zlNkBtOCgOpGsvksdoheDZbatY1Ao7TrNF5EB3hBft8ldNEmba3lERZ3zdIzOG-VXk0iG7jf1rJa5cQSvYX6UiCVRBdJ64N-vQSh6VYJ4jUL8oiJr6kBqQNSYJ9ag9SHmNJa&pcurl=https://accommodation.edreams.net/Hotel-Search?selected%3D67418429%26startDate%3D2026-09-19%26endDate%3D2026-09-20%26adults%3D2%26children%3D%26mpf%3D34.65%26cur%3DUSD%26mpj%3D5.47%26MDPCID%3DeDreams-US.DPS.Edreams.MetaSearch-GHA.HOTEL%26mpl%3DUSD%26numberOfRooms%3D1%26locale%3Den_US%26rffrid%3Dh4p.hcom.US.ghaodigeo.000.000.kwrd%3D%26pos%3DEDREAMS_US%26rateplanid%3D408631006%26mctc%3D10%26utm_medium%3Dmetasearch%26utm_campaign%3D2158389728%26utm_term%3Dhotel%26utm_source%3DFREEBOOKING&s=AD1XQnna8cmIviXUTqpWC8p7Gn3z | https://accommodation.edreams.net/Hotel-Search?selected=67418429&startDate=2026-09-19&endDate=2026-09-20&adults=2&children=&mpf=34.65&cur=USD&mpj=5.47&MDPCID=eDreams-US.DPS.Edreams.MetaSearch-GHA.HOTEL&mpl=USD&numberOfRooms=1&locale=en_US&rffrid=h4p.hcom.US.ghaodigeo.000.000.kwrd=&pos=EDREAMS_US&rateplanid=408631006&mctc=10&utm_medium=metasearch&utm_campaign=2158389728&utm_term=hotel&utm_source=FREEBOOKING | https://www.google.com/travel/lodging/clk?pc=AA80OsxA-9rrHZGyClAaGSLQsNnZD9ssY13_XzKlUNSQdh2tiFUVyvpZp6ra1851QYPLTvyRfWNgu21aLkL8hwJkxjoZ5PKZEm6ZZ9btanudjbPVdq5dnA0EE25P4iLkE2XzkbelfgtFqKqtPGIAPHEk1C6S4T2X4G7GnpTTxqu2-DjIvr-U3wKiQPbF8hlrJSjD9ChQavI&pcurl=https://www.cheaptickets.com/Hotel-Search?selected%3D67418429%26startDate%3D2026-09-19%26endDate%3D2026-09-20%26MDPCID%3DCHEAPTICKETS-US.META.HPA.ORGANIC-desktop.HOTEL%26langid%3D1033%26adults%3D2%26children%3D%26MDPDTL%3Dhtl.67418429.20260919.20260920.DDT.5.CID..AUDID..mapresults%26mpg%3DUSD%26mpf%3D34.65%26mpj%3D5.47%26mpr%3D0.00%26mctc%3D10%26rateplanid%3D408631006%26rateplanid%3D408631006%26mpm%3D24%26mpn%3D314182466%26mpo%3DEC%26mpp%3D1&s=AD1XQnnXrDHjZo7wYexJQj4zw_os | https://www.cheaptickets.com/Hotel-Search?selected=67418429&startDate=2026-09-19&endDate=2026-09-20&MDPCID=CHEAPTICKETS-US.META.HPA.ORGANIC-desktop.HOTEL&langid=1033&adults=2&children=&MDPDTL=htl.67418429.20260919.20260920.DDT.5.CID..AUDID..mapresults&mpg=USD&mpf=34.65&mpj=5.47&mpr=0.00&mctc=10&rateplanid=408631006&rateplanid=408631006&mpm=24&mpn=314182466&mpo=EC&mpp=1 | https://www.google.com/maps/search/?api=1&query=Neema%20Executive%20Suites&query_place_id=ChIJLTsSkIcbLxgR11d38-hDU4o | https://www.google.com/maps/search/Hotel/@-1.296413588499247,36.76508901669314,16z?hl=en | https://lh3.googleusercontent.com/gps-cs-s/AHRPTWlh4h5U3g42KlgQy8kCzfDW1Rp9cyJQ4zZaypIQFUgY4dLvwlOVkMPBlr--Wdhh39ymola2ZcJ9rF3fXVZ06C5EhCQZ2y7nCL9H8o0PH05jfuIg99MBXnHH14uSlw7QXFx04s9rgpbFh6UR=w426-h240-k-no",https://www.google.com/maps/search/?api=1&query=Neema%20Executive%20Suites&query_place_id=ChIJLTsSkIcbLxgR11d38-hDU4o,ChIJLTsSkIcbLxgR11d38-hDU4o,False
KOM GRILL,Grill,"PQ2H+JRJ, Elgeyo Marakwet N, Nairobi, Kenya",+254 768 054542,,,,,"https://www.google.com/maps/search/?api=1&query=KOM%20GRILL&query_place_id=ChIJMeIqGQAbLxgRbFQLj0aabN4 | https://www.google.com/maps/search/restaurant/@-1.2955217,36.7736869,17.002334291465527z?hl=en | https://streetviewpixels-pa.googleapis.com/v1/thumbnail?panoid=pxgHjynPff0-d6ghK6d1dw&cb_client=search.gws-prod.gps&w=408&h=240&yaw=92.47758&pitch=0&thumbfov=100",https://www.google.com/maps/search/?api=1&query=KOM%20GRILL&query_place_id=ChIJMeIqGQAbLxgRbFQLj0aabN4,ChIJMeIqGQAbLxgRbFQLj0aabN4,False
Mama's Mwiko paan heavan,Grill,"OUR Mall, Saifee park, Nairobi, Kenya",,,,,,"https://www.google.com/maps/search/?api=1&query=Mama | https://www.google.com/maps/search/restaurant/@-1.3651378858345886,36.74790305007943,16z?hl=en | https://lh3.googleusercontent.com/gps-cs-s/AHRPTWklxADWvQiGyQwaI-tjKgzWj_GFylLOq1NHlooWvAwyM6dm_Wg4UddsvhNRlAV9eEwhfSgAfkd6cMuRIr5nSjcQo8KRfY0c5nnI83AoeC2AcX8JZ-dcqFW-aQf7FxlW57frR3W3yP5yBCo=w425-h240-k-no",https://www.google.com/maps/search/?api=1&query=Mama's%20Mwiko%20paan%20heavan&query_place_id=ChIJyTcRFQAFLxgRFIEhR3DyBLI,ChIJyTcRFQAFLxgRFIEhR3DyBLI,False
شواية ام درمان Omdurman Gril,Grill,"PQ58+5RW, Mbaazi Road, Hendred Ave, Nairobi, Kenya",+254 746 426653,,,,,"https://www.google.com/maps/search/?api=1&query=%D8%B4%D9%88%D8%A7%D9%8A%D8%A9%20%D8%A7%D9%85%20%D8%AF%D8%B1%D9%85%D8%A7%D9%86%20Omdurman%20Gril&query_place_id=ChIJo-s0RAAbLxgRPB4unfF_tvE | https://www.google.com/maps/search/restaurant/@-1.2955217,36.7736869,17.002334291465527z?hl=en | https://lh3.googleusercontent.com/gps-cs-s/AHRPTWlGx4FyLA2iEfDTbCk94-R0CCTH2h18pTx1b1EEn-K_Eoz2YjP402ngy1yKcpkJ_qoN_xoxmKVbZaPJpEG_CqUwOe-Zuxx0i1e_v-n94h9u8-SLhLiH3UBLcJkMaCmZLT-ETRF_TiiQ-YUy=w408-h541-k-no",https://www.google.com/maps/search/?api=1&query=%D8%B4%D9%88%D8%A7%D9%8A%D8%A9%20%D8%A7%D9%85%20%D8%AF%D8%B1%D9%85%D8%A7%D9%86%20Omdurman%20Gril&query_place_id=ChIJo-s0RAAbLxgRPB4unfF_tvE,ChIJo-s0RAAbLxgRPB4unfF_tvE,False
Trackers Bar & Restaurant,Group accommodation,"Ring Rd Kilimani, North, Kenya",+254 720 360348,,,,,"https://www.google.com/maps/search/?api=1&query=Trackers%20Bar%20%26%20Restaurant&query_place_id=ChIJWT4bgaEQLxgR3klsTQWEQE0 | https://www.google.com/maps/search/restaurant/@-1.296413588499247,36.78227498330685,16z?hl=en | https://lh3.googleusercontent.com/gps-proxy/ALd4DhHJ52zPVFNN-YosOaZvQ4Yomoda9nhpRqCI9X45bZ8v8jJaIvuJa4GIepDS4Gmgn1opr50vjdTCtBzPvn0QcQr-qc0a1EJXY-qQOfU5OaMY8XN3e7WX5gm-_3T3oofAgugMkZ65eQumyuEuVQXP58mSKoAifPF1h71mV1m1wynXCThB6HJOHQ4Dmhyi6fWXoLOyzZI=w408-h306-k-no",https://www.google.com/maps/search/?api=1&query=Trackers%20Bar%20%26%20Restaurant&query_place_id=ChIJWT4bgaEQLxgR3klsTQWEQE0,ChIJWT4bgaEQLxgR3klsTQWEQE0,False
Jupiter Guest Resort,Guest house,"Langata Rd, Nairobi, Kenya",+254 712 095795,,,,,"https://www.google.com/travel/lodging/clk?pc=AA80Osz0iXwiT43BDj1v7xrm6tY-ck2hKTz60S-citd51souHRxCGV68Kyei1Fep24fqHaSqf_vtJfBrRJeJ_lzkCWWxVgKYgo-XZDSrJtIDFM-_vSHVIOBRHaXC1I8_arGjCx0qRHcCCSXXtEgWXlegHJCUy_kdaJ5ZElmT70gzxFVA385dO2ZdGo5G&pcurl=https://live.ipms247.com/booking/searchroom_ghf.php?HotelId%3D21978%26checkin%3D2026-09-19%26nonights%3D1%26adults%3D2%26children%3D0%26roomtype%3D2197800000000000003%26rate_plan%3D2197800000000000003_2197800000000000009%26package_id%3D2197800000000000009&s=AD1XQnnXubNCL1jPlf9xJp4D84tZ | https://live.ipms247.com/booking/searchroom_ghf.php?HotelId=21978&checkin=2026-09-19&nonights=1&adults=2&children=0&roomtype=2197800000000000003&rate_plan=2197800000000000003_2197800000000000009&package_id=2197800000000000009 | https://www.google.com/maps/search/?api=1&query=Jupiter%20Guest%20Resort&query_place_id=ChIJtUVlBmkQLxgRcCDv4Vgv6DM | https://www.google.com/maps/search/Hotel/@-1.3307757371669178,36.78227498330685,16z?hl=en | https://dynamic-media-cdn.tripadvisor.com/media/photo-o/06/c2/a8/f1/jupiter-guest-resort.jpg?w=1900&h=1400&s=1",https://www.google.com/maps/search/?api=1&query=Jupiter%20Guest%20Resort&query_place_id=ChIJtUVlBmkQLxgRcCDv4Vgv6DM,ChIJtUVlBmkQLxgRcCDv4Vgv6DM,False
Leisure (K) Hotel,Guest house,"Ndemi Rd, Nairobi, Kenya",+254 717 978943,,,,,"https://www.google.com/maps/search/?api=1&query=Leisure%20(K)%20Hotel&query_place_id=ChIJ3xrVpn0bLxgR_NiubrdMQao | https://www.google.com/maps/search/Hotel/@-1.296413588499247,36.76508901669314,16z?hl=en | https://streetviewpixels-pa.googleapis.com/v1/thumbnail?panoid=5HFBK0CJ6ujPCKbGl7VTWQ&cb_client=search.gws-prod.gps&w=408&h=240&yaw=86.27444&pitch=0&thumbfov=100",https://www.google.com/maps/search/?api=1&query=Leisure%20(K)%20Hotel&query_place_id=ChIJ3xrVpn0bLxgR_NiubrdMQao,ChIJ3xrVpn0bLxgR_NiubrdMQao,False
Oasis of Peace by Edmor Suites,Guest house,"PQ46+7HX, Kingara Rd, Nairobi, Kenya",+1 5555555,,,,,"https://www.google.com/travel/lodging/clk?pc=AA80OszLz7s5C6Nr511S43sLvymI9C0kg9dqyHd2LdKWvugvzOwaYhPv-mkXd8xGCadjc3pkmAprKMff0oOaSHbrFiKOY9HmYoC9VciTN4jlWXBubGR9f_gsRIfHMCRwC34Ga4uRKK2ezDS2B4Tg47TRUeKwhhqaqH-1Mmu8WkzgIpNP9wRCxYxvRr1eC9ktJrs3&pcurl=https://www.expedia.com/Hotel-Search?selected%3D99961191%26startDate%3D2026-09-19%26endDate%3D2026-09-20%26MDPCID%3DUS.META.HPA.HOTEL-ORGANIC-desktop.HOTEL%26MDPDTL%3DHTL.99961191.20260919.20260920.DDT.5.CID..AUDID..RRID.bex_us_desktop%26mctc%3D10%26ct%3Dhotel%26mpg%3DUSD%26mpf%3D62.49%26mpj%3D18.01%26mpr%3D10.00%26mpl%3DUSD%26exp_pg%3Dgoogle%26langid%3Den%26ad%3D2%26tp%3D%26utm_source%3Dgoogle%26utm_medium%3Dcpc%26utm_term%3D99961191%26utm_content%3Dmapresults%26utm_campaign%3DHotelAds%26langid%3D1033%26adults%3D2%26children%3D%26rrid%3Dbex_us_desktop%26rateplanid%3D392600234%26mpm%3D24%26mpn%3D323710831%26mpo%3DEC%26mpp%3D1&s=AD1XQnmptX6xlpTfvnLaOXx6teXt | https://www.expedia.com/Hotel-Search?selected=99961191&startDate=2026-09-19&endDate=2026-09-20&MDPCID=US.META.HPA.HOTEL-ORGANIC-desktop.HOTEL&MDPDTL=HTL.99961191.20260919.20260920.DDT.5.CID..AUDID..RRID.bex_us_desktop&mctc=10&ct=hotel&mpg=USD&mpf=62.49&mpj=18.01&mpr=10.00&mpl=USD&exp_pg=google&langid=en&ad=2&tp=&utm_source=google&utm_medium=cpc&utm_term=99961191&utm_content=mapresults&utm_campaign=HotelAds&langid=1033&adults=2&children=&rrid=bex_us_desktop&rateplanid=392600234&mpm=24&mpn=323710831&mpo=EC&mpp=1 | https://www.google.com/travel/lodging/clk?pc=AA80Osz4rHJDBgZ-5kSfPpuiFhXLz8V3qs0_C-htQY1oEK5nTn9a7jT8u2X5kYCBjBHjMT5HHlsvHlcO1pel-gwJk7YMFQp3ffscQ_qr9erGOEj38QzW0fHgVdoeihqXAY0XJoEUOh4GyWjgwxahjWEfEwPQpHmEPs4CHZKtWFmE1B8-qAAndtcYl0fxbPgCNIo&pcurl=https://www.hotels.com/Hotel-Search?selected%3D99961191%26startDate%3D2026-09-19%26endDate%3D2026-09-20%26mdpcid%3DHCOM-US.META.HPA.HOTEL-ORGANIC-desktop.HOTEL%26MDPDTL%3DHTL.99961191.20260919.20260920.DDT.5.CID..AUDID.%26adults%3D2%26children%3D%26mctc%3D10%26mpf%3D62.49%26mpg%3DUSD%26mpl%3DUSD%26mpj%3D18.01%26mpr%3D10.00%26rffrid%3Dsem.hcom.US.156.024.mapresults.02.desktop-1.kwrd%3DGGMETA.99961191USen-20260919-D-ABW%3D5-camp%3D-aud%3D-N%26rateplanid%3D392600234%26mpm%3D24%26mpn%3D323710831%26mpo%3DEC%26mpp%3D1%26locale%3Den_US%26siteid%3D300000001&s=AD1XQnnaOH-oNHsR1Khqcl6Wb7jL | https://www.hotels.com/Hotel-Search?selected=99961191&startDate=2026-09-19&endDate=2026-09-20&mdpcid=HCOM-US.META.HPA.HOTEL-ORGANIC-desktop.HOTEL&MDPDTL=HTL.99961191.20260919.20260920.DDT.5.CID..AUDID.&adults=2&children=&mctc=10&mpf=62.49&mpg=USD&mpl=USD&mpj=18.01&mpr=10.00&rffrid=sem.hcom.US.156.024.mapresults.02.desktop-1.kwrd=GGMETA.99961191USen-20260919-D-ABW=5-camp=-aud=-N&rateplanid=392600234&mpm=24&mpn=323710831&mpo=EC&mpp=1&locale=en_US&siteid=300000001 | https://www.google.com/travel/lodging/clk?pc=AA80OszMWnPCliVqcgM7PJZVOiXEMooaBR50shnSjMpjOSqYJppyJ5bnTve1-Sk-gzRtOsx05jPtkg_GJZyufIX_pRP6iYB0QhMbG5YKAti-vUnkhJPNVUNfllNnxd9gQmPytLGPOV1Sgfsomo3l5lyguxLEOZdGWV6j12PcsgaZeaSXN8KvArcvesHvfjiz4bo&pcurl=https://www.orbitz.com/Hotel-Search?selected%3D99961191%26startDate%3D2026-09-19%26endDate%3D2026-09-20%26adults%3D2%26children%3D%26MDPCID%3DORBITZ-US.META.HPA.ORGANIC-desktop.HOTEL%26MDPDTL%3Dhtl.99961191.20260919.20260920.DDT.5.CID..AUDID..mapresults%26mpg%3DUSD%26mpf%3D62.49%26mpj%3D18.01%26mpr%3D10.00%26mctc%3D10%26rateplanid%3D392600234%26mpm%3D24%26mpn%3D323710831%26mpo%3DEC%26mpp%3D1&s=AD1XQnmYunSCcjUV5MbSw_CvIIDk | https://www.orbitz.com/Hotel-Search?selected=99961191&startDate=2026-09-19&endDate=2026-09-20&adults=2&children=&MDPCID=ORBITZ-US.META.HPA.ORGANIC-desktop.HOTEL&MDPDTL=htl.99961191.20260919.20260920.DDT.5.CID..AUDID..mapresults&mpg=USD&mpf=62.49&mpj=18.01&mpr=10.00&mctc=10&rateplanid=392600234&mpm=24&mpn=323710831&mpo=EC&mpp=1 | https://www.google.com/travel/lodging/clk?pc=AA80OszGy7XNLTUZrfIlJ_Tsp4gdsG5Xhb48UJ6EMUkhiqNBP0mtmqm-mbqTEx1pZyBpG_5BuNp-HLiEL04g_Ciw97hBFn6Us3REwcdrJtrKss4aiWJFb86qKznVqoNlU6vnIRoI8yUL7ILA4UdbUW0knqRkYoCNhTMJW2nSqqW8pPn2UuelxLs-IEoYMZH6RJWY&pcurl=https://www.travelocity.com/Hotel-Search?selected%3D99961191%26startDate%3D2026-09-19%26endDate%3D2026-09-20%26adults%3D2%26children%3D%26MDPCID%3Dtravelocity-US.META.HPA.ORGANIC.HOTEL%26MDPDTL%3DHTL.99961191.20260919.20260920.DDT.5.CID..AUDID..mapresults%26mpg%3DUSD%26mpf%3D62.49%26mpj%3D18.01%26mpr%3D10.00%26mctc%3D10%26rateplanid%3D392600234%26mpm%3D24%26mpn%3D323710831%26mpo%3DEC%26mpp%3D1&s=AD1XQnml9zuJhYttb5zKunUkCzex | https://www.travelocity.com/Hotel-Search?selected=99961191&startDate=2026-09-19&endDate=2026-09-20&adults=2&children=&MDPCID=travelocity-US.META.HPA.ORGANIC.HOTEL&MDPDTL=HTL.99961191.20260919.20260920.DDT.5.CID..AUDID..mapresults&mpg=USD&mpf=62.49&mpj=18.01&mpr=10.00&mctc=10&rateplanid=392600234&mpm=24&mpn=323710831&mpo=EC&mpp=1 | https://www.google.com/travel/lodging/clk?pc=AA80OsxKejyVNby3SccFT5nS67USHYEUwrDWa8y3kodyDv9mvhXT2hdwyJ6K0KTlCTOj4p06-_mY1ua54WEcYu9UL370Hz_WsrHYlsisIX55ufWZAejIamU2gbvnM5SJK9g05V8aaMvPCS1Spb_2VD2P-EvYYelJa0TCaGHAy1rAaLUL_P4NXqme5qs1bq4S_vSEwyM01n4&pcurl=https://www.cheaptickets.com/Hotel-Search?selected%3D99961191%26startDate%3D2026-09-19%26endDate%3D2026-09-20%26MDPCID%3DCHEAPTICKETS-US.META.HPA.ORGANIC-desktop.HOTEL%26langid%3D1033%26adults%3D2%26children%3D%26MDPDTL%3Dhtl.99961191.20260919.20260920.DDT.5.CID..AUDID..mapresults%26mpg%3DUSD%26mpf%3D62.49%26mpj%3D18.01%26mpr%3D10.00%26mctc%3D10%26rateplanid%3D392600234%26rateplanid%3D392600234%26mpm%3D24%26mpn%3D323710831%26mpo%3DEC%26mpp%3D1&s=AD1XQnnEPq0548jAJYjgZbJxqnp6 | https://www.cheaptickets.com/Hotel-Search?selected=99961191&startDate=2026-09-19&endDate=2026-09-20&MDPCID=CHEAPTICKETS-US.META.HPA.ORGANIC-desktop.HOTEL&langid=1033&adults=2&children=&MDPDTL=htl.99961191.20260919.20260920.DDT.5.CID..AUDID..mapresults&mpg=USD&mpf=62.49&mpj=18.01&mpr=10.00&mctc=10&rateplanid=392600234&rateplanid=392600234&mpm=24&mpn=323710831&mpo=EC&mpp=1 | https://www.google.com/maps/search/?api=1&query=Oasis%20of%20Peace%20by%20Edmor%20Suites&query_place_id=ChIJmXr0dRUaLxgRs1R_BuHjc6o | https://www.google.com/maps/search/Hotel/@-1.296413588499247,36.76508901669314,16z?hl=en | https://lh3.googleusercontent.com/gps-cs-s/AHRPTWmVs5KGTuyhkGySQ-5F3jbYKX0nXjVeI1lnI9FSLxHfCi95kd_l4nYTtw_QlVQlGxPajd1oCfzmDxfIvRP0LeBJtAAylOVOn4abryrUFhGfG5mWm9ouEtW3KaSLde0jGVc5qnY=w408-h265-k-no",https://www.google.com/maps/search/?api=1&query=Oasis%20of%20Peace%20by%20Edmor%20Suites&query_place_id=ChIJmXr0dRUaLxgRs1R_BuHjc6o,ChIJmXr0dRUaLxgRs1R_BuHjc6o,False
Burger Boss,Hamburger restaurant,"Deliverance Church, Langata Rd, Nairobi, Kenya",+254 724 459404,,,,,"https://www.google.com/maps/search/?api=1&query=Burger%20Boss&query_place_id=ChIJAzR1RAARLxgRSfwSb0q7UYY | https://www.google.com/maps/search/restaurant/@-1.3307757371669178,36.79946094992056,16z?hl=en | https://lh3.googleusercontent.com/gps-cs-s/AHRPTWmP5g8OnkId0mQuJABecZLuqDlRROTvvHVCg0imzwx9KEZpr9HQmjT7FW16qqDH8M4upy1zERfYAVvHf1h1WBCHYWtbO4eWG764NofdoxbNrK3AAzLtrYfiWCL6Kgy7QzIxP49xeiBP7rE=w408-h544-k-no",https://www.google.com/maps/search/?api=1&query=Burger%20Boss&query_place_id=ChIJAzR1RAARLxgRSfwSb0q7UYY,ChIJAzR1RAARLxgRSfwSb0q7UYY,False
DRIP BURGERS LAVINGTON,Hamburger restaurant,"James Gichuru Road, Nairobi, Kenya",+254 752 000100,,,,,"https://www.google.com/maps/search/?api=1&query=DRIP%20BURGERS%20LAVINGTON&query_place_id=ChIJ_R0KdnMbLxgR64LGNxZnQwk | https://www.google.com/maps/search/restaurant/@-1.292292,36.7671123,17.00233612829275z?hl=en | https://lh3.googleusercontent.com/gps-cs-s/AHRPTWkkXNXq_IZ7GF_twlqtMaf17TKO3T5VzSRp1EAWIXUDSRSSsZyJDhD0-KrjejfF_TjAwwpezUCB5qZaFy9aziKIfTISbrh0oZaGYGX2E2W9e4LDVRrwk8Dw5UJ3AWQ1ezB6wXnzUJ1U2xBK=w408-h306-k-no",https://www.google.com/maps/search/?api=1&query=DRIP%20BURGERS%20LAVINGTON&query_place_id=ChIJ_R0KdnMbLxgR64LGNxZnQwk,ChIJ_R0KdnMbLxgR64LGNxZnQwk,False
Mood Burgers,Hamburger restaurant,"Nairobi, Kenya",+254 718 975465,,,,,"https://www.google.com/maps/search/?api=1&query=Mood%20Burgers&query_place_id=ChIJuSF22fAFLxgRbk1jwrH1hyg | https://www.google.com/maps/search/restaurant/@-1.3479568115007532,36.74790305007943,16z?hl=en | https://streetviewpixels-pa.googleapis.com/v1/thumbnail?panoid=qFZ95pJMaf-Q49b5oZN2Jw&cb_client=search.gws-prod.gps&w=408&h=240&yaw=127.07995&pitch=0&thumbfov=100",https://www.google.com/maps/search/?api=1&query=Mood%20Burgers&query_place_id=ChIJuSF22fAFLxgRbk1jwrH1hyg,ChIJuSF22fAFLxgRbk1jwrH1hyg,True
Erciyes,Hawker stall,"Ngong Rd, North, Kenya",+254 713 482768,,,,,"https://www.google.com/maps/search/?api=1&query=Erciyes&query_place_id=ChIJEZcL5dgbLxgRMFwYlloOCHA | https://www.google.com/maps/search/restaurant/@-1.2999357,36.7739766,17.00233177367389z?hl=en",https://www.google.com/maps/search/?api=1&query=Erciyes&query_place_id=ChIJEZcL5dgbLxgRMFwYlloOCHA,ChIJEZcL5dgbLxgRMFwYlloOCHA,False
Jeymud,Hawker stall,"Ngong Road Woodley/Kenyatta Golf Course, Kenya",+254 705 663333,,,,,"https://www.google.com/maps/search/?api=1&query=Jeymud&query_place_id=ChIJ5T36fE4bLxgRrop_gOQWhT0 | https://www.google.com/maps/search/restaurant/@-1.2999357,36.7739766,17.00233177367389z?hl=en",https://www.google.com/maps/search/?api=1&query=Jeymud&query_place_id=ChIJ5T36fE4bLxgRrop_gOQWhT0,ChIJ5T36fE4bLxgRrop_gOQWhT0,False
Doré Healthy Eats,Health food restaurant,"MQ47+H77, Langata Rd, Nairobi, Kenya",,,,,,"https://www.google.com/maps/search/?api=1&query=Dor%C3%A9%20Healthy%20Eats&query_place_id=ChIJPfNKIxoFLxgRlLvzMKt6eLY | https://www.google.com/maps/search/restaurant/@-1.3479568115007532,36.76508901669314,16z?hl=en | https://lh3.googleusercontent.com/gps-cs-s/AHRPTWk42ClEC4NrVbA9-Degq8wmjFCDTFHNIMk2OeS8Dk_hM3PH15w8VXwHusOkfpCcSoZEqsRx3FrDNP_irILDSa_IAT6MXn67PnlQYb407kGcwaTpughaoFdUlkTT4LFzK_hSLhWV=w408-h544-k-no",https://www.google.com/maps/search/?api=1&query=Dor%C3%A9%20Healthy%20Eats&query_place_id=ChIJPfNKIxoFLxgRlLvzMKt6eLY,ChIJPfNKIxoFLxgRlLvzMKt6eLY,False
Island Taste,Health food restaurant,"Gitanga Rd, Nairobi, Kenya",+254 748 847426,,,,,"https://www.google.com/maps/search/?api=1&query=Island%20Taste&query_place_id=ChIJIXFrMeAbLxgRO09CxckFq6g | https://www.google.com/maps/search/restaurant/@-1.292292,36.7671123,17.00233612829275z?hl=en | http://t2.gstatic.com/images?q=tbn:ANd9GcQ6V13TRR9KoNU_6sOyCP2-XuVbyPrIU9UloXxpS84lviiXBjda",https://www.google.com/maps/search/?api=1&query=Island%20Taste&query_place_id=ChIJIXFrMeAbLxgRO09CxckFq6g,ChIJIXFrMeAbLxgRO09CxckFq6g,False
Natural Juice & Immune Boosters,Health food restaurant,"4 Karandini Rd, Nairobi, Kenya",,,,,,"https://www.google.com/maps/search/?api=1&query=Natural%20Juice%20%26%20Immune%20Boosters&query_place_id=ChIJsQ6GD0EaLxgRJu5tQg1HuZA | https://www.google.com/maps/search/restaurant/@-1.30206825,36.7531745,17.002330554175863z?hl=en | https://lh3.googleusercontent.com/gps-cs-s/AHRPTWlt_vUcM5yf0z06Kk7mMsDZBiAQglBRJbyGeBDNlxPCUM2YrZuMEImTpKIUcf4DYJJuCDyceyZchgQeXUxYvXulGUc335otGMhsTk3EFtFXhoOkbqDLdpcOk_cvqEfN4cFm6bb-=w408-h306-k-no",https://www.google.com/maps/search/?api=1&query=Natural%20Juice%20%26%20Immune%20Boosters&query_place_id=ChIJsQ6GD0EaLxgRJu5tQg1HuZA,ChIJsQ6GD0EaLxgRJu5tQg1HuZA,False
Kilimani,Homestay,"L.R 1/442 Kindaruma Rd, Nairobi, Kenya",,,,,,"https://www.google.com/travel/lodging/clk?pc=AA80Osx04s-sx1YtN-FA5p94Bnt1doacho0bIaMW5CfOfqu6rqeK8DSJrzBkAnelhWtM0oqhiXdqU3kuBUgk6AfzpyjxJDPJDmM9zvFCu-e2pf22kwqTs2pd2dUthInDquNYpJvhh56NzPl2nWj_BPreOdopkG_PiY8gE-HE7tRGqE0vNSo_kVqs66MAnckRaD3O&pcurl=https://www.expedia.com/Hotel-Search?selected%3D118071454%26startDate%3D2026-09-19%26endDate%3D2026-09-20%26MDPCID%3DUS.META.HPA.HOTEL-ORGANIC-desktop.HOTEL%26MDPDTL%3DHTL.118071454.20260919.20260920.DDT.5.CID..AUDID..RRID.bex_us_desktop%26mctc%3D10%26ct%3Dhotel%26mpg%3DUSD%26mpf%3D45.19%26mpj%3D6.90%26mpr%3D0.00%26mpl%3DUSD%26exp_pg%3Dgoogle%26langid%3Den%26ad%3D2%26tp%3D%26utm_source%3Dgoogle%26utm_medium%3Dcpc%26utm_term%3D118071454%26utm_content%3Dmapresults%26utm_campaign%3DHotelAds%26langid%3D1033%26adults%3D2%26children%3D%26rrid%3Dbex_us_desktop%26rateplanid%3D403206180%26mpm%3D24%26mpn%3D326913991%26mpo%3DEC%26mpp%3D1&s=AD1XQnl2VHTtTMuoocmq-I2cVHtn | https://www.expedia.com/Hotel-Search?selected=118071454&startDate=2026-09-19&endDate=2026-09-20&MDPCID=US.META.HPA.HOTEL-ORGANIC-desktop.HOTEL&MDPDTL=HTL.118071454.20260919.20260920.DDT.5.CID..AUDID..RRID.bex_us_desktop&mctc=10&ct=hotel&mpg=USD&mpf=45.19&mpj=6.90&mpr=0.00&mpl=USD&exp_pg=google&langid=en&ad=2&tp=&utm_source=google&utm_medium=cpc&utm_term=118071454&utm_content=mapresults&utm_campaign=HotelAds&langid=1033&adults=2&children=&rrid=bex_us_desktop&rateplanid=403206180&mpm=24&mpn=326913991&mpo=EC&mpp=1 | https://www.google.com/travel/lodging/clk?pc=AA80OswCcN_39obG4r3s3qYolM5ysysdTusF4dQEj5KuZ4-CtqOiA2rhqaxkTedUSEHACcVBQNTh3lOuLu66facbLXsrkCyCkDXaf93Yj8T-otunqbpWL-W4oMfLHPmOe5AyUEYkk-FJ6HGcDBbRKHnX_pQPAlU51nVY3cXK5yjCzcpAl9B4HREBdem9FOiIMiI&pcurl=https://www.hotels.com/Hotel-Search?selected%3D118071454%26startDate%3D2026-09-19%26endDate%3D2026-09-20%26mdpcid%3DHCOM-US.META.HPA.HOTEL-ORGANIC-desktop.HOTEL%26MDPDTL%3DHTL.118071454.20260919.20260920.DDT.5.CID..AUDID.%26adults%3D2%26children%3D%26mctc%3D10%26mpf%3D45.19%26mpg%3DUSD%26mpl%3DUSD%26mpj%3D6.90%26mpr%3D0.00%26rffrid%3Dsem.hcom.US.156.024.mapresults.02.desktop-1.kwrd%3DGGMETA.118071454USen-20260919-D-ABW%3D5-camp%3D-aud%3D-N%26rateplanid%3D403206180%26mpm%3D24%26mpn%3D326913991%26mpo%3DEC%26mpp%3D1%26locale%3Den_US%26siteid%3D300000001&s=AD1XQnkZ0fG9RyP73qTcudlN5iUs | https://www.hotels.com/Hotel-Search?selected=118071454&startDate=2026-09-19&endDate=2026-09-20&mdpcid=HCOM-US.META.HPA.HOTEL-ORGANIC-desktop.HOTEL&MDPDTL=HTL.118071454.20260919.20260920.DDT.5.CID..AUDID.&adults=2&children=&mctc=10&mpf=45.19&mpg=USD&mpl=USD&mpj=6.90&mpr=0.00&rffrid=sem.hcom.US.156.024.mapresults.02.desktop-1.kwrd=GGMETA.118071454USen-20260919-D-ABW=5-camp=-aud=-N&rateplanid=403206180&mpm=24&mpn=326913991&mpo=EC&mpp=1&locale=en_US&siteid=300000001 | https://www.google.com/travel/lodging/clk?pc=AA80Osysu4xvOOZsPg4Tl_Bu-tkQIFuxBoHPADvFEHPocTM9kXRohrIoyD4fn4a72VhXEY8r_FrLU5IMQ2n9nCICbOdGvEq4fp-JDDEzL3q9lm3zrbOdYWlNEzwppl5wh4j7eaipVddsCxz9AGhqo-_Po7aVGe1wRAABB680CgHNx0z867TSL7_iG0pfXQYjbpU&pcurl=https://www.orbitz.com/Hotel-Search?selected%3D118071454%26startDate%3D2026-09-19%26endDate%3D2026-09-20%26adults%3D2%26children%3D%26MDPCID%3DORBITZ-US.META.HPA.ORGANIC-desktop.HOTEL%26MDPDTL%3Dhtl.118071454.20260919.20260920.DDT.5.CID..AUDID..mapresults%26mpg%3DUSD%26mpf%3D45.19%26mpj%3D6.90%26mpr%3D0.00%26mctc%3D10%26rateplanid%3D403206180%26mpm%3D24%26mpn%3D326913991%26mpo%3DEC%26mpp%3D1&s=AD1XQnmUIyN4RN_FTN7QW91h6CjS | https://www.orbitz.com/Hotel-Search?selected=118071454&startDate=2026-09-19&endDate=2026-09-20&adults=2&children=&MDPCID=ORBITZ-US.META.HPA.ORGANIC-desktop.HOTEL&MDPDTL=htl.118071454.20260919.20260920.DDT.5.CID..AUDID..mapresults&mpg=USD&mpf=45.19&mpj=6.90&mpr=0.00&mctc=10&rateplanid=403206180&mpm=24&mpn=326913991&mpo=EC&mpp=1 | https://www.google.com/travel/lodging/clk?pc=AA80Osx5012IVaPqpWA-LIAbHC3weBuZcP3gPpdnbtlOOxTJrm1rMw4Bp19lp8f8XCFeon5VjTTm0pFcECTp8VHO5uEXahzfZ7FvBPr9ymz3gpfa0tdlpdznUmI4btAPwhZVxUzmhmZVVY9EA4vX3gAe27K3WpsU7qEpOyA9d-qxpY0gDbtlA92iUnbKruigVhIY&pcurl=https://www.travelocity.com/Hotel-Search?selected%3D118071454%26startDate%3D2026-09-19%26endDate%3D2026-09-20%26adults%3D2%26children%3D%26MDPCID%3Dtravelocity-US.META.HPA.ORGANIC.HOTEL%26MDPDTL%3DHTL.118071454.20260919.20260920.DDT.5.CID..AUDID..mapresults%26mpg%3DUSD%26mpf%3D45.19%26mpj%3D6.90%26mpr%3D0.00%26mctc%3D10%26rateplanid%3D403206180%26mpm%3D24%26mpn%3D326913991%26mpo%3DEC%26mpp%3D1&s=AD1XQnmvcDpeZiiwOCOic_FhHcaw | https://www.travelocity.com/Hotel-Search?selected=118071454&startDate=2026-09-19&endDate=2026-09-20&adults=2&children=&MDPCID=travelocity-US.META.HPA.ORGANIC.HOTEL&MDPDTL=HTL.118071454.20260919.20260920.DDT.5.CID..AUDID..mapresults&mpg=USD&mpf=45.19&mpj=6.90&mpr=0.00&mctc=10&rateplanid=403206180&mpm=24&mpn=326913991&mpo=EC&mpp=1 | https://www.google.com/travel/lodging/clk?pc=AA80OswwXN8EFRmui_1jl5pT8z2G622U1BA_RvbhYZt9jx5aRwj12rKgaclEq_HME1b9ox7cFz8uEkTmvRyaS1qju_lLrzq8hY7oZYDZB4FnASIR8bZkXZ4u0QuXamxpregqvvqGDRVs7G0hl3pI4Tp4oGSa1jwG9qCPw-E0JOy8caUv8vG9aQMH&pcurl=https://accommodation.edreams.net/Hotel-Search?selected%3D118071454%26startDate%3D2026-09-19%26endDate%3D2026-09-20%26adults%3D2%26children%3D%26mpf%3D45.19%26cur%3DUSD%26mpj%3D6.90%26MDPCID%3DeDreams-US.DPS.Edreams.MetaSearch-GHA.HOTEL%26mpl%3DUSD%26numberOfRooms%3D1%26locale%3Den_US%26rffrid%3Dh4p.hcom.US.ghaodigeo.000.000.kwrd%3D%26pos%3DEDREAMS_US%26rateplanid%3D403206180%26mctc%3D10%26utm_medium%3Dmetasearch%26utm_campaign%3D3779286528%26utm_term%3Dhotel%26utm_source%3DFREEBOOKING&s=AD1XQnlu7MXo5JlXDyYAGqnwAPKp | https://accommodation.edreams.net/Hotel-Search?selected=118071454&startDate=2026-09-19&endDate=2026-09-20&adults=2&children=&mpf=45.19&cur=USD&mpj=6.90&MDPCID=eDreams-US.DPS.Edreams.MetaSearch-GHA.HOTEL&mpl=USD&numberOfRooms=1&locale=en_US&rffrid=h4p.hcom.US.ghaodigeo.000.000.kwrd=&pos=EDREAMS_US&rateplanid=403206180&mctc=10&utm_medium=metasearch&utm_campaign=3779286528&utm_term=hotel&utm_source=FREEBOOKING | https://www.google.com/travel/lodging/clk?pc=AA80OswXtt20_1PQIsnk7kW0E33fckP6wmV7aU0Fobn7lEeGhUDUmpMQtP2LfscRGRUIGK51sfHuvXwlwRIig0H_a2rVidsLaFDShx9502wF6icrkuyZb9o7-vK7LpHX4VAYNfh3o6dyATEAL4hFGyYHHsrO_yRIkDbdJ1oA2B1Au0p2G4DEViYbD5GMIMVs0U1xLCkfmDA&pcurl=https://www.cheaptickets.com/Hotel-Search?selected%3D118071454%26startDate%3D2026-09-19%26endDate%3D2026-09-20%26MDPCID%3DCHEAPTICKETS-US.META.HPA.ORGANIC-desktop.HOTEL%26langid%3D1033%26adults%3D2%26children%3D%26MDPDTL%3Dhtl.118071454.20260919.20260920.DDT.5.CID..AUDID..mapresults%26mpg%3DUSD%26mpf%3D45.19%26mpj%3D6.90%26mpr%3D0.00%26mctc%3D10%26rateplanid%3D403206180%26rateplanid%3D403206180%26mpm%3D24%26mpn%3D326913991%26mpo%3DEC%26mpp%3D1&s=AD1XQnmN7vqJN7FPLz_ub1Iu_bMV | https://www.cheaptickets.com/Hotel-Search?selected=118071454&startDate=2026-09-19&endDate=2026-09-20&MDPCID=CHEAPTICKETS-US.META.HPA.ORGANIC-desktop.HOTEL&langid=1033&adults=2&children=&MDPDTL=htl.118071454.20260919.20260920.DDT.5.CID..AUDID..mapresults&mpg=USD&mpf=45.19&mpj=6.90&mpr=0.00&mctc=10&rateplanid=403206180&rateplanid=403206180&mpm=24&mpn=326913991&mpo=EC&mpp=1 | https://www.google.com/maps/search/?api=1&query=Kilimani&query_place_id=ChIJ-T-8FAARLxgR1X4n9Lt4Fvo | https://www.google.com/maps/search/Hotel/@-1.3011517,36.7847816,17.00233107854971z?hl=en | https://lh3.googleusercontent.com/gps-cs-s/AHRPTWmZ6IQR4JbWzv5sAarbTlts2ApMEWRoM08iKyt7E3ycTJ0fFC_IcVdeXn7esbWWXSe5ArbUrREPIXod6dFlunw8Fy0TGKJuUEewUkfbco9Xu5PiTaaAWfW3w1261_af06Zr0Nulog4Ag9w=w408-h544-k-no",https://www.google.com/maps/search/?api=1&query=Kilimani&query_place_id=ChIJ-T-8FAARLxgR1X4n9Lt4Fvo,ChIJ-T-8FAARLxgR1X4n9Lt4Fvo,False
Meteor Garden Little Elephant Hotel,Homestay,"PQ3Q+XMQ, Nairobi, Kenya",+254 705 628995,,,,,"https://www.google.com/travel/lodging/clk?pc=AA80OswphhlZc2CaUYlpDuTZXmRMrTuK9lQekoq8HjS_YT2JUWNTuJXefj6B07tyzM4o_dqkwmuzbWugT3EHsD9h2AdA4jP4IdZC5cznTUUvI2QryMFvHN28Ei5uqPHfj2gYGwgzvHg8ziybz8UdoJ9KiqW-aIOoCCIkCpy0C_4lUG1YwOXOA52TJd0z8g&pcurl=https://www.bluepillow.com/search/6a91646fdb63c41175ba230f?begin%3D2026-09-19%26end%3D2026-09-20%26block_id%3D-b,tNRC2CS1W33RUvVlS66OdkE6J9iETu5W_WxmRfET3xDMjtCEIUEpcGbICzZY2FE8,-bpctrip-Hotel%26fees%3D6.39%26tax%3D6.39%26total%3D41.89%26adults%3D2%26childs%3D0%26infants%3D0%26childrens%3D0%26country%3DUS%26currency%3DUSD%26language%3Den%26source%3Dmapresults%26utm_campaign%3Dhotel%26prid%3Dforeign&s=AD1XQnm7LiCoEAhM-n-wWd53cWwT | https://www.bluepillow.com/search/6a91646fdb63c41175ba230f?begin=2026-09-19&end=2026-09-20&block_id=-b,tNRC2CS1W33RUvVlS66OdkE6J9iETu5W_WxmRfET3xDMjtCEIUEpcGbICzZY2FE8,-bpctrip-Hotel&fees=6.39&tax=6.39&total=41.89&adults=2&childs=0&infants=0&childrens=0&country=US&currency=USD&language=en&source=mapresults&utm_campaign=hotel&prid=foreign | https://www.google.com/maps/search/?api=1&query=Meteor%20Garden%20Little%20Elephant%20Hotel&query_place_id=ChIJh05yVAARLxgRzc5OPBZybPg | https://www.google.com/maps/search/Hotel/@-1.29814652,36.7892868,17.00233279527329z?hl=en | http://pix8.agoda.net/property/84110251/0/897b9e8579850e8c01bf4b08b1a1fe5d.jpeg?ce=3",https://www.google.com/maps/search/?api=1&query=Meteor%20Garden%20Little%20Elephant%20Hotel&query_place_id=ChIJh05yVAARLxgRzc5OPBZybPg,ChIJh05yVAARLxgRzc5OPBZybPg,False
Lavela Restaurant,Hookah bar,"Kabarnet Rd, North, Kenya",+254 751 083083,,,,,"https://www.google.com/maps/search/?api=1&query=Lavela%20Restaurant&query_place_id=ChIJbaoXV5oQLxgRQzrdcrMPuXw | https://www.google.com/maps/search/restaurant/@-1.296413588499247,36.78227498330685,16z?hl=en | https://lh3.googleusercontent.com/gps-cs-s/AHRPTWk1fQMO18dNbrtgIUokWdQdVcmIwgDgO6-j2qSNaEpT9RZeXabjP6K8CBH-oU0EGVxmdlMmyDDtMjDQsGqkoTcx-UgL853v-9aEnnLs0uph9KLIVaU2LiMJlMai2w-EQBaw1D0E=w408-h306-k-no",https://www.google.com/maps/search/?api=1&query=Lavela%20Restaurant&query_place_id=ChIJbaoXV5oQLxgRQzrdcrMPuXw,ChIJbaoXV5oQLxgRQzrdcrMPuXw,False
White House,Hostel,"MRH5+W49, Nairobi, Kenya",,,,,,"https://www.google.com/travel/lodging/clk?pc=AA80OsyVf2aR0Bs-KaLGNrxKwTfBk9LJj2wWjOZ0fNz90Rok9ngMAh4UVyPQdeRP2S2LGB_1SpZVT7vwO4-ZP9Qa_mujb2VAReqDda-jTTV_4i2pwS4bsBQ2lp3FDi-CsWZXQMKZ54mrPX9fwxxCI-zu4PpqIpu_V3dE4BHH-x3ZBPyTIACf1S3qMwtdOPsBRvaN&pcurl=https://www.expedia.com/Hotel-Search?selected%3D116947448%26startDate%3D2026-09-19%26endDate%3D2026-09-20%26MDPCID%3DUS.META.HPA.HOTEL-ORGANIC-desktop.HOTEL%26MDPDTL%3DHTL.116947448.20260919.20260920.DDT.5.CID..AUDID..RRID.bex_us_desktop%26mctc%3D10%26ct%3Dhotel%26mpg%3DUSD%26mpf%3D167.02%26mpj%3D25.48%26mpr%3D0.00%26mpl%3DUSD%26exp_pg%3Dgoogle%26langid%3Den%26ad%3D2%26tp%3D%26utm_source%3Dgoogle%26utm_medium%3Dcpc%26utm_term%3D116947448%26utm_content%3Dmapresults%26utm_campaign%3DHotelAds%26langid%3D1033%26adults%3D2%26children%3D%26rrid%3Dbex_us_desktop%26rateplanid%3D402712068%26mpm%3D24%26mpn%3D326774508%26mpo%3DEC%26mpp%3D1&s=AD1XQnk28RE_OwepFQhL5hiL63ks | https://www.expedia.com/Hotel-Search?selected=116947448&startDate=2026-09-19&endDate=2026-09-20&MDPCID=US.META.HPA.HOTEL-ORGANIC-desktop.HOTEL&MDPDTL=HTL.116947448.20260919.20260920.DDT.5.CID..AUDID..RRID.bex_us_desktop&mctc=10&ct=hotel&mpg=USD&mpf=167.02&mpj=25.48&mpr=0.00&mpl=USD&exp_pg=google&langid=en&ad=2&tp=&utm_source=google&utm_medium=cpc&utm_term=116947448&utm_content=mapresults&utm_campaign=HotelAds&langid=1033&adults=2&children=&rrid=bex_us_desktop&rateplanid=402712068&mpm=24&mpn=326774508&mpo=EC&mpp=1 | https://www.google.com/travel/lodging/clk?pc=AA80OsxAuBj0CdLOmD5n-Em6FPNGOvcrWqiU1e0mghSFOij5XDbQEXNBDCGL1H4ik6sdV6EfAdq8udPLpOAgdF8Q1JBhaQ-SEpQZuJTczGFBm6BG57CnHACGeuJXDC60mACPj1UEC7jsAEU4k_sJWlyrNfehz6-0l6yhuDh22qoNOYjkCrTKQyoYZ-ip1EfdOpc&pcurl=https://www.hotels.com/Hotel-Search?selected%3D116947448%26startDate%3D2026-09-19%26endDate%3D2026-09-20%26mdpcid%3DHCOM-US.META.HPA.HOTEL-ORGANIC-desktop.HOTEL%26MDPDTL%3DHTL.116947448.20260919.20260920.DDT.5.CID..AUDID.%26adults%3D2%26children%3D%26mctc%3D10%26mpf%3D167.02%26mpg%3DUSD%26mpl%3DUSD%26mpj%3D25.48%26mpr%3D0.00%26rffrid%3Dsem.hcom.US.156.024.mapresults.02.desktop-1.kwrd%3DGGMETA.116947448USen-20260919-D-ABW%3D5-camp%3D-aud%3D-N%26rateplanid%3D402712068%26mpm%3D24%26mpn%3D326774508%26mpo%3DEC%26mpp%3D1%26locale%3Den_US%26siteid%3D300000001&s=AD1XQnlBIZST0tYWhWXyUkCeplXc | https://www.hotels.com/Hotel-Search?selected=116947448&startDate=2026-09-19&endDate=2026-09-20&mdpcid=HCOM-US.META.HPA.HOTEL-ORGANIC-desktop.HOTEL&MDPDTL=HTL.116947448.20260919.20260920.DDT.5.CID..AUDID.&adults=2&children=&mctc=10&mpf=167.02&mpg=USD&mpl=USD&mpj=25.48&mpr=0.00&rffrid=sem.hcom.US.156.024.mapresults.02.desktop-1.kwrd=GGMETA.116947448USen-20260919-D-ABW=5-camp=-aud=-N&rateplanid=402712068&mpm=24&mpn=326774508&mpo=EC&mpp=1&locale=en_US&siteid=300000001 | https://www.google.com/travel/lodging/clk?pc=AA80Osyz-wm5AfAhH6-iWREHLxxYDyjAq0-zyWnUXOvI1GmRL60dLqDUZzDgRTKwxZnXK3XgpD0r0ILU8sYGR56QX6gO9t_kFS5slS17XttTmjaDCl7rEdY_TPtSP2jsUJ-WiaNRm3T_YI7Dt3-CPcsO4Bxi4an7dqHs-8SuM3FvFZjUVHENQCeDVRVy1mA7AeEv&pcurl=https://www.travelocity.com/Hotel-Search?selected%3D116947448%26startDate%3D2026-09-19%26endDate%3D2026-09-20%26adults%3D2%26children%3D%26MDPCID%3Dtravelocity-US.META.HPA.ORGANIC.HOTEL%26MDPDTL%3DHTL.116947448.20260919.20260920.DDT.5.CID..AUDID..mapresults%26mpg%3DUSD%26mpf%3D167.02%26mpj%3D25.48%26mpr%3D0.00%26mctc%3D10%26rateplanid%3D402712068%26mpm%3D24%26mpn%3D326774508%26mpo%3DEC%26mpp%3D1&s=AD1XQnkBrGY89Nohq5fTC6gEf6Ev | https://www.travelocity.com/Hotel-Search?selected=116947448&startDate=2026-09-19&endDate=2026-09-20&adults=2&children=&MDPCID=travelocity-US.META.HPA.ORGANIC.HOTEL&MDPDTL=HTL.116947448.20260919.20260920.DDT.5.CID..AUDID..mapresults&mpg=USD&mpf=167.02&mpj=25.48&mpr=0.00&mctc=10&rateplanid=402712068&mpm=24&mpn=326774508&mpo=EC&mpp=1 | https://www.google.com/travel/lodging/clk?pc=AA80OsxSb6JwbZ2PFNdLdAR4RmvubDW_-lyFau7dz2GaPqt6S-f9cImZBNtp2-ba1f4u0P2EsjkzAYlicFziPpO8WcI7T5rEoOxRGG1NvH8Zow6HuNFVB7jgxyzA8nducUlX2Ah2ZDrRhrsyF1jXmT6O5ZkJUuibKTkABpWFBFaI7YMyFCdAdDAefzbMd4vTWwU&pcurl=https://www.orbitz.com/Hotel-Search?selected%3D116947448%26startDate%3D2026-09-19%26endDate%3D2026-09-20%26adults%3D2%26children%3D%26MDPCID%3DORBITZ-US.META.HPA.ORGANIC-desktop.HOTEL%26MDPDTL%3Dhtl.116947448.20260919.20260920.DDT.5.CID..AUDID..mapresults%26mpg%3DUSD%26mpf%3D167.02%26mpj%3D25.48%26mpr%3D0.00%26mctc%3D10%26rateplanid%3D402712068%26mpm%3D24%26mpn%3D326774508%26mpo%3DEC%26mpp%3D1&s=AD1XQnkJWf75NsYNiQ1Sw6wtpwUb | https://www.orbitz.com/Hotel-Search?selected=116947448&startDate=2026-09-19&endDate=2026-09-20&adults=2&children=&MDPCID=ORBITZ-US.META.HPA.ORGANIC-desktop.HOTEL&MDPDTL=htl.116947448.20260919.20260920.DDT.5.CID..AUDID..mapresults&mpg=USD&mpf=167.02&mpj=25.48&mpr=0.00&mctc=10&rateplanid=402712068&mpm=24&mpn=326774508&mpo=EC&mpp=1 | https://www.google.com/travel/lodging/clk?pc=AA80OsyCk2LoM-_9ygfysXIzkTv_uhi4dxjVSBaL4rlGSTnX5_OQwUh9HxoFSZctKp51Wuc3T63LdCeKLCiQ7PPTiqjMgnCUTuJnBDnDPIRyMMfp2ksEbxf9wAEEK5gy3awpyQ5nXhG-mbJ2ocmmkWf_2SSKdewGTV6XqCIbinERG3VZi0lxnMcq&pcurl=https://accommodation.edreams.net/Hotel-Search?selected%3D116947448%26startDate%3D2026-09-19%26endDate%3D2026-09-20%26adults%3D2%26children%3D%26mpf%3D167.02%26cur%3DUSD%26mpj%3D25.48%26MDPCID%3DeDreams-US.DPS.Edreams.MetaSearch-GHA.HOTEL%26mpl%3DUSD%26numberOfRooms%3D1%26locale%3Den_US%26rffrid%3Dh4p.hcom.US.ghaodigeo.000.000.kwrd%3D%26pos%3DEDREAMS_US%26rateplanid%3D402712068%26mctc%3D10%26utm_medium%3Dmetasearch%26utm_campaign%3D3743318336%26utm_term%3Dhotel%26utm_source%3DFREEBOOKING&s=AD1XQnlf9M6YTl8qwn-oIRF7hW9q | https://accommodation.edreams.net/Hotel-Search?selected=116947448&startDate=2026-09-19&endDate=2026-09-20&adults=2&children=&mpf=167.02&cur=USD&mpj=25.48&MDPCID=eDreams-US.DPS.Edreams.MetaSearch-GHA.HOTEL&mpl=USD&numberOfRooms=1&locale=en_US&rffrid=h4p.hcom.US.ghaodigeo.000.000.kwrd=&pos=EDREAMS_US&rateplanid=402712068&mctc=10&utm_medium=metasearch&utm_campaign=3743318336&utm_term=hotel&utm_source=FREEBOOKING | https://www.google.com/travel/lodging/clk?pc=AA80OsxYhsZnRUX5q0HjCa-WUK5GU2shkDdF0fMStLn71gY2x7K4algRLZSQBeG1Jj5tbdCUAhNafJzistJBjaVsd92XTpitRyfTpEB-ho4mgJS2Q2ueCxjEVQ8F46h87d8GUafx7j13Kr1tP5u75cHtUgmyKVfAE5HKTYbFL9S7ydWde0-Fd3cwwC5szfSKUYmfZrohILc&pcurl=https://www.cheaptickets.com/Hotel-Search?selected%3D116947448%26startDate%3D2026-09-19%26endDate%3D2026-09-20%26MDPCID%3DCHEAPTICKETS-US.META.HPA.ORGANIC-desktop.HOTEL%26langid%3D1033%26adults%3D2%26children%3D%26MDPDTL%3Dhtl.116947448.20260919.20260920.DDT.5.CID..AUDID..mapresults%26mpg%3DUSD%26mpf%3D167.02%26mpj%3D25.48%26mpr%3D0.00%26mctc%3D10%26rateplanid%3D402712068%26rateplanid%3D402712068%26mpm%3D24%26mpn%3D326774508%26mpo%3DEC%26mpp%3D1&s=AD1XQnmTYS7cr7X3IT_x64VE6Epe | https://www.cheaptickets.com/Hotel-Search?selected=116947448&startDate=2026-09-19&endDate=2026-09-20&MDPCID=CHEAPTICKETS-US.META.HPA.ORGANIC-desktop.HOTEL&langid=1033&adults=2&children=&MDPDTL=htl.116947448.20260919.20260920.DDT.5.CID..AUDID..mapresults&mpg=USD&mpf=167.02&mpj=25.48&mpr=0.00&mctc=10&rateplanid=402712068&rateplanid=402712068&mpm=24&mpn=326774508&mpo=EC&mpp=1 | https://www.google.com/maps/search/?api=1&query=White%20House&query_place_id=ChIJHQIBckMQLxgRTlv_tyAwUP0 | https://www.google.com/maps/search/Hotel/@-1.3307757371669178,36.78227498330685,16z?hl=en | https://images.trvl-media.com/lodging/117000000/116950000/116947500/116947448/213457e5_z.jpg",https://www.google.com/maps/search/?api=1&query=White%20House&query_place_id=ChIJHQIBckMQLxgRTlv_tyAwUP0,ChIJHQIBckMQLxgRTlv_tyAwUP0,False
136 Boutique Address Hotel,Hotel,"Ralph Bunche Road Opposite General Accident House, Nairobi, Kenya",+254 793 987884,,,,,"https://www.google.com/maps/search/?api=1&query=136%20Boutique%20Address%20Hotel&query_place_id=ChIJs2XFka8RLxgRdPJw_zax4UU | https://www.google.com/maps/search/Hotel/@-1.296413588499247,36.79946094992056,16z?hl=en | https://lh3.googleusercontent.com/gps-cs-s/AHRPTWlwcqTDV6g65JBqPjadXOmoN-VhPr-M6hoi3oOO173q9bK94eDMgOb2cY8DA_3dU0xPkBakBaAq91MrpxXjsNsMyO5domglvkyqTlk0wJj0Ui2di5PpxFC3VO_6dZdj4lH_DjPZnBu6ROwL=w408-h306-k-no",https://www.google.com/maps/search/?api=1&query=136%20Boutique%20Address%20Hotel&query_place_id=ChIJs2XFka8RLxgRdPJw_zax4UU,ChIJs2XFka8RLxgRdPJw_zax4UU,False
37 on Kikambala,Hotel,"PQ8J+3R4, Nairobi, Kenya",,,,,,"https://www.google.com/travel/lodging/clk?pc=AA80OsyzWpeP4pZW0POdsRB4arjBZbMW1HF2JPGOPxBuAUo_gqtJPMXFJH2_pP6eXY8HtHMyJz6iPutmExd6HcA0uSoIPV1t8qUGUxeP39-7gU41KPVQcz0RcbCFFo2eo6PLByRrhYYKkjeHGWCo2eIN3XIb8JH0hcrD1TfIDtCPSQ31WSxlURkr7uNd&pcurl=https://live.ipms247.com/booking/searchroom_ghf.php?HotelId%3D61953%26checkin%3D2026-09-19%26nonights%3D1%26adults%3D2%26children%3D0%26roomtype%3D6195300000000000001%26rate_plan%3D6195300000000000001_6195300000000000001%26package_id%3D6195300000000000001&s=AD1XQnn46Qt1lACXsBKs88oKt36t | https://live.ipms247.com/booking/searchroom_ghf.php?HotelId=61953&checkin=2026-09-19&nonights=1&adults=2&children=0&roomtype=6195300000000000001&rate_plan=6195300000000000001_6195300000000000001&package_id=6195300000000000001 | https://www.google.com/travel/lodging/clk?pc=AA80Osy575mt9q7vP88G8D5CYxgNnaG7a2GgJg-L7jepbANCws7f0_b993Y7QPFIhXtcnanrYSQjGVfJY2GeQH0z92xpWphWZyvrI4PzW__wvb1jblVA4NGE7GW9gnHKBX9gaYgnQSCIGnCqYrrQpHrr9VHQLoyDA4bEIsaLuXznhK607imTZB75x_WaaRR1mzmeIA&pcurl=https://h-en.reserving.com/search?i%3D7103%26rf%3DGOOGLEHOTELS%26portal%3Drsvcom%26lang%3Den%26auto%3D1%26tipo%3DS%26id%3D1573835%26numero_habs%3D1%26no_adultos_hab1%3D2%26no_ninos_hab1%3D0%26fecha_entrada%3D19%252F09%252F2026%26fecha_salida%3D20%252F09%252F2026%26refp%3D100.73%26campaing-id%3D%26tp%3D%26moneda%3DUSD%26device%3Ddesktop%26pais_dom%3DUS%26sg%3Db%3D87.08,bhab%3D149,big%3D2026-09-18T17:00:00%2B02:00,bmid%3D95,bpd%3Des,bpt%3D13.29,breg%3D12,bwp%3DPpnpeg7czy4,ts%3D2026-09-14T05:20:47%2B02:00/B:1F7ED5CE20AFA82E529AD765AE29257274FA692BB60AFFE17B7D9BCF%26c3%3Dmode%3DP,d%3D2,ts_id%3D3560474013784243%26r%3DCAMPAIGN-ID%3D;TRACKING-PARAM%3D;CUSTOM1%3D;PRICE-DISPLAYED-TOTAL%3D100.73;DEFAULT-DATE%3D1;CLICK-TYPE%3Dhotel;USER-COUNTRY%3DUS;DEVICE%3Ddesktop;SITE%3Dmapresults;USER-LANGUAGE%3Den;USER-CURRENCY%3DUSD;POS%3DALL-ALL-ALL-RSVCOM;AD-CLICK%3D0;PAYMENT-ID%3Dfree;C2%3Db%3D87.08,bhab%3D149,big%3D2026-09-18T17:00:00%2B02:00,bmid%3D95,bpd%3Des,bpt%3D13.29,breg%3D12,bwp%3DPpnpeg7czy4,ts%3D2026-09-14T05:20:47%2B02:00/B:1F7ED5CE20AFA82E529AD765AE29257274FA692BB60AFFE17B7D9BCF;C3%3Dmode%3DP,d%3D2,ts_id%3D3560474013784243&s=AD1XQnljlOzH15TtaN7pDiaN6UP2 | https://h-en.reserving.com/search?i=7103&rf=GOOGLEHOTELS&portal=rsvcom&lang=en&auto=1&tipo=S&id=1573835&numero_habs=1&no_adultos_hab1=2&no_ninos_hab1=0&fecha_entrada=19/09/2026&fecha_salida=20/09/2026&refp=100.73&campaing-id=&tp=&moneda=USD&device=desktop&pais_dom=US&sg=b=87.08,bhab=149,big=2026-09-18T17:00:00+02:00,bmid=95,bpd=es,bpt=13.29,breg=12,bwp=Ppnpeg7czy4,ts=2026-09-14T05:20:47+02:00/B:1F7ED5CE20AFA82E529AD765AE29257274FA692BB60AFFE17B7D9BCF&c3=mode=P,d=2,ts_id=3560474013784243&r=CAMPAIGN-ID=;TRACKING-PARAM=;CUSTOM1=;PRICE-DISPLAYED-TOTAL=100.73;DEFAULT-DATE=1;CLICK-TYPE=hotel;USER-COUNTRY=US;DEVICE=desktop;SITE=mapresults;USER-LANGUAGE=en;USER-CURRENCY=USD;POS=ALL-ALL-ALL-RSVCOM;AD-CLICK=0;PAYMENT-ID=free;C2=b=87.08,bhab=149,big=2026-09-18T17:00:00+02:00,bmid=95,bpd=es,bpt=13.29,breg=12,bwp=Ppnpeg7czy4,ts=2026-09-14T05:20:47+02:00/B:1F7ED5CE20AFA82E529AD765AE29257274FA692BB60AFFE17B7D9BCF;C3=mode=P,d=2,ts_id=3560474013784243 | https://www.google.com/travel/lodging/clk?pc=AA80Osz4kheDgAkYoBY-yyI5J9h1lRM8Kx7fQbOOF686IqqqK--5cbCWhBvVEBu_lZ5qAYjtq0u8C3rUI_2P6PD8JPgLZYmCFuiLs0kNmWVUqLbFbAeqbh5vDe69eGhS7SPH_ARrm-R7r5oA3PvhM906Z_ZL6RlJ13isLNPNVopruz6dNLK_2hHV1coc&pcurl=https://deals.vio.com/?sig%3D73aca13c7f952d2641c156f3e69125e1eb497c325f122828ee5aa8797168b9a12d32303331333438363233%26turl%3Dhttps%253A%252F%252Fwww.vio.com%252FHotel%252FSearch%253FcheckIn%253D2026-09-19%2526checkOut%253D2026-09-20%2526currency%253DUSD%2526forceCurrencyChange%253D1%2526lang%253Den%2526forceLanguageChange%253D1%2526rooms%253D2%253A%2526utm_source%253Dgha%2526utm_medium%253Dcpc%2526hotelId%253D4218542%2526userCountry%253DUS%2526profile%253Dr2d2m73kn8%2526preferredRate%253D100.99%2526deviceType%253Ddesktop%2526label%253Dsrc%25253Dgha%252526cltype%25253Dhotel%252526datype%25253Ddefault%252526gsite%25253Dmapresults%252526vf%25253D0%252526ucountry%25253DUS%252526udevice%25253Ddesktop%252526hotel%25253D4218542%252526day%25253D19%252526month%25253D09%252526year%25253D2026%252526los%25253D1%252526price%25253D100.99%252526currency%25253DUSD%252526cid%25253D%252526listid%25253D%252526rateid%25253DUS_D%252526closerateid%25253D%252526promo%25253D0%252526isPrivateRate%25253D0%252526isAudienceUser%25253D0%252526isPaidClick%25253D0%252526%2526cp%253DrUQ8UjkJHBp3R7JUChQI70IYhAwiA1VTRCjwo7XVBlIBMhIaFfXOkOQaCzVuUUhqV3diOTVFKAMw3f2d1QY&s=AD1XQnlDT2yoG2d-k_TBBFhLDLvU | https://deals.vio.com/?sig=73aca13c7f952d2641c156f3e69125e1eb497c325f122828ee5aa8797168b9a12d32303331333438363233&turl=https://www.vio.com/Hotel/Search?checkIn=2026-09-19&checkOut=2026-09-20&currency=USD&forceCurrencyChange=1&lang=en&forceLanguageChange=1&rooms=2:&utm_source=gha&utm_medium=cpc&hotelId=4218542&userCountry=US&profile=r2d2m73kn8&preferredRate=100.99&deviceType=desktop&label=src%3Dgha%26cltype%3Dhotel%26datype%3Ddefault%26gsite%3Dmapresults%26vf%3D0%26ucountry%3DUS%26udevice%3Ddesktop%26hotel%3D4218542%26day%3D19%26month%3D09%26year%3D2026%26los%3D1%26price%3D100.99%26currency%3DUSD%26cid%3D%26listid%3D%26rateid%3DUS_D%26closerateid%3D%26promo%3D0%26isPrivateRate%3D0%26isAudienceUser%3D0%26isPaidClick%3D0%26&cp=rUQ8UjkJHBp3R7JUChQI70IYhAwiA1VTRCjwo7XVBlIBMhIaFfXOkOQaCzVuUUhqV3diOTVFKAMw3f2d1QY | https://www.google.com/travel/lodging/clk?pc=AA80OsxM_9Bf2ySbokKRdUDGX1WVgX3GmrNHjZLVm57yoFq9JPOVDbZmC7mwsL98uFKff1V3uEA8IeEYDSvM7qhsjaWiw6Oj5ryjyfqzy5oZy_B1mDBiLEAn_OrF4fxDLXCIfjgIN_aw2UUuy_zaZHsi8MF2EQAb6fUezzCoxBWSpTc9V6RPg9-TQuMszFamIxbtnQ&pcurl=https://deals.goseek.com/?sig%3D34c47a49c3e8320dca5a5dda0da2a460c1bc23afde972e2894a4ff0b6052fb53383131303836353931%26turl%3Dhttps%253A%252F%252Fwww.goseek.com%252FHotel%252FSearch%253FcheckIn%253D2026-09-19%2526checkOut%253D2026-09-20%2526currency%253DUSD%2526forceCurrencyChange%253D1%2526lang%253Den%2526forceLanguageChange%253D1%2526rooms%253D2%253A%2526utm_source%253Dgha%2526utm_medium%253Dcpc%2526hotelId%253D4218542%2526userCountry%253DUS%2526profile%253Dr2d2m73kn8%2526preferredRate%253D100.99%2526deviceType%253Ddesktop%2526label%253Dsrc%25253Dgha%252526cltype%25253Dhotel%252526datype%25253Ddefault%252526gsite%25253Dmapresults%252526vf%25253D0%252526ucountry%25253DUS%252526udevice%25253Ddesktop%252526hotel%25253D4218542%252526day%25253D19%252526month%25253D09%252526year%25253D2026%252526los%25253D1%252526price%25253D100.99%252526currency%25253DUSD%252526cid%25253D%252526listid%25253D%252526rateid%25253DUS_D%252526closerateid%25253D%252526promo%25253D0%252526isPrivateRate%25253D0%252526isAudienceUser%25253D0%252526isPaidClick%25253D0%252526%2526cp%253DrUQ8UjkJHBp3R7JUChQI70IYhAwiA1VTRCjwo7XVBlIBMhIaFfXOkOQaCzVuUUhqV3diOTVFKAMw3f2d1QY&s=AD1XQnnwhY70ox3MgclHZKX0yF-Y | https://deals.goseek.com/?sig=34c47a49c3e8320dca5a5dda0da2a460c1bc23afde972e2894a4ff0b6052fb53383131303836353931&turl=https://www.goseek.com/Hotel/Search?checkIn=2026-09-19&checkOut=2026-09-20&currency=USD&forceCurrencyChange=1&lang=en&forceLanguageChange=1&rooms=2:&utm_source=gha&utm_medium=cpc&hotelId=4218542&userCountry=US&profile=r2d2m73kn8&preferredRate=100.99&deviceType=desktop&label=src%3Dgha%26cltype%3Dhotel%26datype%3Ddefault%26gsite%3Dmapresults%26vf%3D0%26ucountry%3DUS%26udevice%3Ddesktop%26hotel%3D4218542%26day%3D19%26month%3D09%26year%3D2026%26los%3D1%26price%3D100.99%26currency%3DUSD%26cid%3D%26listid%3D%26rateid%3DUS_D%26closerateid%3D%26promo%3D0%26isPrivateRate%3D0%26isAudienceUser%3D0%26isPaidClick%3D0%26&cp=rUQ8UjkJHBp3R7JUChQI70IYhAwiA1VTRCjwo7XVBlIBMhIaFfXOkOQaCzVuUUhqV3diOTVFKAMw3f2d1QY | https://www.google.com/travel/lodging/clk?pc=AA80OswtX-lD2fnU6_PJnLwPIPlD-B0eIEMZfDMgXBmcWmIfiwdqYDTfrWoymrsXYFX8VEwyoBDzMjWCWsMIBHkjvA72oKm85ck46kmZhnPvMmfGRqkppYcbn0cUa5uvaLWEpSdhhCtoKDeCBu9TyH_byEFvipTNfkQym8p1lYld8aIcJj09vec&pcurl=https://deals.etrip.net/?sig%3De9cc68956712e1e5d60f579a67e54afadd83f5d631dc9782cc50d47864de2f2c2d32303330363031313335%26turl%3Dhttps%253A%252F%252Fsearch.etrip.net%252FHotel%252FSearch%253FcheckIn%253D2026-09-19%2526checkOut%253D2026-09-20%2526currency%253DUSD%2526forceCurrencyChange%253D1%2526lang%253Den%2526forceLanguageChange%253D1%2526rooms%253D2%253A%2526utm_source%253Dgha%2526utm_medium%253Dcpc%2526hotelId%253D4218542%2526userCountry%253DUS%2526profile%253Dr2d2m73kn8%2526preferredRate%253D100.99%2526label%253Dsrc%25253Dgha%252526cltype%25253Dhotel%252526datype%25253Ddefault%252526gsite%25253Dmapresults%252526vf%25253D0%252526ucountry%25253DUS%252526udevice%25253Ddesktop%252526hotel%25253D4218542%252526day%25253D19%252526month%25253D09%252526year%25253D2026%252526los%25253D1%252526price%25253D100.99%252526currency%25253DUSD%252526cid%25253D%252526listid%25253D%252526rateid%25253DUS_D%252526closerateid%25253D%252526promo%25253D0%252526isPrivateRate%25253D0%252526isAudienceUser%25253D0%252526isPaidClick%25253D0%252526%2526cp%253DrUQ8UjkJHBp3R7JUChQI70IYhAwiA1VTRCjwo7XVBlIBMhIaFfXOkOQaCzVuUUhqV3diOTVFKAMw3f2d1QY&s=AD1XQnkErmPCRwPr0cX50tS5q5Nh | https://deals.etrip.net/?sig=e9cc68956712e1e5d60f579a67e54afadd83f5d631dc9782cc50d47864de2f2c2d32303330363031313335&turl=https://search.etrip.net/Hotel/Search?checkIn=2026-09-19&checkOut=2026-09-20&currency=USD&forceCurrencyChange=1&lang=en&forceLanguageChange=1&rooms=2:&utm_source=gha&utm_medium=cpc&hotelId=4218542&userCountry=US&profile=r2d2m73kn8&preferredRate=100.99&label=src%3Dgha%26cltype%3Dhotel%26datype%3Ddefault%26gsite%3Dmapresults%26vf%3D0%26ucountry%3DUS%26udevice%3Ddesktop%26hotel%3D4218542%26day%3D19%26month%3D09%26year%3D2026%26los%3D1%26price%3D100.99%26currency%3DUSD%26cid%3D%26listid%3D%26rateid%3DUS_D%26closerateid%3D%26promo%3D0%26isPrivateRate%3D0%26isAudienceUser%3D0%26isPaidClick%3D0%26&cp=rUQ8UjkJHBp3R7JUChQI70IYhAwiA1VTRCjwo7XVBlIBMhIaFfXOkOQaCzVuUUhqV3diOTVFKAMw3f2d1QY | https://www.google.com/travel/lodging/clk?pc=AA80OswV8OwocBI1dNgVosmFCqP1fWh_l_k8P6Gyx5TiwWcd_QOQBBXszRbDVE_1AnMQNgtVwtBTuUZitZVQwZ-CbGyInlKX7Oc50IHp8mAWUFmTRt42SaFJhnj_qCnqZHllPRD7st4mBJngpH6e_y3cBOF2q7GOFBc3ZpYQXTgIZhEk2M0NDA6gAtMPFN-5vhzi&pcurl=https://www.expedia.com/Hotel-Search?selected%3D105452300%26startDate%3D2026-09-19%26endDate%3D2026-09-20%26MDPCID%3DUS.META.HPA.HOTEL-ORGANIC-desktop.HOTEL%26MDPDTL%3DHTL.105452300.20260919.20260920.DDT.5.CID..AUDID..RRID.bex_us_desktop%26mctc%3D10%26ct%3Dhotel%26mpg%3DUSD%26mpf%3D212.40%26mpj%3D32.40%26mpr%3D0.00%26mpl%3DUSD%26exp_pg%3Dgoogle%26langid%3Den%26ad%3D2%26tp%3D%26utm_source%3Dgoogle%26utm_medium%3Dcpc%26utm_term%3D105452300%26utm_content%3Dmapresults%26utm_campaign%3DHotelAds%26langid%3D1033%26adults%3D2%26children%3D%26rrid%3Dbex_us_desktop%26rateplanid%3D395825231%26mpm%3D24%26mpn%3D324784442%26mpo%3DEC%26mpp%3D1&s=AD1XQnneSsf09hfOy9u3zR9OPaju | https://www.expedia.com/Hotel-Search?selected=105452300&startDate=2026-09-19&endDate=2026-09-20&MDPCID=US.META.HPA.HOTEL-ORGANIC-desktop.HOTEL&MDPDTL=HTL.105452300.20260919.20260920.DDT.5.CID..AUDID..RRID.bex_us_desktop&mctc=10&ct=hotel&mpg=USD&mpf=212.40&mpj=32.40&mpr=0.00&mpl=USD&exp_pg=google&langid=en&ad=2&tp=&utm_source=google&utm_medium=cpc&utm_term=105452300&utm_content=mapresults&utm_campaign=HotelAds&langid=1033&adults=2&children=&rrid=bex_us_desktop&rateplanid=395825231&mpm=24&mpn=324784442&mpo=EC&mpp=1 | https://www.google.com/travel/lodging/clk?pc=AA80OsydswDSLG93mk-yIaHWiOnEeANZB6KgYwo5QuPZPBcWMqsYBRGjjcyrbolRitFgCwOfNDw58O5ZUTMuQ9_vAHCslzMsMbM3zPEJqMFYjxeIAyVq3km0iPaPYVMWuyj5wtBhz-1Xq4xVF-vkp5_pdw37b9k_xgTiJl8k7D7QawvkRCF58ws&pcurl=https://us.trip.com/hotels/redirect?hotelid%3D114307807%26city%3D825%26shoppingid%3DMXzxhJLdhAHs%26adult%3D2%26children%3D0%26ages%3D%26checkin%3D2026-09-19%26checkout%3D2026-09-20%26curr%3DUSD%26Allianceid%3D15214%26Sid%3D1209572%26prid%3DLANG_US%26trip_sub1%3D19_09_2026_1_mapresults_114307807_US_desktop_default___0_0-LANG_US-landing%26hpaopts%3Dstand%5BH4sIAAAAAAAA_-Ny4mKSYBFi4mCUsuDomrP8IKsQo4nBfUaLrfIBHDMY7z89YLaDkeUi48MqkXXugskODxkZQKAhzeEF45qD7-8yLmBhlOLxjaiqyPDySclw9ChWYNTYu3buVTYPxiA2YydDRzOnKBku5tBgF8FFrts-_70i5SAF4inCeEmsqXm6ocEZTWJdjEwejKsY2bmYDUwMBVg-MfIjmxtvYjKJidEQAMWJ6KexAAAA%5Dfgt%5B1%5D%26br%3D180.00%26tf%3D27.46%26display%3Dexavg%26locale%3Den_us%26crn%3D1%26roomid%3D1479134730%26allianceid%3D15214%26sid%3D1209572&s=AD1XQnk15HDYsc51W2ACXzWrkyu3 | https://us.trip.com/hotels/redirect?hotelid=114307807&city=825&shoppingid=MXzxhJLdhAHs&adult=2&children=0&ages=&checkin=2026-09-19&checkout=2026-09-20&curr=USD&Allianceid=15214&Sid=1209572&prid=LANG_US&trip_sub1=19_09_2026_1_mapresults_114307807_US_desktop_default___0_0-LANG_US-landing&hpaopts=stand[H4sIAAAAAAAA_-Ny4mKSYBFi4mCUsuDomrP8IKsQo4nBfUaLrfIBHDMY7z89YLaDkeUi48MqkXXugskODxkZQKAhzeEF45qD7-8yLmBhlOLxjaiqyPDySclw9ChWYNTYu3buVTYPxiA2YydDRzOnKBku5tBgF8FFrts-_70i5SAF4inCeEmsqXm6ocEZTWJdjEwejKsY2bmYDUwMBVg-MfIjmxtvYjKJidEQAMWJ6KexAAAA]fgt[1]&br=180.00&tf=27.46&display=exavg&locale=en_us&crn=1&roomid=1479134730&allianceid=15214&sid=1209572 | https://www.google.com/travel/lodging/clk?pc=AA80OsxOP57RbwYvOgT2J2xOzh-Je6YEYVTFiPa75lNKuP0o4it3lJtvd6kxqVyUiBCUb6C-vZx0Bz3Qi_y4WPkKVNRjjNg02ZRQD7IIURqStWbNEajhGFstqdT4pnYNSBX0A2Z1Y-TC8SoukVUf-RtzbCwyiXjb-6k15pR5y6CXzSOu8DvLnyjO9NMnevtPq6Ue&pcurl=https://www.travelocity.com/Hotel-Search?selected%3D105452300%26startDate%3D2026-09-19%26endDate%3D2026-09-20%26adults%3D2%26children%3D%26MDPCID%3Dtravelocity-US.META.HPA.ORGANIC.HOTEL%26MDPDTL%3DHTL.105452300.20260919.20260920.DDT.5.CID..AUDID..mapresults%26mpg%3DUSD%26mpf%3D212.40%26mpj%3D32.40%26mpr%3D0.00%26mctc%3D10%26rateplanid%3D395825231%26mpm%3D24%26mpn%3D324784442%26mpo%3DEC%26mpp%3D1&s=AD1XQnmcr_qLZcm3A64fzZh7aqLM | https://www.travelocity.com/Hotel-Search?selected=105452300&startDate=2026-09-19&endDate=2026-09-20&adults=2&children=&MDPCID=travelocity-US.META.HPA.ORGANIC.HOTEL&MDPDTL=HTL.105452300.20260919.20260920.DDT.5.CID..AUDID..mapresults&mpg=USD&mpf=212.40&mpj=32.40&mpr=0.00&mctc=10&rateplanid=395825231&mpm=24&mpn=324784442&mpo=EC&mpp=1 | https://www.google.com/travel/lodging/clk?pc=AA80OswZCy_S4kiVpvGdXFb58Z15i-w_ATG8rg0r6Y2ZuHvgonbMc3zz1SdoWqEL6hYNsM8n-6hp3wboR4biPsqkGbn4qXj5MlcQa_J-PnkpxYghsVQ_uLo8nR3QKIOgZmoudB65mPYTq2koqDmmtZhmx8_wVs5mHWniAyGx0f13quA46uJNSWEI&pcurl=https://accommodation.edreams.net/Hotel-Search?selected%3D105452300%26startDate%3D2026-09-19%26endDate%3D2026-09-20%26adults%3D2%26children%3D%26mpf%3D212.40%26cur%3DUSD%26mpj%3D32.40%26MDPCID%3DeDreams-US.DPS.Edreams.MetaSearch-GHA.HOTEL%26mpl%3DUSD%26numberOfRooms%3D1%26locale%3Den_US%26rffrid%3Dh4p.hcom.US.ghaodigeo.000.000.kwrd%3D%26pos%3DEDREAMS_US%26rateplanid%3D395825231%26mctc%3D10%26utm_medium%3Dmetasearch%26utm_campaign%3D3375473600%26utm_term%3Dhotel%26utm_source%3DFREEBOOKING&s=AD1XQnmwsqyD9ct7NCrdYTT4WeHc | https://accommodation.edreams.net/Hotel-Search?selected=105452300&startDate=2026-09-19&endDate=2026-09-20&adults=2&children=&mpf=212.40&cur=USD&mpj=32.40&MDPCID=eDreams-US.DPS.Edreams.MetaSearch-GHA.HOTEL&mpl=USD&numberOfRooms=1&locale=en_US&rffrid=h4p.hcom.US.ghaodigeo.000.000.kwrd=&pos=EDREAMS_US&rateplanid=395825231&mctc=10&utm_medium=metasearch&utm_campaign=3375473600&utm_term=hotel&utm_source=FREEBOOKING | https://www.google.com/travel/lodging/clk?pc=AA80OswNq4FP_f3jrNHReG7ogYGmsSzjwZksJOukWRtE1QJ40OxAGosmjGseCm8V-6Mgpryx5EeDOpIsIlB52MshgbaQDzLJGTb5SVbRM5KIUKBTD5ncQM9HMhq5tth18xn_hnvmBusGnQ2TJIHDQr2Huc_GmBH170B_Px7kdGhF9nfSUzLNiEH4CNmGvrEiiBU&pcurl=https://www.hotels.com/Hotel-Search?selected%3D105452300%26startDate%3D2026-09-19%26endDate%3D2026-09-20%26mdpcid%3DHCOM-US.META.HPA.HOTEL-ORGANIC-desktop.HOTEL%26MDPDTL%3DHTL.105452300.20260919.20260920.DDT.5.CID..AUDID.%26adults%3D2%26children%3D%26mctc%3D10%26mpf%3D212.40%26mpg%3DUSD%26mpl%3DUSD%26mpj%3D32.40%26mpr%3D0.00%26rffrid%3Dsem.hcom.US.156.024.mapresults.02.desktop-1.kwrd%3DGGMETA.105452300USen-20260919-D-ABW%3D5-camp%3D-aud%3D-N%26rateplanid%3D395825231%26mpm%3D24%26mpn%3D324784442%26mpo%3DEC%26mpp%3D1%26locale%3Den_US%26siteid%3D300000001&s=AD1XQnkCuLCbcx2G6LJJ3OOwMMkV | https://www.hotels.com/Hotel-Search?selected=105452300&startDate=2026-09-19&endDate=2026-09-20&mdpcid=HCOM-US.META.HPA.HOTEL-ORGANIC-desktop.HOTEL&MDPDTL=HTL.105452300.20260919.20260920.DDT.5.CID..AUDID.&adults=2&children=&mctc=10&mpf=212.40&mpg=USD&mpl=USD&mpj=32.40&mpr=0.00&rffrid=sem.hcom.US.156.024.mapresults.02.desktop-1.kwrd=GGMETA.105452300USen-20260919-D-ABW=5-camp=-aud=-N&rateplanid=395825231&mpm=24&mpn=324784442&mpo=EC&mpp=1&locale=en_US&siteid=300000001",https://www.google.com/maps/search/?api=1&query=37%20on%20Kikambala&query_place_id=ChIJOZgzUwARLxgR_6PV8IZ3yTA,ChIJOZgzUwARLxgR_6PV8IZ3yTA,False
680 CLASSIC HOTEL,Hotel,"MQVH+342, Kinoo Rd, Nairobi, Kenya",,,,,,"https://www.google.com/maps/search/?api=1&query=680%20CLASSIC%20HOTEL&query_place_id=ChIJU-R1SXkaLxgRWNTqQ5ZXDMA | https://www.google.com/maps/search/Hotel/@-1.3135946628330823,36.78227498330685,16z?hl=en | https://streetviewpixels-pa.googleapis.com/v1/thumbnail?panoid=_FlYnkuh3xKOGrctbkHBBg&cb_client=search.gws-prod.gps&w=408&h=240&yaw=119.150314&pitch=0&thumbfov=100",https://www.google.com/maps/search/?api=1&query=680%20CLASSIC%20HOTEL&query_place_id=ChIJU-R1SXkaLxgRWNTqQ5ZXDMA,ChIJU-R1SXkaLxgRWNTqQ5ZXDMA,False
7 Oasis Of Grace Hotel,Hotel,"PP3V+3V5, Wanyee Cl, Nairobi, Kenya",,,,,,"https://www.google.com/maps/search/?api=1&query=7%20Oasis%20Of%20Grace%20Hotel&query_place_id=ChIJrUVY8kkaLxgR-ZX6BARq2hQ | https://www.google.com/maps/search/Hotel/@-1.296413588499247,36.74790305007943,16z?hl=en | https://streetviewpixels-pa.googleapis.com/v1/thumbnail?panoid=BghbKx6o0PzqQ6laRxd0eQ&cb_client=search.gws-prod.gps&w=408&h=240&yaw=203.31534&pitch=0&thumbfov=100",https://www.google.com/maps/search/?api=1&query=7%20Oasis%20Of%20Grace%20Hotel&query_place_id=ChIJrUVY8kkaLxgR-ZX6BARq2hQ,ChIJrUVY8kkaLxgR-ZX6BARq2hQ,False
Acacia Gardens Limited,Hotel,"Ralph Bunche Road Opposite General Accident House, Kenya",+254 793 987884,,,,,"https://www.google.com/maps/search/?api=1&query=Acacia%20Gardens%20Limited&query_place_id=ChIJOzNuS_ERLxgRas7Js3nBEpQ | https://www.google.com/maps/search/Hotel/@-1.296413588499247,36.81664691653427,16z?hl=en | https://lh3.googleusercontent.com/gps-cs-s/AHRPTWlCx8wXMS5iClgAyjZiOhZW7Zw_-3XF_CbWOaRG2p_3drUzykMeW8ENHYrOPHJERQWtvGqDlvkVU3b-vKCVomjoPcyA-Qr_Wa3-4cfUD9heTCnhr7gIOfp8GfhD4ML2w566xtNT9w=w408-h244-k-no",https://www.google.com/maps/search/?api=1&query=Acacia%20Gardens%20Limited&query_place_id=ChIJOzNuS_ERLxgRas7Js3nBEpQ,ChIJOzNuS_ERLxgRas7Js3nBEpQ,False
AGYS DELICACIES HOTEL,Hotel,"MQVM+78F, Kibera Dr, Nairobi, Kenya",,,,,,"https://www.google.com/maps/search/?api=1&query=AGYS%20DELICACIES%20HOTEL&query_place_id=ChIJ7TP9FYIQLxgRf_ruqnjEzkg | https://www.google.com/maps/search/Hotel/@-1.3135946628330823,36.78227498330685,16z?hl=en | https://streetviewpixels-pa.googleapis.com/v1/thumbnail?panoid=NzjmCwq0o2-rC60xWLsw2w&cb_client=search.gws-prod.gps&w=408&h=240&yaw=158.76868&pitch=0&thumbfov=100",https://www.google.com/maps/search/?api=1&query=AGYS%20DELICACIES%20HOTEL&query_place_id=ChIJ7TP9FYIQLxgRf_ruqnjEzkg,ChIJ7TP9FYIQLxgRf_ruqnjEzkg,False
Astra Bnbs Kilimani,Hotel,"Chania Ave, Nairobi, Kenya",+254 115 363390,,,,,"https://www.google.com/maps/search/?api=1&query=Astra%20Bnbs%20Kilimani&query_place_id=ChIJ18uX6ykRLxgRyCIWUAqHz0o | https://www.google.com/maps/search/Hotel/@-1.296413588499247,36.79946094992056,16z?hl=en | https://streetviewpixels-pa.googleapis.com/v1/thumbnail?panoid=mJjsPqmZybuVQXThxRRsBQ&cb_client=search.gws-prod.gps&w=408&h=240&yaw=210.18108&pitch=0&thumbfov=100",https://www.google.com/maps/search/?api=1&query=Astra%20Bnbs%20Kilimani&query_place_id=ChIJ18uX6ykRLxgRyCIWUAqHz0o,ChIJ18uX6ykRLxgRyCIWUAqHz0o,False
Auntie Night Hotel,Hotel,"MQRJ+879, Kibera Dr, Nairobi, Kenya",,,,,,"https://www.google.com/maps/search/?api=1&query=Auntie%20Night%20Hotel&query_place_id=ChIJbTRlc38aLxgRKVbpQYX-AOM | https://www.google.com/maps/search/Hotel/@-1.3135946628330823,36.78227498330685,16z?hl=en | https://streetviewpixels-pa.googleapis.com/v1/thumbnail?panoid=81jZ-CRQfN8YfLN_3PetZw&cb_client=search.gws-prod.gps&w=408&h=240&yaw=163.13147&pitch=0&thumbfov=100",https://www.google.com/maps/search/?api=1&query=Auntie%20Night%20Hotel&query_place_id=ChIJbTRlc38aLxgRKVbpQYX-AOM,ChIJbTRlc38aLxgRKVbpQYX-AOM,False
BARAKA 1 HOTEL,Hotel,"Nairobi, Kenya",,,,,,"https://www.google.com/maps/search/?api=1&query=BARAKA%201%20HOTEL&query_place_id=ChIJhUAiCX0aLxgRSsPzBmm87BY | https://www.google.com/maps/search/Hotel/@-1.3135946628330823,36.76508901669314,16z?hl=en | https://streetviewpixels-pa.googleapis.com/v1/thumbnail?panoid=hn2vVrrr-xf2R3fVnGQ-Pw&cb_client=search.gws-prod.gps&w=408&h=240&yaw=269.66235&pitch=0&thumbfov=100",https://www.google.com/maps/search/?api=1&query=BARAKA%201%20HOTEL&query_place_id=ChIJhUAiCX0aLxgRSsPzBmm87BY,ChIJhUAiCX0aLxgRSsPzBmm87BY,False
Baraka Hotel,Hotel,"Nairobi, Kenya",,,,,,"https://www.google.com/maps/search/?api=1&query=Baraka%20Hotel&query_place_id=ChIJT8Vk0IYaLxgRIoVwk8WWvOk | https://www.google.com/maps/search/Hotel/@-1.3135946628330823,36.76508901669314,16z?hl=en | https://streetviewpixels-pa.googleapis.com/v1/thumbnail?panoid=5OkV7WAHELRZzBoq2837jQ&cb_client=search.gws-prod.gps&w=408&h=240&yaw=155.64345&pitch=0&thumbfov=100",https://www.google.com/maps/search/?api=1&query=Baraka%20Hotel&query_place_id=ChIJT8Vk0IYaLxgRIoVwk8WWvOk,ChIJT8Vk0IYaLxgRIoVwk8WWvOk,False
BEST INN HOTEL,Hotel,"PP4Q+VXR, Kinyanjui Rd, Nairobi, Kenya",,,,,,"https://www.google.com/maps/search/?api=1&query=BEST%20INN%20HOTEL&query_place_id=ChIJA746oTQaLxgRYOVwE-FyVcU | https://www.google.com/maps/search/Hotel/@-1.296413588499247,36.73071708346572,16z?hl=en | https://streetviewpixels-pa.googleapis.com/v1/thumbnail?panoid=BaaFVqKeOiaqjq5SnuoveA&cb_client=search.gws-prod.gps&w=408&h=240&yaw=322.71652&pitch=0&thumbfov=100",https://www.google.com/maps/search/?api=1&query=BEST%20INN%20HOTEL&query_place_id=ChIJA746oTQaLxgRYOVwE-FyVcU,ChIJA746oTQaLxgRYOVwE-FyVcU,False
BETTY HOTEL,Hotel,"Nairobi, Kenya",,,,,,"https://www.google.com/maps/search/?api=1&query=BETTY%20HOTEL&query_place_id=ChIJ4450-C4aLxgR2WQqlenPYH4 | https://www.google.com/maps/search/Hotel/@-1.2792325141654115,36.74790305007943,16z?hl=en | http://q-xx.bstatic.com/xdata/images/hotel/max500/887076190.jpg?k=e928cb258c372ac0870427ca07d9679c2aaf7b40294cd62ca28ae9093562bb65&o=",https://www.google.com/maps/search/?api=1&query=BETTY%20HOTEL&query_place_id=ChIJ4450-C4aLxgR2WQqlenPYH4,ChIJ4450-C4aLxgR2WQqlenPYH4,False
Bismillah Hotel,Hotel,"MQRJ+GWM, Makina, Nairobi, Kenya",+254 721 690291,,,,,"https://www.google.com/maps/search/?api=1&query=Bismillah%20Hotel&query_place_id=ChIJ8cANUxMRLxgRWoZ51vHdV1Y | https://www.google.com/maps/search/Hotel/@-1.3135946628330823,36.78227498330685,16z?hl=en | https://streetviewpixels-pa.googleapis.com/v1/thumbnail?panoid=GIdcCGM43fT0ULmIBBS0Kg&cb_client=search.gws-prod.gps&w=408&h=240&yaw=94.484695&pitch=0&thumbfov=100",https://www.google.com/maps/search/?api=1&query=Bismillah%20Hotel&query_place_id=ChIJ8cANUxMRLxgRWoZ51vHdV1Y,ChIJ8cANUxMRLxgRWoZ51vHdV1Y,False
BLACK BERRY HOTEL,Hotel,"Nairobi, Kenya",,,,,,"https://www.google.com/maps/search/?api=1&query=BLACK%20BERRY%20HOTEL&query_place_id=ChIJwxBSyVEQLxgRXp-bxQsBet4 | https://www.google.com/maps/search/Hotel/@-1.3135946628330823,36.81664691653427,16z?hl=en | https://streetviewpixels-pa.googleapis.com/v1/thumbnail?panoid=jmD5_zWg-ZN9LIDBjGSmCA&cb_client=search.gws-prod.gps&w=408&h=240&yaw=174.58379&pitch=0&thumbfov=100",https://www.google.com/maps/search/?api=1&query=BLACK%20BERRY%20HOTEL&query_place_id=ChIJwxBSyVEQLxgRXp-bxQsBet4,ChIJwxBSyVEQLxgRXp-bxQsBet4,False
Blessing Hotel Orthodox,Hotel,"MQQG+527, Nairobi, Kenya",+254 798 989084,,,,,"https://www.google.com/maps/search/?api=1&query=Blessing%20Hotel%20Orthodox&query_place_id=ChIJdzoaSocbLxgRzorbJrYHiSo | https://www.google.com/maps/search/Hotel/@-1.3135946628330823,36.76508901669314,16z?hl=en | https://streetviewpixels-pa.googleapis.com/v1/thumbnail?panoid=0C9S-4g3TAhCo8AjTVpWwg&cb_client=search.gws-prod.gps&w=408&h=240&yaw=256.85944&pitch=0&thumbfov=100",https://www.google.com/maps/search/?api=1&query=Blessing%20Hotel%20Orthodox&query_place_id=ChIJdzoaSocbLxgRzorbJrYHiSo,ChIJdzoaSocbLxgRzorbJrYHiSo,False
Bongo Hotel,Hotel,"Nairobi, Kenya",,,,,,"https://www.google.com/maps/search/?api=1&query=Bongo%20Hotel&query_place_id=ChIJ39ROUH4aLxgRAyjvGAl25JM | https://www.google.com/maps/search/Hotel/@-1.3135946628330823,36.76508901669314,16z?hl=en | https://cdn.worldota.net/t/1024x768/content/5f/e8/5fe88413aa35e122165815fff7fcda98a033def4.jpeg",https://www.google.com/maps/search/?api=1&query=Bongo%20Hotel&query_place_id=ChIJ39ROUH4aLxgRAyjvGAl25JM,ChIJ39ROUH4aLxgRAyjvGAl25JM,False
Bora Afya Hotel,Hotel,"MQHH+Q8M, Nairobi, Kenya",,,,,,"https://www.google.com/maps/search/?api=1&query=Bora%20Afya%20Hotel&query_place_id=ChIJ-1Pt7pwaLxgRdom9MrG9Ubk | https://www.google.com/maps/search/Hotel/@-1.3135946628330823,36.76508901669314,16z?hl=en | https://streetviewpixels-pa.googleapis.com/v1/thumbnail?panoid=pe2VWm6r9H9RAMYTeHmi6Q&cb_client=search.gws-prod.gps&w=408&h=240&yaw=66.749756&pitch=0&thumbfov=100",https://www.google.com/maps/search/?api=1&query=Bora%20Afya%20Hotel&query_place_id=ChIJ-1Pt7pwaLxgRdom9MrG9Ubk,ChIJ-1Pt7pwaLxgRdom9MrG9Ubk,False
Casa Misa Kileleshwa Apartments,Hotel,"Othaya Rd, Nairobi, Kenya",+254 702 106126,,,,,"https://www.google.com/maps/search/?api=1&query=Casa%20Misa%20Kileleshwa%20Apartments&query_place_id=ChIJI4pZFQQaLxgRM4rXSaHa0XU | https://www.google.com/maps/search/Hotel/@-1.2792325141654115,36.78227498330685,16z?hl=en | https://dynamic-media-cdn.tripadvisor.com/media/photo-o/2a/e9/0c/98/come-stay-at-our-quiet.jpg?w=2000&h=1300&s=1",https://www.google.com/maps/search/?api=1&query=Casa%20Misa%20Kileleshwa%20Apartments&query_place_id=ChIJI4pZFQQaLxgRM4rXSaHa0XU,ChIJI4pZFQQaLxgRM4rXSaHa0XU,False
Cheetah Holding,Hotel,"PQ3V+HQ8, George Padmore Road, Nairobi, Kenya",+254 714 870306,,,,,"https://www.google.com/maps/search/?api=1&query=Cheetah%20Holding&query_place_id=ChIJQaD87cQRLxgRwWFEgSxpgKs | https://www.google.com/maps/search/Hotel/@-1.29814652,36.7892868,17.00233279527329z?hl=en | https://lh3.googleusercontent.com/gps-cs-s/AHRPTWmCWaXDEkETNP2_rUHmSL8i_lA5VCKi64c8Wz8b0ktunDGhdpyZkHjk6-RVNwk07zSEj-93BGmwD3HQxTQHWXb4zsIpN07AU0WGku41Z1ghteEjKgKTAoKU8qHB93QkKEWp5YG6qw=w408-h306-k-no",https://www.google.com/maps/search/?api=1&query=Cheetah%20Holding&query_place_id=ChIJQaD87cQRLxgRwWFEgSxpgKs,ChIJQaD87cQRLxgRwWFEgSxpgKs,False
Chikus Hotel,Hotel,"MPXW+55X, Nairobi, Kenya",,,,,,"https://www.google.com/maps/search/?api=1&query=Chikus%20Hotel&query_place_id=ChIJx7kn604aLxgR7i75w1O_RyM | https://www.google.com/maps/search/Hotel/@-1.296413588499247,36.74790305007943,16z?hl=en | https://streetviewpixels-pa.googleapis.com/v1/thumbnail?panoid=f-ZT7vFnGO-xrflL1y9GYg&cb_client=search.gws-prod.gps&w=408&h=240&yaw=355.6666&pitch=0&thumbfov=100",https://www.google.com/maps/search/?api=1&query=Chikus%20Hotel&query_place_id=ChIJx7kn604aLxgR7i75w1O_RyM,ChIJx7kn604aLxgR7i75w1O_RyM,False
Ciama Hotel,Hotel,"MPXW+7HC, Nairobi, Kenya",,,,,,"https://www.google.com/maps/search/?api=1&query=Ciama%20Hotel&query_place_id=ChIJBxNd6E4aLxgRK-23bIR7jME | https://www.google.com/maps/search/Hotel/@-1.296413588499247,36.74790305007943,16z?hl=en | https://streetviewpixels-pa.googleapis.com/v1/thumbnail?panoid=dGO0jruHMsQSa9t9mC4ejg&cb_client=search.gws-prod.gps&w=408&h=240&yaw=331.04504&pitch=0&thumbfov=100",https://www.google.com/maps/search/?api=1&query=Ciama%20Hotel&query_place_id=ChIJBxNd6E4aLxgRK-23bIR7jME,ChIJBxNd6E4aLxgRK-23bIR7jME,False
CLUB BENNVIE & HOTEL,Hotel,"PQ62+PVH, Kabiro Rd, Nairobi, Kenya",,,,,,"https://www.google.com/maps/search/?api=1&query=CLUB%20BENNVIE%20%26%20HOTEL&query_place_id=ChIJe31JKCUaLxgRXeNStfoqsNI | https://www.google.com/maps/search/Hotel/@-1.296413588499247,36.76508901669314,16z?hl=en | https://streetviewpixels-pa.googleapis.com/v1/thumbnail?panoid=Wikmd0o9MuvX7-lemdogog&cb_client=search.gws-prod.gps&w=408&h=240&yaw=217.04338&pitch=0&thumbfov=100",https://www.google.com/maps/search/?api=1&query=CLUB%20BENNVIE%20%26%20HOTEL&query_place_id=ChIJe31JKCUaLxgRXeNStfoqsNI,ChIJe31JKCUaLxgRXeNStfoqsNI,False
DE MSANII MOTEL,Hotel,"Nairobi, Kenya",,,,,,"https://www.google.com/maps/search/?api=1&query=DE%20MSANII%20MOTEL&query_place_id=ChIJv1jiz4YaLxgRnvVfi1OzcDk | https://www.google.com/maps/search/Hotel/@-1.3135946628330823,36.76508901669314,16z?hl=en | https://streetviewpixels-pa.googleapis.com/v1/thumbnail?panoid=5qimMqw8CXyU_xflSNMsjQ&cb_client=search.gws-prod.gps&w=408&h=240&yaw=329.1918&pitch=0&thumbfov=100",https://www.google.com/maps/search/?api=1&query=DE%20MSANII%20MOTEL&query_place_id=ChIJv1jiz4YaLxgRnvVfi1OzcDk,ChIJv1jiz4YaLxgRnvVfi1OzcDk,False
Delight Mainstay Homes by Della,Hotel,"MQFP+G5G, Kitengela Rd, Nairobi, Kenya",+254 55 55555 ext. 0,,,,,"https://www.google.com/maps/search/?api=1&query=Delight%20Mainstay%20Homes%20by%20Della&query_place_id=ChIJ3bVIw3QQLxgRlKdpcIrd9qk | https://www.google.com/maps/search/Hotel/@-1.3307757371669178,36.78227498330685,16z?hl=en | https://streetviewpixels-pa.googleapis.com/v1/thumbnail?panoid=a1_Advtk7ldAXKA9pij8gQ&cb_client=search.gws-prod.gps&w=408&h=240&yaw=111.13367&pitch=0&thumbfov=100",https://www.google.com/maps/search/?api=1&query=Delight%20Mainstay%20Homes%20by%20Della&query_place_id=ChIJ3bVIw3QQLxgRlKdpcIrd9qk,ChIJ3bVIw3QQLxgRlKdpcIrd9qk,False
DREAMLAND CAFE HOTEL,Hotel,"Nairobi, Kenya",,,,,,"https://www.google.com/maps/search/?api=1&query=DREAMLAND%20CAFE%20HOTEL&query_place_id=ChIJv88Ph14QLxgRUASh3s92pIk | https://www.google.com/maps/search/Hotel/@-1.3135946628330823,36.81664691653427,16z?hl=en | https://streetviewpixels-pa.googleapis.com/v1/thumbnail?panoid=TF5-yARZ0b5jO2XnnTtAQA&cb_client=search.gws-prod.gps&w=408&h=240&yaw=300.83374&pitch=0&thumbfov=100",https://www.google.com/maps/search/?api=1&query=DREAMLAND%20CAFE%20HOTEL&query_place_id=ChIJv88Ph14QLxgRUASh3s92pIk,ChIJv88Ph14QLxgRUASh3s92pIk,False
Eagle Palace Hotel,Hotel,"Nairobi, Kenya",,,,,,"https://www.google.com/maps/search/?api=1&query=Eagle%20Palace%20Hotel&query_place_id=ChIJA4jKNoMaLxgRUWiBNb54PL8 | https://www.google.com/maps/search/Hotel/@-1.3135946628330823,36.78227498330685,16z?hl=en | https://lh3.googleusercontent.com/gps-cs-s/AHRPTWk9OrEdR-qlL7GyzRK8URQRix9DzRp_2WqrBeHWn6bR8a8o1eSC8OIv6w_n6AsACfnPfT_x697iO-0mI7yBokd5H6oicajanr7cJsyj_wLhvi15P18qG0bMZtVvVn2SffQN9iGz=w408-h306-k-no",https://www.google.com/maps/search/?api=1&query=Eagle%20Palace%20Hotel&query_place_id=ChIJA4jKNoMaLxgRUWiBNb54PL8,ChIJA4jKNoMaLxgRUWiBNb54PL8,False
Eastland Hotel Nairobi,Hotel,"PQ2Q+VG4 Eastland Hotel, Ring Rd Kilimani, Nairobi, Kenya",+254 20 2669820,,,,,https://www.google.com/travel/lodging/clk?pc=AA80Osxu429Poc_MQRrAwy8gr9mJDC4fPfS3b7xmiqG7wkkngRUAtuULPgl1X_nIZh-sunjrYpSM89xg7-uKBAwLnK79qk0wq40XC3JcmzlCk7OrbVuaLLS3nAnRjbB30B_dF1ZA8NjaQW86yza7WjyTEoJItIIrEcQNT7UHF_fnqWKKMsSW4Fh7KObLGQ&pcurl=https://www.super.com/travel/transition/?data%3Dprice%3D51.1%2526total_price%3D58.25%2526retail_price%3D66.47%2526retail_total_price%3D75.77%2526request_id%3D9618956262861881344%2526ps%3D296306%2526pb%3D0-slAkZlDjP06IhVxwa_7FiJp9TJgYUGQnSfZFi3eNskixSjmh8W0PD71gcn6prQqFZ7gOhUOLPknWpwry_dqW1pXYzcr4LaDh0N2zGPnWG6wE2B0GBv-YcitaNDwtu5PZPMphD4wHioZLFjyvkmxA%25253D%25253D%2526gha_pull_request%3DTrue%2526alwd_rand%3Dfalse%2526gt%3D1789358583%2526sg%3DlEJ13%2526sid%3DGHA_MD8%2526cmab_id%3D33%2526ib%3Dfalse%2526s2d%3Dm0%2526all_inclusive%3Dfalse%26utm_source%3Dgha%26utm_content%3Dmapresults%26currency%3DEUR%26user_country%3DUS%26verification%3Dfalse%26rate_rule_ids%3D%26date_type%3Ddefault%26rate_rule_id%3Dsignedout_desktop%26display_currency%3DUSD%26display_all_inclusive_price%3D67.38%26checkin_at%3D2026-09-19%26checkout_at%3D2026-09-20%26provider_hotel_id%3D10005141838%26provider%3Dhtl%26num_adults%3D2%26children%3D%5B%5D%26hotel_campaign%3D%26utm_campaign%3D%26user_locale%3Den-US%26user_list_id%3D%26utm_medium%3Dorganic%26utm_id%3Dgha_organic&s=AD1XQnmvu94dBzeLXhsF5me_dCyM | https://www.super.com/travel/transition/?data=price=51.1&total_price=58.25&retail_price=66.47&retail_total_price=75.77&request_id=9618956262861881344&ps=296306&pb=0-slAkZlDjP06IhVxwa_7FiJp9TJgYUGQnSfZFi3eNskixSjmh8W0PD71gcn6prQqFZ7gOhUOLPknWpwry_dqW1pXYzcr4LaDh0N2zGPnWG6wE2B0GBv-YcitaNDwtu5PZPMphD4wHioZLFjyvkmxA%3D%3D&gha_pull_request=True&alwd_rand=false&gt=1789358583&sg=lEJ13&sid=GHA_MD8&cmab_id=33&ib=false&s2d=m0&all_inclusive=false&utm_source=gha&utm_content=mapresults&currency=EUR&user_country=US&verification=false&rate_rule_ids=&date_type=default&rate_rule_id=signedout_desktop&display_currency=USD&display_all_inclusive_price=67.38&checkin_at=2026-09-19&checkout_at=2026-09-20&provider_hotel_id=10005141838&provider=htl&num_adults=2&children=[]&hotel_campaign=&utm_campaign=&user_locale=en-US&user_list_id=&utm_medium=organic&utm_id=gha_organic | https://www.google.com/travel/lodging/clk?pc=AA80OszSxFWUKBJ52OkNqRZXsLvdHhNpX7VAuQrt3jbYVnX_OvC4K4gwRvOUy9YOgO1lf54neYS0Q-j2Wa3GvFIZT2d8mAkDdi9c8-MTij1ajbNFyjYQbkylBj6uW7fO2rAC5dE0j-dcMwmQDuYosVISlO3yIWrSCdyyOWEEmlATVs71eliFiuV9X1Vc0ai-dsf-bONhNrQo7T0w&pcurl=https://www.reservationday.com/transition/?data%3Dprice%3D62.58%2526total_price%3D71.33%2526retail_price%3D77.2%2526retail_total_price%3D88.0%2526request_id%3D13218295297876920320%2526ps%3D125358856027%2526pb%3D0-slAkZlDjP06IhVxwa_7JMqy5FGHztQ02c1o0SoDp_8L287k7kkH8J2AkAN3jU2kJJjsD0kHKt8h8ApnPgfDs7ssK5-n-HpZjTlFTVyq30Q2eCchi0XdchFlAfazgXsYPOZ6OETistOdJmwd08M3w%25253D%25253D%2526gha_rd_pull_request%3DTrue%2526alwd_rand%3Dfalse%2526gt%3D1789361921%2526sg%3DJm6IY%2526ib%3Dfalse%2526all_inclusive%3Dfalse%26utm_source%3Dgha_rd%26utm_content%3Dmapresults%26currency%3DUSD%26user_country%3DUS%26verification%3Dfalse%26rate_rule_ids%3D%26date_type%3Ddefault%26rate_rule_id%3Dsignedout_desktop%26display_currency%3DUSD%26display_all_inclusive_price%3D71.33%26checkin_at%3D2026-09-19%26checkout_at%3D2026-09-20%26provider_hotel_id%3D10005141838%26provider%3Dhtl%26num_adults%3D2%26children%3D%5B%5D%26hotel_campaign%3D%26user_locale%3Den-US%26user_list_id%3D%26utm_medium%3Dorganic%26utm_id%3Dgha_organic_rd&s=AD1XQnk8IwGDxvbvTcxR0RK6VNEo | https://www.reservationday.com/transition/?data=price=62.58&total_price=71.33&retail_price=77.2&retail_total_price=88.0&request_id=13218295297876920320&ps=125358856027&pb=0-slAkZlDjP06IhVxwa_7JMqy5FGHztQ02c1o0SoDp_8L287k7kkH8J2AkAN3jU2kJJjsD0kHKt8h8ApnPgfDs7ssK5-n-HpZjTlFTVyq30Q2eCchi0XdchFlAfazgXsYPOZ6OETistOdJmwd08M3w%3D%3D&gha_rd_pull_request=True&alwd_rand=false&gt=1789361921&sg=Jm6IY&ib=false&all_inclusive=false&utm_source=gha_rd&utm_content=mapresults&currency=USD&user_country=US&verification=false&rate_rule_ids=&date_type=default&rate_rule_id=signedout_desktop&display_currency=USD&display_all_inclusive_price=71.33&checkin_at=2026-09-19&checkout_at=2026-09-20&provider_hotel_id=10005141838&provider=htl&num_adults=2&children=[]&hotel_campaign=&user_locale=en-US&user_list_id=&utm_medium=organic&utm_id=gha_organic_rd | https://www.google.com/travel/lodging/clk?pc=AA80OsxbOf7T7DiufSC1xh4IIG5vd7ivX0_jAGhd_-9ZmIAfBmBH5KLfNpiaJmTdz2j8GARiA9QBjwmFVuL4DnuQOnj8Pg425wgJ1Y_FjVkBQks2ZwkVXKukPKallwLl9zGcz9v6PNYKoMOoGhvU_N3WL9eVlMFAqYcWjlFc0C0KJyd60RLT_0n8kh9pCgSQ-pZj&pcurl=https://www.expedia.com/Hotel-Search?selected%3D9592450%26startDate%3D2026-09-19%26endDate%3D2026-09-20%26MDPCID%3DUS.META.HPA.HOTEL-ORGANIC-desktop.HOTEL%26MDPDTL%3DHTL.9592450.20260919.20260920.DDT.5.CID..AUDID..RRID.bex_us_desktop%26mctc%3D10%26ct%3Dhotel%26mpg%3DUSD%26mpf%3D79.21%26mpj%3D15.85%26mpr%3D4.44%26mpl%3DUSD%26exp_pg%3Dgoogle%26langid%3Den%26ad%3D2%26tp%3D%26utm_source%3Dgoogle%26utm_medium%3Dcpc%26utm_term%3D9592450%26utm_content%3Dmapresults%26utm_campaign%3DHotelAds%26langid%3D1033%26adults%3D2%26children%3D%26rrid%3Dbex_us_desktop%26rateplanid%3D405009368%26mpm%3D24%26mpn%3D327479332%26mpo%3DEC%26mpp%3D1&s=AD1XQnkewFwXnbhoDqvMdIgODLoj | https://www.expedia.com/Hotel-Search?selected=9592450&startDate=2026-09-19&endDate=2026-09-20&MDPCID=US.META.HPA.HOTEL-ORGANIC-desktop.HOTEL&MDPDTL=HTL.9592450.20260919.20260920.DDT.5.CID..AUDID..RRID.bex_us_desktop&mctc=10&ct=hotel&mpg=USD&mpf=79.21&mpj=15.85&mpr=4.44&mpl=USD&exp_pg=google&langid=en&ad=2&tp=&utm_source=google&utm_medium=cpc&utm_term=9592450&utm_content=mapresults&utm_campaign=HotelAds&langid=1033&adults=2&children=&rrid=bex_us_desktop&rateplanid=405009368&mpm=24&mpn=327479332&mpo=EC&mpp=1 | https://www.google.com/travel/lodging/clk?pc=AA80OswzXbSB1Y2FTGboXn_te7vAz76BqzGt1v0PKKPGr5yTvMJEAvNl9097tV2M6Et-Fa2sYDRjhTi64EferYlJ3YFJXiQOfbD0_xFwK9BxJkAFP1Wpp-FSGU7AzCT1Cm1XbVneyYFrDe_lViCzce2qyG45DVizXssCWu5-0mHxzamSlBWIAw&pcurl=https://www.wego.com/hotels/searches/NBO/2026-09-19/2026-09-20?guests%3D2%26wego_hotel_id%3D1219564%26bow_only%3Dtrue%26ts_code%3D2f2fc%26wg_source%3Dmeta_distribution%26wg_medium%3Dgha%26wg_campaign%3Dfbl%26wego_currency%3DUSD%26ulang%3Den%26wego_price%3DVVNEOjc0LjEzOjViYzJkNGViNTRhMGM0N2NmMWRiYmYwYmRkYzZkOGQzOTk5OGM2MzJjZWM5OTZmZWFjN2VlMDQwMzFhOTkwMGE6aHlwZ3Y4N2N0eHY6MTc4OTM1NDk2ODpEOlVTOjk1N2I4ZjRiNzc2MWUyMWE6MjowOnRydWU6dHJ1ZTpC%26provider%3DaG90ZWxzLndlZ28uY29t&s=AD1XQnmliw-qjI1g-8LFfCvv6OWA | https://www.wego.com/hotels/searches/NBO/2026-09-19/2026-09-20?guests=2&wego_hotel_id=1219564&bow_only=true&ts_code=2f2fc&wg_source=meta_distribution&wg_medium=gha&wg_campaign=fbl&wego_currency=USD&ulang=en&wego_price=VVNEOjc0LjEzOjViYzJkNGViNTRhMGM0N2NmMWRiYmYwYmRkYzZkOGQzOTk5OGM2MzJjZWM5OTZmZWFjN2VlMDQwMzFhOTkwMGE6aHlwZ3Y4N2N0eHY6MTc4OTM1NDk2ODpEOlVTOjk1N2I4ZjRiNzc2MWUyMWE6MjowOnRydWU6dHJ1ZTpC&provider=aG90ZWxzLndlZ28uY29t | https://www.google.com/travel/lodging/clk?pc=AA80OsyqQw0N9kckc5Y6DdGwQzse4RNOI9ziqpEWI6M7wqQHh_pvbV0Xc8WDplYXXe2dEpGqQqutCqsP_RV8h-a0pgB0Uf6HDMxYpN_Er1GZ7j3Dtm3lqF4H86LqztO1EEDMLy5yDxem2t57fGmykHUFZOjV8x-wff8A_3bnqLNnWTgL4SzDov6C8Aacyu_enEI8&pcurl=https://www.travelocity.com/Hotel-Search?selected%3D9592450%26startDate%3D2026-09-19%26endDate%3D2026-09-20%26adults%3D2%26children%3D%26MDPCID%3Dtravelocity-US.META.HPA.ORGANIC.HOTEL%26MDPDTL%3DHTL.9592450.20260919.20260920.DDT.5.CID..AUDID..mapresults%26mpg%3DUSD%26mpf%3D79.21%26mpj%3D15.85%26mpr%3D4.44%26mctc%3D10%26rateplanid%3D405009368%26mpm%3D24%26mpn%3D327479332%26mpo%3DEC%26mpp%3D1&s=AD1XQnnZGDIRvErASUqylCcEaARs | https://www.travelocity.com/Hotel-Search?selected=9592450&startDate=2026-09-19&endDate=2026-09-20&adults=2&children=&MDPCID=travelocity-US.META.HPA.ORGANIC.HOTEL&MDPDTL=HTL.9592450.20260919.20260920.DDT.5.CID..AUDID..mapresults&mpg=USD&mpf=79.21&mpj=15.85&mpr=4.44&mctc=10&rateplanid=405009368&mpm=24&mpn=327479332&mpo=EC&mpp=1 | https://www.google.com/travel/lodging/clk?pc=AA80OszLTsIwENmQ0_1HLRNLhA0kPpibZ43EbiR82DSKM_oQQIVgEyIAGboDsmO05fNMym4trwXWOgLlu1kzyektHJhfElLhdJKramOhyiuyGvY_WI3xWRDWflZGyCD8TsyHGcvP3YZLxgdhOmtNXRxpuVsSMef0UzwWXkgLITZREjFaXyYH9XzlouJiDuEzXA0&pcurl=https://www.orbitz.com/Hotel-Search?selected%3D9592450%26startDate%3D2026-09-19%26endDate%3D2026-09-20%26adults%3D2%26children%3D%26MDPCID%3DORBITZ-US.META.HPA.ORGANIC-desktop.HOTEL%26MDPDTL%3Dhtl.9592450.20260919.20260920.DDT.5.CID..AUDID..mapresults%26mpg%3DUSD%26mpf%3D79.21%26mpj%3D15.85%26mpr%3D4.44%26mctc%3D10%26rateplanid%3D405009368%26mpm%3D24%26mpn%3D327479332%26mpo%3DEC%26mpp%3D1&s=AD1XQnmZuDakVFKmnvs-p35VOXzL | https://www.orbitz.com/Hotel-Search?selected=9592450&startDate=2026-09-19&endDate=2026-09-20&adults=2&children=&MDPCID=ORBITZ-US.META.HPA.ORGANIC-desktop.HOTEL&MDPDTL=htl.9592450.20260919.20260920.DDT.5.CID..AUDID..mapresults&mpg=USD&mpf=79.21&mpj=15.85&mpr=4.44&mctc=10&rateplanid=405009368&mpm=24&mpn=327479332&mpo=EC&mpp=1 | https://www.google.com/travel/lodging/clk?pc=AA80OsxeGIJsVRIzA-i2HO8vW9iseImHUMNt1G5XY8k0nFFJT_tTrIJ2NzWazPZjExZCvM096C8pVsL9e7wVj9bybKyrC6xfWOUIO_8UQQUVca1fmRFSnpiH8JOgA_Y7aC2H-rUJYGvAGUh7BNn10oVSLBck9miS6HZHnvj84vwSN7R0D4ivijeL&pcurl=https://www.qantas.com/hotels/properties/180461?adults%3D2%26children%3D0%26infants%3D0%26checkIn%3D2026-09-19%26checkOut%3D2026-09-20%26utm_campaign%3DGoogleHotels%26adType%3D0%26utm_medium%3Dorganic-search%26utm_source%3DGoogle-Hotels%26utm_term%3D180461%26hotelID%3D180461%26hotel_campaign%3D&s=AD1XQnlXDGV0dYbvJSTCeqQBCTrY | https://www.qantas.com/hotels/properties/180461?adults=2&children=0&infants=0&checkIn=2026-09-19&checkOut=2026-09-20&utm_campaign=GoogleHotels&adType=0&utm_medium=organic-search&utm_source=Google-Hotels&utm_term=180461&hotelID=180461&hotel_campaign= | https://www.google.com/travel/lodging/clk?pc=AA80OszoFw6UcX2VOpytIKqVKXJsT3jctNvkAz3VRQPVqJoSu8PQhV6wIXdPQxhtSC7ds02flJcRxjG4mFCD1pSR_fpGOalNG6gI6I3R46wtzxlFpo3jnhFNwVMhTDfbFEKrxGvHmKxudmwY7gD5aVhH68Ef1Z9m64H7MwucYPcpH-6ax5ta6kMkrrWVO9N_N4JvQA&pcurl=https://deals.goseek.com/?sig%3D34c47a49c3e8320dca5a5dda0da2a460c1bc23afde972e2894a4ff0b6052fb53383131303836353931%26turl%3Dhttps%253A%252F%252Fwww.goseek.com%252FHotel%252FSearch%253FcheckIn%253D2026-09-19%2526checkOut%253D2026-09-20%2526currency%253DUSD%2526forceCurrencyChange%253D1%2526lang%253Den%2526forceLanguageChange%253D1%2526rooms%253D2%253A%2526utm_source%253Dgha%2526utm_medium%253Dcpc%2526hotelId%253D1897741%2526userCountry%253DUS%2526profile%253Dr2d2m73kn8%2526preferredRate%253D79.21%2526deviceType%253Ddesktop%2526label%253Dsrc%25253Dgha%252526cltype%25253Dhotel%252526datype%25253Ddefault%252526gsite%25253Dmapresults%252526vf%25253D0%252526ucountry%25253DUS%252526udevice%25253Ddesktop%252526hotel%25253D1897741%252526day%25253D19%252526month%25253D09%252526year%25253D2026%252526los%25253D1%252526price%25253D79.21%252526currency%25253DUSD%252526cid%25253D%252526listid%25253D%252526rateid%25253DUS_D%252526closerateid%25253D%252526promo%25253D0%252526isPrivateRate%25253D0%252526isAudienceUser%25253D0%252526isPaidClick%25253D0%252526%2526cp%253DIE3JzqDvYCiD_VhMChQIwDEYsQwiA1VTRCiwlLbVBlIBMhIaFfX3308aC0pKMGh6b1cxV2VNKAMwltWd1QY&s=AD1XQnlJ7ln4ueC_Ji1TO9SnE7wr | https://deals.goseek.com/?sig=34c47a49c3e8320dca5a5dda0da2a460c1bc23afde972e2894a4ff0b6052fb53383131303836353931&turl=https://www.goseek.com/Hotel/Search?checkIn=2026-09-19&checkOut=2026-09-20&currency=USD&forceCurrencyChange=1&lang=en&forceLanguageChange=1&rooms=2:&utm_source=gha&utm_medium=cpc&hotelId=1897741&userCountry=US&profile=r2d2m73kn8&preferredRate=79.21&deviceType=desktop&label=src%3Dgha%26cltype%3Dhotel%26datype%3Ddefault%26gsite%3Dmapresults%26vf%3D0%26ucountry%3DUS%26udevice%3Ddesktop%26hotel%3D1897741%26day%3D19%26month%3D09%26year%3D2026%26los%3D1%26price%3D79.21%26currency%3DUSD%26cid%3D%26listid%3D%26rateid%3DUS_D%26closerateid%3D%26promo%3D0%26isPrivateRate%3D0%26isAudienceUser%3D0%26isPaidClick%3D0%26&cp=IE3JzqDvYCiD_VhMChQIwDEYsQwiA1VTRCiwlLbVBlIBMhIaFfX3308aC0pKMGh6b1cxV2VNKAMwltWd1QY | https://www.google.com/travel/lodging/clk?pc=AA80OswH0PiKIA3DdYg5_igha8i8ZoyBHmytNXQUrx7G3W5e21WzNaldtTfTPkQhN6pdu9HLaovPJjmEr6bbjkpPv_Wo2VZXaRcvjpGhwI1qmBQH9ERcJWmBaiLoCuIn5IKomk1oMY6I_z4IZjMyR6YXUkt7e44gVYnhoh2whd-b3PuWnTifFCRh&pcurl=https://accommodation.edreams.net/Hotel-Search?selected%3D9592450%26startDate%3D2026-09-19%26endDate%3D2026-09-20%26adults%3D2%26children%3D%26mpf%3D79.21%26cur%3DUSD%26mpj%3D15.85%26MDPCID%3DeDreams-US.DPS.Edreams.MetaSearch-GHA.HOTEL%26mpl%3DUSD%26numberOfRooms%3D1%26locale%3Den_US%26rffrid%3Dh4p.hcom.US.ghaodigeo.000.000.kwrd%3D%26pos%3DEDREAMS_US%26rateplanid%3D405009368%26mctc%3D10%26utm_medium%3Dmetasearch%26utm_campaign%3D483879%26utm_term%3Dhotel%26utm_source%3DFREEBOOKING&s=AD1XQnnLucHQ4Wv0BwNvrvmYTU9Z | https://accommodation.edreams.net/Hotel-Search?selected=9592450&startDate=2026-09-19&endDate=2026-09-20&adults=2&children=&mpf=79.21&cur=USD&mpj=15.85&MDPCID=eDreams-US.DPS.Edreams.MetaSearch-GHA.HOTEL&mpl=USD&numberOfRooms=1&locale=en_US&rffrid=h4p.hcom.US.ghaodigeo.000.000.kwrd=&pos=EDREAMS_US&rateplanid=405009368&mctc=10&utm_medium=metasearch&utm_campaign=483879&utm_term=hotel&utm_source=FREEBOOKING | https://www.google.com/travel/lodging/clk?pc=AA80OsyORngCsTHEfc2tGw0URQp-bHxS6C4X6ZRtkoC19fcFKyMEIS7mP7pITyO32uCOY2tHkGibyldCz4-vtzAsiklMvNbyuHcQHSnGe3DEL1ZenF2zgfafQY5pR7qGHqj4V4RQ6dQ8gbEqBpI4yGM1xnTrOdsrVuPJ7HuAbzlIni57OB8bmEI&pcurl=https://deals.etrip.net/?sig%3De9cc68956712e1e5d60f579a67e54afadd83f5d631dc9782cc50d47864de2f2c2d32303330363031313335%26turl%3Dhttps%253A%252F%252Fsearch.etrip.net%252FHotel%252FSearch%253FcheckIn%253D2026-09-19%2526checkOut%253D2026-09-20%2526currency%253DUSD%2526forceCurrencyChange%253D1%2526lang%253Den%2526forceLanguageChange%253D1%2526rooms%253D2%253A%2526utm_source%253Dgha%2526utm_medium%253Dcpc%2526hotelId%253D1897741%2526userCountry%253DUS%2526profile%253Dr2d2m73kn8%2526preferredRate%253D79.21%2526label%253Dsrc%25253Dgha%252526cltype%25253Dhotel%252526datype%25253Ddefault%252526gsite%25253Dmapresults%252526vf%25253D0%252526ucountry%25253DUS%252526udevice%25253Ddesktop%252526hotel%25253D1897741%252526day%25253D19%252526month%25253D09%252526year%25253D2026%252526los%25253D1%252526price%25253D79.21%252526currency%25253DUSD%252526cid%25253D%252526listid%25253D%252526rateid%25253DUS_D%252526closerateid%25253D%252526promo%25253D0%252526isPrivateRate%25253D0%252526isAudienceUser%25253D0%252526isPaidClick%25253D0%252526%2526cp%253DMBtrEVyjAs6D_VhMChQIwDEYsQwiA1VTRCiwlLbVBlIBMhIaFWG6spMaC2Q4d3JnNjRZVi0wKAIwwfad1QY&s=AD1XQnnJVV-6JpIgOzv-ufoBzF9p | https://deals.etrip.net/?sig=e9cc68956712e1e5d60f579a67e54afadd83f5d631dc9782cc50d47864de2f2c2d32303330363031313335&turl=https://search.etrip.net/Hotel/Search?checkIn=2026-09-19&checkOut=2026-09-20&currency=USD&forceCurrencyChange=1&lang=en&forceLanguageChange=1&rooms=2:&utm_source=gha&utm_medium=cpc&hotelId=1897741&userCountry=US&profile=r2d2m73kn8&preferredRate=79.21&label=src%3Dgha%26cltype%3Dhotel%26datype%3Ddefault%26gsite%3Dmapresults%26vf%3D0%26ucountry%3DUS%26udevice%3Ddesktop%26hotel%3D1897741%26day%3D19%26month%3D09%26year%3D2026%26los%3D1%26price%3D79.21%26currency%3DUSD%26cid%3D%26listid%3D%26rateid%3DUS_D%26closerateid%3D%26promo%3D0%26isPrivateRate%3D0%26isAudienceUser%3D0%26isPaidClick%3D0%26&cp=MBtrEVyjAs6D_VhMChQIwDEYsQwiA1VTRCiwlLbVBlIBMhIaFWG6spMaC2Q4d3JnNjRZVi0wKAIwwfad1QY,https://www.google.com/maps/search/?api=1&query=Eastland%20Hotel%20Nairobi&query_place_id=ChIJDYMubtMRLxgROvCwHE--KpU,ChIJDYMubtMRLxgROvCwHE--KpU,False
Emvash Hotel And Bakery,Hotel,"Nairobi, Kenya",+254 712 740319,,,,,"https://www.google.com/maps/search/?api=1&query=Emvash%20Hotel%20And%20Bakery&query_place_id=ChIJibRrKTYbLxgRx6R1UFc6N4o | https://www.google.com/maps/search/Hotel/@-1.3135946628330823,36.76508901669314,16z?hl=en | https://streetviewpixels-pa.googleapis.com/v1/thumbnail?panoid=l74ijLvBgqmcWasOz3tL-w&cb_client=search.gws-prod.gps&w=408&h=240&yaw=245.71884&pitch=0&thumbfov=100",https://www.google.com/maps/search/?api=1&query=Emvash%20Hotel%20And%20Bakery&query_place_id=ChIJibRrKTYbLxgRx6R1UFc6N4o,ChIJibRrKTYbLxgRx6R1UFc6N4o,False
Fine Hotel,Hotel,"Nairobi, Kenya",,,,,,"https://www.google.com/maps/search/?api=1&query=Fine%20Hotel&query_place_id=ChIJ12Gz4UIaLxgRCJfOpfLiZeA | https://www.google.com/maps/search/Hotel/@-1.296413588499247,36.76508901669314,16z?hl=en | https://streetviewpixels-pa.googleapis.com/v1/thumbnail?panoid=wFJadQASFnPWDStWi3HUJg&cb_client=search.gws-prod.gps&w=408&h=240&yaw=215.19891&pitch=0&thumbfov=100",https://www.google.com/maps/search/?api=1&query=Fine%20Hotel&query_place_id=ChIJ12Gz4UIaLxgRCJfOpfLiZeA,ChIJ12Gz4UIaLxgRCJfOpfLiZeA,False
FRIKAS RELAX INN,Hotel,"PP3R+G2C, Ngotho Rd, Nairobi, Kenya",,,,,,"https://www.google.com/maps/search/?api=1&query=FRIKAS%20RELAX%20INN&query_place_id=ChIJCwVMXDUaLxgRznqVAUvB_zI | https://www.google.com/maps/search/Hotel/@-1.296413588499247,36.73071708346572,16z?hl=en | https://streetviewpixels-pa.googleapis.com/v1/thumbnail?panoid=mYhfQsrWGoqAMUU8U6LmuQ&cb_client=search.gws-prod.gps&w=408&h=240&yaw=23.528618&pitch=0&thumbfov=100",https://www.google.com/maps/search/?api=1&query=FRIKAS%20RELAX%20INN&query_place_id=ChIJCwVMXDUaLxgRznqVAUvB_zI,ChIJCwVMXDUaLxgRznqVAUvB_zI,False
"Fully Furnished Apartment, Kilimani",Hotel,"Sapphire Court Apartment, Kirichwa Rd, Nairobi, Kenya",+254 727 101828,,,,,"https://www.google.com/maps/search/?api=1&query=Fully%20Furnished%20Apartment%2C%20Kilimani&query_place_id=ChIJzf7fggoaLxgR91UmhPbyzfE | https://www.google.com/maps/search/Hotel/@-1.2903185,36.7807694,17.002337248423867z?hl=en | https://lh3.googleusercontent.com/gps-cs-s/AHRPTWnLJif4X46gvV7VEeIgAuUO1j_k3Zr2AsM0YSSbBWlz0j6h16Fz0b-N3Zno0aWGnZX2_uCDme3WejNcuSl688rE6P6oG2puxapjORpsodPrCTDTFWhCdltbyqftSWJtWaQ7Z_8x=w408-h883-k-no",https://www.google.com/maps/search/?api=1&query=Fully%20Furnished%20Apartment%2C%20Kilimani&query_place_id=ChIJzf7fggoaLxgR91UmhPbyzfE,ChIJzf7fggoaLxgR91UmhPbyzfE,False
Furnished apartments,Hotel,"Serena road, Kenya",+254 796 327726,,,,,"https://www.google.com/maps/search/?api=1&query=Furnished%20apartments&query_place_id=ChIJO4YZbKgaLxgR6MMyuI5uYaM | https://www.google.com/maps/search/Hotel/@-1.3307757371669178,36.78227498330685,16z?hl=en",https://www.google.com/maps/search/?api=1&query=Furnished%20apartments&query_place_id=ChIJO4YZbKgaLxgR6MMyuI5uYaM,ChIJO4YZbKgaLxgR6MMyuI5uYaM,False
GOD'S FAVOUR HOTEL,Hotel,"PP3W+2CF, Wanyee Cl, Nairobi, Kenya",,,,,,"https://www.google.com/maps/search/?api=1&query=GOD | https://www.google.com/maps/search/Hotel/@-1.296413588499247,36.74790305007943,16z?hl=en | https://streetviewpixels-pa.googleapis.com/v1/thumbnail?panoid=E3jheKxCSu6zhOP3V_zrlw&cb_client=search.gws-prod.gps&w=408&h=240&yaw=31.784058&pitch=0&thumbfov=100",https://www.google.com/maps/search/?api=1&query=GOD'S%20FAVOUR%20HOTEL&query_place_id=ChIJW1iFuEkaLxgRvdyf63ig9Vo,ChIJW1iFuEkaLxgRvdyf63ig9Vo,False
Godials Bed and Breakfast,Hotel,"Kilimani Lenana, Galana Rd, Nairobi, Kenya",+254 20 2537200,,,,,"https://www.google.com/maps/search/?api=1&query=Godials%20Bed%20and%20Breakfast&query_place_id=ChIJZQrCoqcQLxgRVWBCEBAM1tE | https://www.google.com/maps/search/Hotel/@-1.296413588499247,36.78227498330685,16z?hl=en | https://dynamic-media-cdn.tripadvisor.com/media/photo-o/01/b9/9b/73/godial-s-bed-breakfast.jpg?w=1900&h=1400&s=1",https://www.google.com/maps/search/?api=1&query=Godials%20Bed%20and%20Breakfast&query_place_id=ChIJZQrCoqcQLxgRVWBCEBAM1tE,ChIJZQrCoqcQLxgRVWBCEBAM1tE,False
Godis Hotel,Hotel,"PP4R+52C, Kinyanjui Rd, Nairobi, Kenya",,,,,,"https://www.google.com/maps/search/?api=1&query=Godis%20Hotel&query_place_id=ChIJOZdz3zQaLxgRp3tjJeFu8XA | https://www.google.com/maps/search/Hotel/@-1.296413588499247,36.73071708346572,16z?hl=en | https://streetviewpixels-pa.googleapis.com/v1/thumbnail?panoid=BKqKyVQQn6TnAy7DuyxfVg&cb_client=search.gws-prod.gps&w=408&h=240&yaw=71.44215&pitch=0&thumbfov=100",https://www.google.com/maps/search/?api=1&query=Godis%20Hotel&query_place_id=ChIJOZdz3zQaLxgRp3tjJeFu8XA,ChIJOZdz3zQaLxgRp3tjJeFu8XA,False
Golden Moon Star Hotel,Hotel,"PQ2G+7VV Golden Moon Star Hotel, Ngong Rd, Nairobi, Kenya",+254 737 868888,,,,,"https://www.google.com/maps/search/?api=1&query=Golden%20Moon%20Star%20Hotel&query_place_id=ChIJ-T3HD3QaLxgRsz5DxR2YmIE | https://www.google.com/maps/search/Hotel/@-1.296413588499247,36.78227498330685,16z?hl=en | https://streetviewpixels-pa.googleapis.com/v1/thumbnail?panoid=bqyWfVdDFP0F909Rs4fydg&cb_client=search.gws-prod.gps&w=408&h=240&yaw=172.1034&pitch=0&thumbfov=100",https://www.google.com/maps/search/?api=1&query=Golden%20Moon%20Star%20Hotel&query_place_id=ChIJ-T3HD3QaLxgRsz5DxR2YmIE,ChIJ-T3HD3QaLxgRsz5DxR2YmIE,True
Golden palm hotel,Hotel,"PQ3V+362 Kenol Town, Nairobi, Kenya",,,,,,"https://www.google.com/maps/search/?api=1&query=Golden%20palm%20hotel&query_place_id=ChIJLd-dKTcRLxgRhLCyri0CxVk | https://www.google.com/maps/search/Hotel/@-1.296413588499247,36.78227498330685,16z?hl=en | https://streetviewpixels-pa.googleapis.com/v1/thumbnail?panoid=Mj258v_2z0LI-vwclX1p1A&cb_client=search.gws-prod.gps&w=408&h=240&yaw=56.97982&pitch=0&thumbfov=100",https://www.google.com/maps/search/?api=1&query=Golden%20palm%20hotel&query_place_id=ChIJLd-dKTcRLxgRhLCyri0CxVk,ChIJLd-dKTcRLxgRhLCyri0CxVk,False
Gracehouse hotel,Hotel,"Ring Rd, Nairobi, Kenya",+254 723 011066,,,,,"https://www.google.com/maps/search/?api=1&query=Gracehouse%20hotel&query_place_id=ChIJM1zzYa0RLxgR6Ijr9qNSfNA | https://www.google.com/maps/search/Hotel/@-1.296413588499247,36.78227498330685,16z?hl=en | https://streetviewpixels-pa.googleapis.com/v1/thumbnail?panoid=EA47_vjt3iPO5LX4i7bKdw&cb_client=search.gws-prod.gps&w=408&h=240&yaw=285.1729&pitch=0&thumbfov=100",https://www.google.com/maps/search/?api=1&query=Gracehouse%20hotel&query_place_id=ChIJM1zzYa0RLxgR6Ijr9qNSfNA,ChIJM1zzYa0RLxgR6Ijr9qNSfNA,False
Havana Elite Suites Company,Hotel,"Kabarnet Road, Off Ngong Rd, Nairobi, Kenya",+254 722 933867,,,,,"https://www.google.com/maps/search/?api=1&query=Havana%20Elite%20Suites%20Company&query_place_id=ChIJTW8NhX4RLxgR1YDJGnindB8 | https://www.google.com/maps/search/Hotel/@-1.3011517,36.7847816,17.00233107854971z?hl=en | https://lh3.googleusercontent.com/gps-cs-s/AHRPTWml4qwxa4Wtbp31d3uVkpp-1XPhzHiSAPEu-5IlcMF3QtTTSkT18vYAALe6V5xFfxGk5_4f4pMkDSc6Ap60BxaMqZTrIY554tLIHoOo4FfxVOSYL_HikTAj2dGjvRlz9i0wXV1G=w408-h306-k-no",https://www.google.com/maps/search/?api=1&query=Havana%20Elite%20Suites%20Company&query_place_id=ChIJTW8NhX4RLxgR1YDJGnindB8,ChIJTW8NhX4RLxgR1YDJGnindB8,False
HELEN MESSI HOTEL,Hotel,"Nairobi, Kenya",,,,,,"https://www.google.com/maps/search/?api=1&query=HELEN%20MESSI%20HOTEL&query_place_id=ChIJMWdsooYaLxgR7Vi3AIlymYg | https://www.google.com/maps/search/Hotel/@-1.3135946628330823,36.76508901669314,16z?hl=en | https://streetviewpixels-pa.googleapis.com/v1/thumbnail?panoid=9vE40JzhJKvtX0MZHHjH1A&cb_client=search.gws-prod.gps&w=408&h=240&yaw=125.87367&pitch=0&thumbfov=100",https://www.google.com/maps/search/?api=1&query=HELEN%20MESSI%20HOTEL&query_place_id=ChIJMWdsooYaLxgR7Vi3AIlymYg,ChIJMWdsooYaLxgR7Vi3AIlymYg,False
Higher Ends Homes,Hotel,"2132 rose lane, Nairobi, Kenya",+254 790 644615,,,,,"https://www.google.com/maps/search/?api=1&query=Higher%20Ends%20Homes&query_place_id=ChIJ-7H5vacRLxgRX0SM8uXlZPU | https://www.google.com/maps/search/Hotel/@-1.2896567666666667,36.785081999999996,17.002337623631117z?hl=en | https://streetviewpixels-pa.googleapis.com/v1/thumbnail?panoid=43MUNiHXp65Wx4TRu14ZiQ&cb_client=search.gws-prod.gps&w=408&h=240&yaw=348.68173&pitch=0&thumbfov=100",https://www.google.com/maps/search/?api=1&query=Higher%20Ends%20Homes&query_place_id=ChIJ-7H5vacRLxgRX0SM8uXlZPU,ChIJ-7H5vacRLxgRX0SM8uXlZPU,False
Hotel Ahlan Wasahlan,Hotel,"MQQJ+X68, Karanja Rd, Nairobi, Kenya",,,,,,"https://www.google.com/maps/search/?api=1&query=Hotel%20Ahlan%20Wasahlan&query_place_id=ChIJcxOBvX8aLxgRzEPTvR-SHto | https://www.google.com/maps/search/Hotel/@-1.3135946628330823,36.78227498330685,16z?hl=en | https://streetviewpixels-pa.googleapis.com/v1/thumbnail?panoid=fwrwRyn0YapG85NnezHv7A&cb_client=search.gws-prod.gps&w=408&h=240&yaw=212.33069&pitch=0&thumbfov=100",https://www.google.com/maps/search/?api=1&query=Hotel%20Ahlan%20Wasahlan&query_place_id=ChIJcxOBvX8aLxgRzEPTvR-SHto,ChIJcxOBvX8aLxgRzEPTvR-SHto,False
Hotel Nairobi,Hotel,"PQ8R+HQ2, Likoni Ln, Nairobi, Kenya",,,,,,"https://www.google.com/maps/search/?api=1&query=Hotel%20Nairobi&query_place_id=ChIJy6oWznwRLxgRYvg11uPEZo4 | https://www.google.com/maps/search/Hotel/@-1.2792325141654115,36.78227498330685,16z?hl=en | https://streetviewpixels-pa.googleapis.com/v1/thumbnail?panoid=lVtM7A_8Yit_ZHZr6vFJFg&cb_client=search.gws-prod.gps&w=408&h=240&yaw=172.32237&pitch=0&thumbfov=100",https://www.google.com/maps/search/?api=1&query=Hotel%20Nairobi&query_place_id=ChIJy6oWznwRLxgRYvg11uPEZo4,ChIJy6oWznwRLxgRYvg11uPEZo4,False
Hotel Ruby,Hotel,"Siwaka Plaza, Ole-Sangale Link Rd, Nairobi, Kenya",,,,,,"https://www.google.com/maps/search/?api=1&query=Hotel%20Ruby&query_place_id=ChIJsTuBrPcQLxgR0Mle_YgmNLU | https://www.google.com/maps/search/Hotel/@-1.3135946628330823,36.81664691653427,16z?hl=en | https://streetviewpixels-pa.googleapis.com/v1/thumbnail?panoid=qmyICIPqjLy0OQegrwfeBw&cb_client=search.gws-prod.gps&w=408&h=240&yaw=283.5301&pitch=0&thumbfov=100",https://www.google.com/maps/search/?api=1&query=Hotel%20Ruby&query_place_id=ChIJsTuBrPcQLxgR0Mle_YgmNLU,ChIJsTuBrPcQLxgR0Mle_YgmNLU,False
Hotel Sevens,Hotel,"Dagoretti South, Kenya",+254 701 588687,,,,,"https://www.google.com/maps/search/?api=1&query=Hotel%20Sevens&query_place_id=ChIJT3siLhUbLxgR1ibj2cQnoFk | https://www.google.com/maps/search/Hotel/@-1.296413588499247,36.73071708346572,16z?hl=en | https://streetviewpixels-pa.googleapis.com/v1/thumbnail?panoid=hlIKV-n7tKYnbAxnYrbqXA&cb_client=search.gws-prod.gps&w=408&h=240&yaw=354.1098&pitch=0&thumbfov=100",https://www.google.com/maps/search/?api=1&query=Hotel%20Sevens&query_place_id=ChIJT3siLhUbLxgR1ibj2cQnoFk,ChIJT3siLhUbLxgR1ibj2cQnoFk,False
Huafu Hotel,Hotel,"Marcus Garvey, Nairobi, Kenya",+254 724 171803,,,,,"https://www.google.com/maps/search/?api=1&query=Huafu%20Hotel&query_place_id=ChIJYYBXk6IQLxgRR-yRc7EwwfQ | https://www.google.com/maps/search/Hotel/@-1.296413588499247,36.78227498330685,16z?hl=en | https://lh3.googleusercontent.com/gps-cs-s/AHRPTWn2jfyiKKA2icRin-uoYqJKxLNaBkYaMve_hrzr5nctw_Q3izcpT3qBtr-RJihsoLkH2wjeiOhvVyJKQPnsANoLIWh1DFxDfCHS39yPwQQIX2I0tZtTnXYxw2kTFRae1wyomNBdUsi1N_vu=w408-h544-k-no",https://www.google.com/maps/search/?api=1&query=Huafu%20Hotel&query_place_id=ChIJYYBXk6IQLxgRR-yRc7EwwfQ,ChIJYYBXk6IQLxgRR-yRc7EwwfQ,False
Huber Ltd,Hotel,"Saachi Plaza, Argwings Kodhek Rd, Nairobi, Kenya",+254 722 584916,,,,,"https://www.google.com/maps/search/?api=1&query=Huber%20Ltd&query_place_id=ChIJyY7rqV0bLxgRkpY2z3Jvd-c | https://www.google.com/maps/search/Hotel/@-1.2896567666666667,36.785081999999996,17.002337623631117z?hl=en | https://streetviewpixels-pa.googleapis.com/v1/thumbnail?panoid=ndrgo_xjYapWcz5k8j_Eaw&cb_client=search.gws-prod.gps&w=408&h=240&yaw=10.022628&pitch=0&thumbfov=100",https://www.google.com/maps/search/?api=1&query=Huber%20Ltd&query_place_id=ChIJyY7rqV0bLxgRkpY2z3Jvd-c,ChIJyY7rqV0bLxgRkpY2z3Jvd-c,False
Hurlingham Hotel,Hotel,"1, Nairobi, Kenya",,,,,,"https://www.google.com/maps/search/?api=1&query=Hurlingham%20Hotel&query_place_id=ChIJY1Nf3bwQLxgRfrRIKkjOhzI | https://www.google.com/maps/search/Hotel/@-1.296413588499247,36.79946094992056,16z?hl=en | https://streetviewpixels-pa.googleapis.com/v1/thumbnail?panoid=KxgFZwgKh4YluCLrBVkv2w&cb_client=search.gws-prod.gps&w=408&h=240&yaw=34.80573&pitch=0&thumbfov=100",https://www.google.com/maps/search/?api=1&query=Hurlingham%20Hotel&query_place_id=ChIJY1Nf3bwQLxgRfrRIKkjOhzI,ChIJY1Nf3bwQLxgRfrRIKkjOhzI,False
IMANI HOTEL,Hotel,"Nairobi, Kenya",,,,,,"https://www.google.com/maps/search/?api=1&query=IMANI%20HOTEL&query_place_id=ChIJMV7NXUEaLxgRRnXJ8kVpbHU | https://www.google.com/maps/search/Hotel/@-1.296413588499247,36.76508901669314,16z?hl=en | https://streetviewpixels-pa.googleapis.com/v1/thumbnail?panoid=weNR4ydpkDXIF49E6kcQPw&cb_client=search.gws-prod.gps&w=408&h=240&yaw=76.898895&pitch=0&thumbfov=100",https://www.google.com/maps/search/?api=1&query=IMANI%20HOTEL&query_place_id=ChIJMV7NXUEaLxgRRnXJ8kVpbHU,ChIJMV7NXUEaLxgRRnXJ8kVpbHU,False
Jeru Salem Hotel,Hotel,"Nairobi, Kenya",,,,,,"https://www.google.com/maps/search/?api=1&query=Jeru%20Salem%20Hotel&query_place_id=ChIJfWxzGoQaLxgRXssN2JvTOlY | https://www.google.com/maps/search/Hotel/@-1.3135946628330823,36.78227498330685,16z?hl=en | https://streetviewpixels-pa.googleapis.com/v1/thumbnail?panoid=Qg2NeJ9ncO_aNi6pbR9Hmg&cb_client=search.gws-prod.gps&w=408&h=240&yaw=27.829681&pitch=0&thumbfov=100",https://www.google.com/maps/search/?api=1&query=Jeru%20Salem%20Hotel&query_place_id=ChIJfWxzGoQaLxgRXssN2JvTOlY,ChIJfWxzGoQaLxgRXssN2JvTOlY,False
JERUSALEM HOTEL,Hotel,"Nairobi, Kenya",,,,,,"https://www.google.com/maps/search/?api=1&query=JERUSALEM%20HOTEL&query_place_id=ChIJeehQvkYaLxgRS0C1wg26S5Y | https://www.google.com/maps/search/Hotel/@-1.296413588499247,36.74790305007943,16z?hl=en | https://streetviewpixels-pa.googleapis.com/v1/thumbnail?panoid=RTs2iWTwMyRcJVTSrpqkOg&cb_client=search.gws-prod.gps&w=408&h=240&yaw=56.679703&pitch=0&thumbfov=100",https://www.google.com/maps/search/?api=1&query=JERUSALEM%20HOTEL&query_place_id=ChIJeehQvkYaLxgRS0C1wg26S5Y,ChIJeehQvkYaLxgRS0C1wg26S5Y,False
Jirana Mwema Hotel,Hotel,"Nairobi, Kenya",,,,,,"https://www.google.com/maps/search/?api=1&query=Jirana%20Mwema%20Hotel&query_place_id=ChIJo2FxQ0EaLxgRKbk_52hBMzM | https://www.google.com/maps/search/Hotel/@-1.296413588499247,36.76508901669314,16z?hl=en | https://streetviewpixels-pa.googleapis.com/v1/thumbnail?panoid=64iVAyo76u4wGXKBUoDevA&cb_client=search.gws-prod.gps&w=408&h=240&yaw=51.70706&pitch=0&thumbfov=100",https://www.google.com/maps/search/?api=1&query=Jirana%20Mwema%20Hotel&query_place_id=ChIJo2FxQ0EaLxgRKbk_52hBMzM,ChIJo2FxQ0EaLxgRKbk_52hBMzM,False
Jojes bar and restaurant,Hotel,"Nairobi, Kenya",+254 705 658652,,,,,"https://www.google.com/maps/search/?api=1&query=Jojes%20bar%20and%20restaurant&query_place_id=ChIJKZCtIXcRLxgRfdqpeTb7ink | https://www.google.com/maps/search/restaurant/@-1.3135946628330823,36.78227498330685,16z?hl=en | https://streetviewpixels-pa.googleapis.com/v1/thumbnail?panoid=dmccLcA8rgnjzKhdgaFrug&cb_client=search.gws-prod.gps&w=408&h=240&yaw=320.56882&pitch=0&thumbfov=100",https://www.google.com/maps/search/?api=1&query=Jojes%20bar%20and%20restaurant&query_place_id=ChIJKZCtIXcRLxgRfdqpeTb7ink,ChIJKZCtIXcRLxgRfdqpeTb7ink,False
Joy Food Hotel,Hotel,"Nairobi, Kenya",,,,,,"https://www.google.com/maps/search/?api=1&query=Joy%20Food%20Hotel&query_place_id=ChIJQa5-RjsaLxgRZHr-ciIuXiY | https://www.google.com/maps/search/Hotel/@-1.296413588499247,36.76508901669314,16z?hl=en | https://streetviewpixels-pa.googleapis.com/v1/thumbnail?panoid=CqUJ8n9kBOjRcrD5NPb6CA&cb_client=search.gws-prod.gps&w=408&h=240&yaw=146.00662&pitch=0&thumbfov=100",https://www.google.com/maps/search/?api=1&query=Joy%20Food%20Hotel&query_place_id=ChIJQa5-RjsaLxgRZHr-ciIuXiY,ChIJQa5-RjsaLxgRZHr-ciIuXiY,False
Joy's Camp,Hotel,"MRH6+V4F, Nairobi, Kenya",+254 20 2027770,,,,,"https://www.google.com/maps/search/?api=1&query=Joy | https://www.google.com/maps/search/Hotel/@-1.3135946628330823,36.79946094992056,16z?hl=en | https://streetviewpixels-pa.googleapis.com/v1/thumbnail?panoid=l6wT97jlBAfgHZGiiw8QIw&cb_client=search.gws-prod.gps&w=408&h=240&yaw=142.7343&pitch=0&thumbfov=100",https://www.google.com/maps/search/?api=1&query=Joy's%20Camp&query_place_id=ChIJrecKN0YQLxgRZ6Eo6pfnZQE,ChIJrecKN0YQLxgRZ6Eo6pfnZQE,False
Jubico Hotel,Hotel,"PQ23+VJ4, Nairobi, Kenya",,,,,,"https://www.google.com/maps/search/?api=1&query=Jubico%20Hotel&query_place_id=ChIJryKwJEcaLxgR5Zx7rgj-_1A | https://www.google.com/maps/search/Hotel/@-1.296413588499247,36.76508901669314,16z?hl=en | https://streetviewpixels-pa.googleapis.com/v1/thumbnail?panoid=KsitX0AQiosR9hlMjDHapw&cb_client=search.gws-prod.gps&w=408&h=240&yaw=195.02429&pitch=0&thumbfov=100",https://www.google.com/maps/search/?api=1&query=Jubico%20Hotel&query_place_id=ChIJryKwJEcaLxgR5Zx7rgj-_1A,ChIJryKwJEcaLxgR5Zx7rgj-_1A,False
Jupiter Guest Resort Langata,Hotel,"MQ7G+F7H Jonathan Ngeno, Rd, Nairobi, Kenya",+254 789 300000,,,,,"https://www.google.com/travel/lodging/clk?pc=AA80OswERaFJOBnehOIQv1L0Mb03QgBwuNYdFomu7v-aiyqEVuySnKce6Cd-EbLgBpyVa4sQ8TjYW9fNKLuRpqVIwZItTOTyWuVuQlv5lKvW3Xk5UEKJvsn03bvQMdvVrIfr-MI1xbs6JPnzEHidP8dBlQKorFdSFMyxTknjEPofnbKw98J7xKqzFMb-FyNb_IRL2XAQLw&pcurl=https://www.booking.com/searchresults.en.html?dest_id%3D870516%26highlighted_hotels%3D870516%26dest_type%3Dhotel%26checkin%3D2026-09-19%26checkout%3D2026-09-20%26group_adults%3D2%26req_adults%3D2%26show_room%3D87051601_381900948_0_0_0%26lang%3Den%26selected_currency%3DUSD%26exrt%3D1.00000000%26ext_price_total%3D38.40%26ext_price_tax%3D0.00%26xfc%3DUSD%26hca%3Dm%26group_children%3D0%26req_children%3D0%26%26no_rooms%3D1%26ts%3D1789320980%26edgtid%3DwJy1-DKORQq-F3IAzmRwyQ%26efpc%3DOLQKOLQKLw%26utm_source%3Dmetagha%26utm_medium%3Dmapresults%26utm_campaign%3DUS%26utm_term%3Dhotel-870516%26utm_content%3Ddev-desktop_los-1_bw-5_dow-Saturday_defdate-1_room-0_gstadt-2_rateid-public_aud-0_gacid-_mcid-10_ppa-0_clrid-0_ad-0_gstkid-0_checkin-20260919_ppt-Cg%26aid%3D2127489%26label%3Dmetagha-link-MRUS-hotel-870516_dev-desktop_los-1_bw-5_dow-Saturday_defdate-1_room-0_gstadt-2_rateid-public_aud-0_gacid-_mcid-10_ppa-0_clrid-0_ad-0_gstkid-0_checkin-20260919_ppt-Cg&s=AD1XQnmlImPN8AQIfcf3hBROx2_J | https://www.booking.com/searchresults.en.html?dest_id=870516&highlighted_hotels=870516&dest_type=hotel&checkin=2026-09-19&checkout=2026-09-20&group_adults=2&req_adults=2&show_room=87051601_381900948_0_0_0&lang=en&selected_currency=USD&exrt=1.00000000&ext_price_total=38.40&ext_price_tax=0.00&xfc=USD&hca=m&group_children=0&req_children=0&&no_rooms=1&ts=1789320980&edgtid=wJy1-DKORQq-F3IAzmRwyQ&efpc=OLQKOLQKLw&utm_source=metagha&utm_medium=mapresults&utm_campaign=US&utm_term=hotel-870516&utm_content=dev-desktop_los-1_bw-5_dow-Saturday_defdate-1_room-0_gstadt-2_rateid-public_aud-0_gacid-_mcid-10_ppa-0_clrid-0_ad-0_gstkid-0_checkin-20260919_ppt-Cg&aid=2127489&label=metagha-link-MRUS-hotel-870516_dev-desktop_los-1_bw-5_dow-Saturday_defdate-1_room-0_gstadt-2_rateid-public_aud-0_gacid-_mcid-10_ppa-0_clrid-0_ad-0_gstkid-0_checkin-20260919_ppt-Cg | https://www.google.com/travel/lodging/clk?pc=AA80OszAGaH1HimGzByLXRzhDNad-I2bz2jp6AtwuZXAO2e0Ts74lXa2_NZL8i0iLMs16nSrePpIE0aqwbpGDMEIgbgzXuaC6R-1GkGXHESHHejZzebprZa_7SzcRBycIqlfg029kmCdUvX0z0KBjXVGjtsssz73c4CjAbwOEOO3azMgFAUWFQ&pcurl=https://www.wego.com/hotels/searches/NBO/2026-09-19/2026-09-20?guests%3D2%26wego_hotel_id%3D3084259%26bow_only%3Dtrue%26ts_code%3D2f2fc%26wg_source%3Dmeta_distribution%26wg_medium%3Dgha%26wg_campaign%3Dfbl%26wego_currency%3DUSD%26ulang%3Den%26wego_price%3DVVNEOjM4LjQ6MzcxZDRjYTJhNzlmODI4YWZjYjdhNzA1ZjY0MmI5NzhjYWNhODYwYWJhZTM4YjEzNzM1ZDk2NWFkYjQyZDkyZDpib29nbmlrNjlxc2E6MTc4OTMwNDkxMDpEOlVTOjFhOThmZjM2ZGZiNGVmMDA6MjowOnRydWU6dHJ1ZTpS%26provider%3DaG90ZWxzLndlZ28uY29t&s=AD1XQnl7NC30zAUHwEiFGXhqYkXZ | https://www.wego.com/hotels/searches/NBO/2026-09-19/2026-09-20?guests=2&wego_hotel_id=3084259&bow_only=true&ts_code=2f2fc&wg_source=meta_distribution&wg_medium=gha&wg_campaign=fbl&wego_currency=USD&ulang=en&wego_price=VVNEOjM4LjQ6MzcxZDRjYTJhNzlmODI4YWZjYjdhNzA1ZjY0MmI5NzhjYWNhODYwYWJhZTM4YjEzNzM1ZDk2NWFkYjQyZDkyZDpib29nbmlrNjlxc2E6MTc4OTMwNDkxMDpEOlVTOjFhOThmZjM2ZGZiNGVmMDA6MjowOnRydWU6dHJ1ZTpS&provider=aG90ZWxzLndlZ28uY29t | https://www.google.com/travel/lodging/clk?pc=AA80OszW8grmH8V7StC2m4L87c59sWoiaAOxswXTJl3uOhD62A6qjQUdLXNpOXv4jB-auIwzt7BPyb-aOhYdqEEXkAXcx71HOThRor-_SuenHfZLr9hympRFSBQcTb_J26rCD2bgcT1KGD8NIgtgHSdCeydOS5KsX_3_l_8-KbGel4S8gHddAaJbgmDOKw&pcurl=https://www.bluepillow.com/search/654d26bf3011da1e8b79e5ff?begin%3D2026-09-19%26end%3D2026-09-20%26block_id%3D-b,Hh9Ob6onvwgJRJ7_JxTR7mflTmFxkM4hoFVa7JMyTg8YTnlXcr-oAb-T5FCIl9RO,-bkng-Hotel%26fees%3D0.00%26tax%3D0.00%26total%3D38.40%26adults%3D2%26childs%3D0%26infants%3D0%26childrens%3D0%26country%3DUS%26currency%3DUSD%26language%3Den%26source%3Dmapresults%26utm_campaign%3Dhotel%26prid%3D&s=AD1XQnlgWmiVlCiLuQkrOkoOtN0X | https://www.bluepillow.com/search/654d26bf3011da1e8b79e5ff?begin=2026-09-19&end=2026-09-20&block_id=-b,Hh9Ob6onvwgJRJ7_JxTR7mflTmFxkM4hoFVa7JMyTg8YTnlXcr-oAb-T5FCIl9RO,-bkng-Hotel&fees=0.00&tax=0.00&total=38.40&adults=2&childs=0&infants=0&childrens=0&country=US&currency=USD&language=en&source=mapresults&utm_campaign=hotel&prid= | https://www.google.com/travel/lodging/clk?pc=AA80Osw_3Bd8JeVaXryqVz90QTjRiNSialmFd3F1PTnlAemRyEe7M5W2m2LTsO2EL1j4xUQFBa8tPysIPMVDegVy50FUCT45bRVHccV-s6k_GQtVAwWEi7D-uOKL5U08fACWE93b4tbIi4kHajdfPC8REHhvjpeG1U0GB4L1wJ3rQnAUbbD2ZMv0zagQshR7nBzj&pcurl=https://www.expedia.com/Hotel-Search?selected%3D44559165%26startDate%3D2026-09-19%26endDate%3D2026-09-20%26MDPCID%3DUS.META.HPA.HOTEL-ORGANIC-desktop.HOTEL%26MDPDTL%3DHTL.44559165.20260919.20260920.DDT.5.CID..AUDID..RRID.bex_us_desktop%26mctc%3D10%26ct%3Dhotel%26mpg%3DUSD%26mpf%3D56.70%26mpj%3D8.65%26mpr%3D0.00%26mpl%3DUSD%26exp_pg%3Dgoogle%26langid%3Den%26ad%3D2%26tp%3D%26utm_source%3Dgoogle%26utm_medium%3Dcpc%26utm_term%3D44559165%26utm_content%3Dmapresults%26utm_campaign%3DHotelAds%26langid%3D1033%26adults%3D2%26children%3D%26rrid%3Dbex_us_desktop%26rateplanid%3D284220201%26mpm%3D24%26mpn%3D219736403%26mpo%3DEC%26mpp%3D1&s=AD1XQnlu8vSsJYPj99Rjoe_JzXbB | https://www.expedia.com/Hotel-Search?selected=44559165&startDate=2026-09-19&endDate=2026-09-20&MDPCID=US.META.HPA.HOTEL-ORGANIC-desktop.HOTEL&MDPDTL=HTL.44559165.20260919.20260920.DDT.5.CID..AUDID..RRID.bex_us_desktop&mctc=10&ct=hotel&mpg=USD&mpf=56.70&mpj=8.65&mpr=0.00&mpl=USD&exp_pg=google&langid=en&ad=2&tp=&utm_source=google&utm_medium=cpc&utm_term=44559165&utm_content=mapresults&utm_campaign=HotelAds&langid=1033&adults=2&children=&rrid=bex_us_desktop&rateplanid=284220201&mpm=24&mpn=219736403&mpo=EC&mpp=1 | https://www.google.com/travel/lodging/clk?pc=AA80OswMr1Og1rHXkXas5mCoR1dJqGBrnSvYxids4jP_JopnvPgDkL44Ut5BiyoIpIONuxYrNxi6MYWDL7hiMBe_nuZ2QqD76B5N9XXw5wOWrYe-f54HI2G8Bp4kBeS4zc5bIwNHwkdNrS6Yqu4AdX3xsidN8qacB2OPoRmovoAO-qhl_DnsRgodohmcF-ZcQ44&pcurl=https://www.orbitz.com/Hotel-Search?selected%3D44559165%26startDate%3D2026-09-19%26endDate%3D2026-09-20%26adults%3D2%26children%3D%26MDPCID%3DORBITZ-US.META.HPA.ORGANIC-desktop.HOTEL%26MDPDTL%3Dhtl.44559165.20260919.20260920.DDT.5.CID..AUDID..mapresults%26mpg%3DUSD%26mpf%3D56.70%26mpj%3D8.65%26mpr%3D0.00%26mctc%3D10%26rateplanid%3D284220201%26mpm%3D24%26mpn%3D219736403%26mpo%3DEC%26mpp%3D1&s=AD1XQnl9UAEmsnJtB3R4r4TGFAa9 | https://www.orbitz.com/Hotel-Search?selected=44559165&startDate=2026-09-19&endDate=2026-09-20&adults=2&children=&MDPCID=ORBITZ-US.META.HPA.ORGANIC-desktop.HOTEL&MDPDTL=htl.44559165.20260919.20260920.DDT.5.CID..AUDID..mapresults&mpg=USD&mpf=56.70&mpj=8.65&mpr=0.00&mctc=10&rateplanid=284220201&mpm=24&mpn=219736403&mpo=EC&mpp=1 | https://www.google.com/travel/lodging/clk?pc=AA80Oszyl4ira_-fsvXhOX2K0T1C-Cv7tHnKs8NJa8wNwO73PuM1p1YxpH2y3F87WcYd20uUZwXEHjSMECYxa6TguF6S8TEiBR2iL3-6FbxtgZ0l4tgxDhN9fjM6EcAVQmhytOKWNeH9o2E4VqiV7pRKA7kdY-UD1WHBRCgd0C4sljwfRCnvipokpyqs1qpZcd_W&pcurl=https://www.travelocity.com/Hotel-Search?selected%3D44559165%26startDate%3D2026-09-19%26endDate%3D2026-09-20%26adults%3D2%26children%3D%26MDPCID%3Dtravelocity-US.META.HPA.ORGANIC.HOTEL%26MDPDTL%3DHTL.44559165.20260919.20260920.DDT.5.CID..AUDID..mapresults%26mpg%3DUSD%26mpf%3D56.70%26mpj%3D8.65%26mpr%3D0.00%26mctc%3D10%26rateplanid%3D284220201%26mpm%3D24%26mpn%3D219736403%26mpo%3DEC%26mpp%3D1&s=AD1XQnlKX5yIXBH1gG3Qoz-PZiIr | https://www.travelocity.com/Hotel-Search?selected=44559165&startDate=2026-09-19&endDate=2026-09-20&adults=2&children=&MDPCID=travelocity-US.META.HPA.ORGANIC.HOTEL&MDPDTL=HTL.44559165.20260919.20260920.DDT.5.CID..AUDID..mapresults&mpg=USD&mpf=56.70&mpj=8.65&mpr=0.00&mctc=10&rateplanid=284220201&mpm=24&mpn=219736403&mpo=EC&mpp=1 | https://www.google.com/travel/lodging/clk?pc=AA80Osyoi-yMFMDVIKy42OuaX_5rsTeEGSVl-0Maq_pwY2wI8iKX6rf0pyW1klGqdZgZt85mHSHT66flChURUTuHbl2em8Lz0DKGh5MNC56K1nrfiz7Wxh4UpflEJnQHsLc7br3MbKG1n1bud-nO2OJ5JI3os2QEjK4FkO3Die48SroRh7JmB21E-KXuwzhU7SktyA&pcurl=https://h-en.reserving.com/search?i%3D7103%26rf%3DGOOGLEHOTELS%26portal%3Drsvcom%26lang%3Den%26auto%3D1%26tipo%3DS%26id%3D1138771%26numero_habs%3D1%26no_adultos_hab1%3D2%26no_ninos_hab1%3D0%26fecha_entrada%3D19%252F09%252F2026%26fecha_salida%3D20%252F09%252F2026%26refp%3D56.55%26campaing-id%3D%26tp%3D%26moneda%3DUSD%26device%3Ddesktop%26pais_dom%3DUS%26sg%3Db%3D48.89,bhab%3D3,big%3D2026-09-17T20:00:00%2B02:00,bmid%3D95,bpd%3Des,bpt%3D7.46,breg%3D12,bwp%3DBxCrNVH9jww,ts%3D2026-09-14T07:00:32%2B02:00/B:CB288278A115D3A153A6452EBE01A8DB811487E926D7E2F1C46A1698%26c3%3Dmode%3DP,d%3D2,ts_id%3D362032754853262%26r%3DCAMPAIGN-ID%3D;TRACKING-PARAM%3D;CUSTOM1%3D;PRICE-DISPLAYED-TOTAL%3D56.55;DEFAULT-DATE%3D1;CLICK-TYPE%3Dhotel;USER-COUNTRY%3DUS;DEVICE%3Ddesktop;SITE%3Dmapresults;USER-LANGUAGE%3Den;USER-CURRENCY%3DUSD;POS%3DALL-ALL-ALL-RSVCOM;AD-CLICK%3D0;PAYMENT-ID%3Dfree;C2%3Db%3D48.89,bhab%3D3,big%3D2026-09-17T20:00:00%2B02:00,bmid%3D95,bpd%3Des,bpt%3D7.46,breg%3D12,bwp%3DBxCrNVH9jww,ts%3D2026-09-14T07:00:32%2B02:00/B:CB288278A115D3A153A6452EBE01A8DB811487E926D7E2F1C46A1698;C3%3Dmode%3DP,d%3D2,ts_id%3D362032754853262&s=AD1XQnnJSb4JD_ntddkuPBvfDrP9 | https://h-en.reserving.com/search?i=7103&rf=GOOGLEHOTELS&portal=rsvcom&lang=en&auto=1&tipo=S&id=1138771&numero_habs=1&no_adultos_hab1=2&no_ninos_hab1=0&fecha_entrada=19/09/2026&fecha_salida=20/09/2026&refp=56.55&campaing-id=&tp=&moneda=USD&device=desktop&pais_dom=US&sg=b=48.89,bhab=3,big=2026-09-17T20:00:00+02:00,bmid=95,bpd=es,bpt=7.46,breg=12,bwp=BxCrNVH9jww,ts=2026-09-14T07:00:32+02:00/B:CB288278A115D3A153A6452EBE01A8DB811487E926D7E2F1C46A1698&c3=mode=P,d=2,ts_id=362032754853262&r=CAMPAIGN-ID=;TRACKING-PARAM=;CUSTOM1=;PRICE-DISPLAYED-TOTAL=56.55;DEFAULT-DATE=1;CLICK-TYPE=hotel;USER-COUNTRY=US;DEVICE=desktop;SITE=mapresults;USER-LANGUAGE=en;USER-CURRENCY=USD;POS=ALL-ALL-ALL-RSVCOM;AD-CLICK=0;PAYMENT-ID=free;C2=b=48.89,bhab=3,big=2026-09-17T20:00:00+02:00,bmid=95,bpd=es,bpt=7.46,breg=12,bwp=BxCrNVH9jww,ts=2026-09-14T07:00:32+02:00/B:CB288278A115D3A153A6452EBE01A8DB811487E926D7E2F1C46A1698;C3=mode=P,d=2,ts_id=362032754853262 | https://www.google.com/travel/lodging/clk?pc=AA80Osx56oyO4zis0GWDHCAFAOkKZ1A6mUJa9TcJTGxHlAy0TrOOypyvY8WfQbDOmEIbCQvF3LRsjOCMb1X8uXKi_GF_sObVUzfmoX-hmj3np2ptxIRS4vbUOAkkObCUWuxfpDEq2rLy3hW8sMm8an2sWQRevsgnDyroq34X30dwlUf9Sc90Y4LxfogwOUZjXaFxEEPyeEM&pcurl=https://www.cheaptickets.com/Hotel-Search?selected%3D44559165%26startDate%3D2026-09-19%26endDate%3D2026-09-20%26MDPCID%3DCHEAPTICKETS-US.META.HPA.ORGANIC-desktop.HOTEL%26langid%3D1033%26adults%3D2%26children%3D%26MDPDTL%3Dhtl.44559165.20260919.20260920.DDT.5.CID..AUDID..mapresults%26mpg%3DUSD%26mpf%3D56.70%26mpj%3D8.65%26mpr%3D0.00%26mctc%3D10%26rateplanid%3D284220201%26rateplanid%3D284220201%26mpm%3D24%26mpn%3D219736403%26mpo%3DEC%26mpp%3D1&s=AD1XQnmzIkUpg09LxUNyiNTV4Gwm | https://www.cheaptickets.com/Hotel-Search?selected=44559165&startDate=2026-09-19&endDate=2026-09-20&MDPCID=CHEAPTICKETS-US.META.HPA.ORGANIC-desktop.HOTEL&langid=1033&adults=2&children=&MDPDTL=htl.44559165.20260919.20260920.DDT.5.CID..AUDID..mapresults&mpg=USD&mpf=56.70&mpj=8.65&mpr=0.00&mctc=10&rateplanid=284220201&rateplanid=284220201&mpm=24&mpn=219736403&mpo=EC&mpp=1 | https://www.google.com/travel/lodging/clk?pc=AA80OszAi-0sJlwvvs7dXEO3VrDCSzrzSpsvuDH4cSmz-5zezrnH2kMg6nDLAiamIdhHwrLUy-AzZCH18cBYZNnYIVyXWgqmsed4OdVPkRU1vnI2kUnEJPzeeMfIIE_AUBQm-8dsqDBKk3Y7NNonVX3S_48PK0vJGZ1ia7vmkEpOaDJiMUG4Dtc_c4NwZtUQUGk&pcurl=https://www.hotels.com/Hotel-Search?selected%3D44559165%26startDate%3D2026-09-19%26endDate%3D2026-09-20%26mdpcid%3DHCOM-US.META.HPA.HOTEL-ORGANIC-desktop.HOTEL%26MDPDTL%3DHTL.44559165.20260919.20260920.DDT.5.CID..AUDID.%26adults%3D2%26children%3D%26mctc%3D10%26mpf%3D56.70%26mpg%3DUSD%26mpl%3DUSD%26mpj%3D8.65%26mpr%3D0.00%26rffrid%3Dsem.hcom.US.156.024.mapresults.02.desktop-1.kwrd%3DGGMETA.44559165USen-20260919-D-ABW%3D5-camp%3D-aud%3D-N%26rateplanid%3D284220201%26mpm%3D24%26mpn%3D219736403%26mpo%3DEC%26mpp%3D1%26locale%3Den_US%26siteid%3D300000001&s=AD1XQnkzGE2IeKf2bxi34nXNGH9n | https://www.hotels.com/Hotel-Search?selected=44559165&startDate=2026-09-19&endDate=2026-09-20&mdpcid=HCOM-US.META.HPA.HOTEL-ORGANIC-desktop.HOTEL&MDPDTL=HTL.44559165.20260919.20260920.DDT.5.CID..AUDID.&adults=2&children=&mctc=10&mpf=56.70&mpg=USD&mpl=USD&mpj=8.65&mpr=0.00&rffrid=sem.hcom.US.156.024.mapresults.02.desktop-1.kwrd=GGMETA.44559165USen-20260919-D-ABW=5-camp=-aud=-N&rateplanid=284220201&mpm=24&mpn=219736403&mpo=EC&mpp=1&locale=en_US&siteid=300000001 | https://www.google.com/travel/lodging/clk?pc=AA80OsytjT0sMEV3B2b4R397BwJFE9OGvBt0V6q_92BfMtEsYJSPsXd5mdeqn2YqJN8pyerUn_1JUfnBfMU2xOM0-ppaS1Pi7LtRIwkIuwT50NBNyhMKrLIappiFDvH3gIHp0NXkLRy4PFaW6YJ2qhrXHiXd4eRBIn1xs59izQHoR6DdABtCRCZP&pcurl=https://accommodation.edreams.net/Hotel-Search?selected%3D44559165%26startDate%3D2026-09-19%26endDate%3D2026-09-20%26adults%3D2%26children%3D%26mpf%3D56.70%26cur%3DUSD%26mpj%3D8.65%26MDPCID%3DeDreams-US.DPS.Edreams.MetaSearch-GHA.HOTEL%26mpl%3DUSD%26numberOfRooms%3D1%26locale%3Den_US%26rffrid%3Dh4p.hcom.US.ghaodigeo.000.000.kwrd%3D%26pos%3DEDREAMS_US%26rateplanid%3D284220201%26mctc%3D10%26utm_medium%3Dmetasearch%26utm_campaign%3D1426893280%26utm_term%3Dhotel%26utm_source%3DFREEBOOKING&s=AD1XQnmPdkEdCKiYRBX2oqmrzRH4 | https://accommodation.edreams.net/Hotel-Search?selected=44559165&startDate=2026-09-19&endDate=2026-09-20&adults=2&children=&mpf=56.70&cur=USD&mpj=8.65&MDPCID=eDreams-US.DPS.Edreams.MetaSearch-GHA.HOTEL&mpl=USD&numberOfRooms=1&locale=en_US&rffrid=h4p.hcom.US.ghaodigeo.000.000.kwrd=&pos=EDREAMS_US&rateplanid=284220201&mctc=10&utm_medium=metasearch&utm_campaign=1426893280&utm_term=hotel&utm_source=FREEBOOKING",https://www.google.com/maps/search/?api=1&query=Jupiter%20Guest%20Resort%20Langata&query_place_id=ChIJn5_WOq8aLxgRqngSf1wU2Bo,ChIJn5_WOq8aLxgRqngSf1wU2Bo,False
Kabarnet Superhighways Hotel,Hotel,"MQWQ+M5V, Joseph Kangethe Rd, Nairobi, Kenya",,,,,,"https://www.google.com/maps/search/?api=1&query=Kabarnet%20Superhighways%20Hotel&query_place_id=ChIJGxwgUpsQLxgR40WQSiEnjLQ | https://www.google.com/maps/search/Hotel/@-1.296413588499247,36.78227498330685,16z?hl=en | https://streetviewpixels-pa.googleapis.com/v1/thumbnail?panoid=rRE0Md39KQPLALPyPcv35A&cb_client=search.gws-prod.gps&w=408&h=240&yaw=338.0306&pitch=0&thumbfov=100",https://www.google.com/maps/search/?api=1&query=Kabarnet%20Superhighways%20Hotel&query_place_id=ChIJGxwgUpsQLxgR40WQSiEnjLQ,ChIJGxwgUpsQLxgR40WQSiEnjLQ,False
Kanini Kaseo Hotel,Hotel,"MPXV+383, Nairobi, Kenya",,,,,,"https://www.google.com/maps/search/?api=1&query=Kanini%20Kaseo%20Hotel&query_place_id=ChIJDarLzE0aLxgRiGodTWHIu7o | https://www.google.com/maps/search/Hotel/@-1.296413588499247,36.74790305007943,16z?hl=en | https://streetviewpixels-pa.googleapis.com/v1/thumbnail?panoid=0UxEeUGueCiAZYpzhiCU1g&cb_client=search.gws-prod.gps&w=408&h=240&yaw=320.68066&pitch=0&thumbfov=100",https://www.google.com/maps/search/?api=1&query=Kanini%20Kaseo%20Hotel&query_place_id=ChIJDarLzE0aLxgRiGodTWHIu7o,ChIJDarLzE0aLxgRiGodTWHIu7o,False
Kanish Hotel,Hotel,"MQQG+GF7, Nairobi, Kenya",,,,,,"https://www.google.com/maps/search/?api=1&query=Kanish%20Hotel&query_place_id=ChIJ2bx2_H0aLxgRYDlxNhYgoX8 | https://www.google.com/maps/search/Hotel/@-1.3135946628330823,36.78227498330685,16z?hl=en | https://streetviewpixels-pa.googleapis.com/v1/thumbnail?panoid=04rVqVqNrCHGBqjnQRMvvw&cb_client=search.gws-prod.gps&w=408&h=240&yaw=174.32515&pitch=0&thumbfov=100",https://www.google.com/maps/search/?api=1&query=Kanish%20Hotel&query_place_id=ChIJ2bx2_H0aLxgRYDlxNhYgoX8,ChIJ2bx2_H0aLxgRYDlxNhYgoX8,False
Kemawa Hotel,Hotel,"Kenyatta Market, Kenyatta Market Mbagathi Rd, Nairobi, Kenya",+254 726 133888,,,,,"https://www.google.com/maps/search/?api=1&query=Kemawa%20Hotel&query_place_id=ChIJGQ-ShIwQLxgRnZjWzLXAlAo | https://www.google.com/maps/search/Hotel/@-1.3135946628330823,36.79946094992056,16z?hl=en | https://lh3.googleusercontent.com/gps-proxy/ALd4DhHoGvrBXrOBkFv1obCNtxJ2S0I5oSj7GBxSFDJav_JRfd9kEpbvKBiRbsEZ2yl0Dvi_M62-qDSsm3_yyIFr2Y07F5yw2ybsMot-bFWTOQw8XmCBeyA1zXQ48vVQ-_-na4KoftI6NKCcrimOAekZaCAVeBrg8rWykPFDn7ySZe-wey9hErBbe8quEm_dxFi1kGY2Zck=w426-h240-k-no",https://www.google.com/maps/search/?api=1&query=Kemawa%20Hotel&query_place_id=ChIJGQ-ShIwQLxgRnZjWzLXAlAo,ChIJGQ-ShIwQLxgRnZjWzLXAlAo,False
Kenya hotel directory,Hotel,"2nd Floor Sunny Heights, Hamisi Rd, North, Kenya",+254 722 315070,,,,,"https://www.google.com/maps/search/?api=1&query=Kenya%20hotel%20directory&query_place_id=ChIJd5vtLB8bLxgR4ZmN2Y9SElI | https://www.google.com/maps/search/Hotel/@-1.2792325141654115,36.78227498330685,16z?hl=en | https://streetviewpixels-pa.googleapis.com/v1/thumbnail?panoid=E7L4VpQ7M7GkSN2zF9gyBg&cb_client=search.gws-prod.gps&w=408&h=240&yaw=286.34174&pitch=0&thumbfov=100",https://www.google.com/maps/search/?api=1&query=Kenya%20hotel%20directory&query_place_id=ChIJd5vtLB8bLxgR4ZmN2Y9SElI,ChIJd5vtLB8bLxgR4ZmN2Y9SElI,False
Kevs Grill Hotel,Hotel,"330, Nairobi, Kenya",,,,,,"https://www.google.com/maps/search/?api=1&query=Kevs%20Grill%20Hotel&query_place_id=ChIJVzuRriQaLxgRSnco-00KFgI | https://www.google.com/maps/search/Hotel/@-1.296413588499247,36.74790305007943,16z?hl=en | https://streetviewpixels-pa.googleapis.com/v1/thumbnail?panoid=UDNjfo0PkxX_1qlox7HboA&cb_client=search.gws-prod.gps&w=408&h=240&yaw=297.37305&pitch=0&thumbfov=100",https://www.google.com/maps/search/?api=1&query=Kevs%20Grill%20Hotel&query_place_id=ChIJVzuRriQaLxgRSnco-00KFgI,ChIJVzuRriQaLxgRSnco-00KFgI,False
Kilimani View,Hotel,"PQ58+FWW, Angelica Apartments, Hendred Rd, Jamhuri Park, Kenya",+254 700 850447,,,,,"https://www.google.com/maps/search/?api=1&query=Kilimani%20View&query_place_id=ChIJbdfLew4aLxgRtZB9Ts2yNt4 | https://www.google.com/maps/search/Hotel/@-1.291119,36.7678194,17.002336794277646z?hl=en",https://www.google.com/maps/search/?api=1&query=Kilimani%20View&query_place_id=ChIJbdfLew4aLxgRtZB9Ts2yNt4,ChIJbdfLew4aLxgRtZB9Ts2yNt4,False
Kilimanjaro Lodge,Hotel,"Kilimanjaro Hse, Eastleigh North, General Waruingi St, Nairobi, Kenya",+254 722 690222,,,,,"https://www.google.com/maps/search/?api=1&query=Kilimanjaro%20Lodge&query_place_id=ChIJY6HzjzwRLxgRnjbrhi2c2Kk | https://www.google.com/maps/search/Hotel/@-1.3135946628330823,36.79946094992056,16z?hl=en",https://www.google.com/maps/search/?api=1&query=Kilimanjaro%20Lodge&query_place_id=ChIJY6HzjzwRLxgRnjbrhi2c2Kk,ChIJY6HzjzwRLxgRnjbrhi2c2Kk,False
KIRETON HOTEL,Hotel,"MRR6+FP4, Ole-Sangale Link Rd, Nairobi, Kenya",,,,,,"https://www.google.com/maps/search/?api=1&query=KIRETON%20HOTEL&query_place_id=ChIJ_6XDAPcQLxgRjOvI7rkm3oI | https://www.google.com/maps/search/Hotel/@-1.3135946628330823,36.81664691653427,16z?hl=en | https://streetviewpixels-pa.googleapis.com/v1/thumbnail?panoid=cl6mBNvFrV1lsHa3AShZLw&cb_client=search.gws-prod.gps&w=408&h=240&yaw=330.32916&pitch=0&thumbfov=100",https://www.google.com/maps/search/?api=1&query=KIRETON%20HOTEL&query_place_id=ChIJ_6XDAPcQLxgRjOvI7rkm3oI,ChIJ_6XDAPcQLxgRjOvI7rkm3oI,False
KNIGHTS HOTEL,Hotel,"MRV2+JGC, Mtongwe Rd, Nairobi, Kenya",,,,,,"https://www.google.com/maps/search/?api=1&query=KNIGHTS%20HOTEL&query_place_id=ChIJ07dw8YwQLxgRrntMIrh_NCw | https://www.google.com/maps/search/Hotel/@-1.3135946628330823,36.79946094992056,16z?hl=en | https://streetviewpixels-pa.googleapis.com/v1/thumbnail?panoid=IvMFvCmTzYzOQdkcZAcvIQ&cb_client=search.gws-prod.gps&w=408&h=240&yaw=308.3817&pitch=0&thumbfov=100",https://www.google.com/maps/search/?api=1&query=KNIGHTS%20HOTEL&query_place_id=ChIJ07dw8YwQLxgRrntMIrh_NCw,ChIJ07dw8YwQLxgRrntMIrh_NCw,False
KNIGHTY HOTEL,Hotel,"Nairobi, Kenya",,,,,,"https://www.google.com/maps/search/?api=1&query=KNIGHTY%20HOTEL&query_place_id=ChIJ72zbjIYQLxgRBwpaG_LkpXU | https://www.google.com/maps/search/Hotel/@-1.3135946628330823,36.78227498330685,16z?hl=en | https://streetviewpixels-pa.googleapis.com/v1/thumbnail?panoid=FM2_fiyn5T5s_dHsmShg4A&cb_client=search.gws-prod.gps&w=408&h=240&yaw=254.28935&pitch=0&thumbfov=100",https://www.google.com/maps/search/?api=1&query=KNIGHTY%20HOTEL&query_place_id=ChIJ72zbjIYQLxgRBwpaG_LkpXU,ChIJ72zbjIYQLxgRBwpaG_LkpXU,False
Kyaka Wakasyonguma Hotel,Hotel,"MPWR+QQQ, Nairobi, Kenya",,,,,,"https://www.google.com/maps/search/?api=1&query=Kyaka%20Wakasyonguma%20Hotel&query_place_id=ChIJ9cbbuk0aLxgRcb2Ysna7Odk | https://www.google.com/maps/search/Hotel/@-1.296413588499247,36.73071708346572,16z?hl=en | https://streetviewpixels-pa.googleapis.com/v1/thumbnail?panoid=vZ7T3RvgJ5TzJ_SBAX5yAw&cb_client=search.gws-prod.gps&w=408&h=240&yaw=183.5539&pitch=0&thumbfov=100",https://www.google.com/maps/search/?api=1&query=Kyaka%20Wakasyonguma%20Hotel&query_place_id=ChIJ9cbbuk0aLxgRcb2Ysna7Odk,ChIJ9cbbuk0aLxgRcb2Ysna7Odk,False
Laikera Vacation Rental & Serviced Apartments,Hotel,"PQ3H+GQG, Muringa Rd, Nairobi, Kenya",,,,,,"https://www.google.com/maps/search/?api=1&query=Laikera%20Vacation%20Rental%20%26%20Serviced%20Apartments&query_place_id=ChIJgXlxKXUaLxgRVS1ZnCyyPow | https://www.google.com/maps/search/Hotel/@-1.299256,36.77716,17.002332161939876z?hl=en | https://lh3.googleusercontent.com/gps-cs-s/AHRPTWkR5pCXwvl8FctuDZQvzqMOpifClkzO3z-uv9krJBRWN3jIiBD3IepRZ7THhcwvLwc4O0dC-__ypnnhuctx8ex7cLDcOxUWYEGvzGTg_9y8Qh-WUvzRBV88xCKcarRJx6vlo1nt7w=w408-h380-k-no",https://www.google.com/maps/search/?api=1&query=Laikera%20Vacation%20Rental%20%26%20Serviced%20Apartments&query_place_id=ChIJgXlxKXUaLxgRVS1ZnCyyPow,ChIJgXlxKXUaLxgRVS1ZnCyyPow,False
"Langata ,wayahiaki way",Hotel,"MQ7G+F7H, Langata Rd, Nairobi, Kenya",,,,,,"https://www.google.com/maps/search/?api=1&query=Langata%20%2Cwayahiaki%20way&query_place_id=ChIJg7m2WwAbLxgRUc0Fi-h1RWU | https://www.google.com/maps/search/Hotel/@-1.3307757371669178,36.78227498330685,16z?hl=en | https://streetviewpixels-pa.googleapis.com/v1/thumbnail?panoid=Erv5Fx_okD6oxJZQEyO3WA&cb_client=search.gws-prod.gps&w=408&h=240&yaw=233.61055&pitch=0&thumbfov=100",https://www.google.com/maps/search/?api=1&query=Langata%20%2Cwayahiaki%20way&query_place_id=ChIJg7m2WwAbLxgRUc0Fi-h1RWU,ChIJg7m2WwAbLxgRUc0Fi-h1RWU,False
Letty's hotel,Hotel,"Nairobi, Kenya",+254 793 820002,,,,,"https://www.google.com/maps/search/?api=1&query=Letty | https://www.google.com/maps/search/Hotel/@-1.3135946628330823,36.78227498330685,16z?hl=en | https://streetviewpixels-pa.googleapis.com/v1/thumbnail?panoid=dmccLcA8rgnjzKhdgaFrug&cb_client=search.gws-prod.gps&w=408&h=240&yaw=343.4315&pitch=0&thumbfov=100",https://www.google.com/maps/search/?api=1&query=Letty's%20hotel&query_place_id=ChIJr0SikzARLxgR3INuf6TdtT8,ChIJr0SikzARLxgR3INuf6TdtT8,False
Lulu Homes at Smart Home,Hotel,"PQ3P+PJJ, Wood Ave, Nairobi, Kenya",+254 733 280000,,,,,"https://www.google.com/maps/search/?api=1&query=Lulu%20Homes%20at%20Smart%20Home&query_place_id=ChIJCaL74qEQLxgROl_21ZGfkf8 | https://www.google.com/maps/search/Hotel/@-1.29814652,36.7892868,17.00233279527329z?hl=en | https://streetviewpixels-pa.googleapis.com/v1/thumbnail?panoid=0x-1jBcdcWxq8YrChkOiCA&cb_client=search.gws-prod.gps&w=408&h=240&yaw=98.64869&pitch=0&thumbfov=100",https://www.google.com/maps/search/?api=1&query=Lulu%20Homes%20at%20Smart%20Home&query_place_id=ChIJCaL74qEQLxgROl_21ZGfkf8,ChIJCaL74qEQLxgROl_21ZGfkf8,False
Luxe Bohemian by Yourhost,Hotel,"PQ5P+M6H, Wood Ave, Nairobi, Kenya",+254 745 556740,,,,,"https://www.google.com/maps/search/?api=1&query=Luxe%20Bohemian%20by%20Yourhost&query_place_id=ChIJJYl46aYQLxgRhS4EDFL-8jo | https://www.google.com/maps/search/Hotel/@-1.2903779499999999,36.7896402,17.00233721470589z?hl=en | https://images.trvl-media.com/lodging/97000000/96980000/96972600/96972507/f08246d6_z.jpg",https://www.google.com/maps/search/?api=1&query=Luxe%20Bohemian%20by%20Yourhost&query_place_id=ChIJJYl46aYQLxgRhS4EDFL-8jo,ChIJJYl46aYQLxgRhS4EDFL-8jo,False
M-Jess Hotel,Hotel,"Nairobi, Kenya",,,,,,"https://www.google.com/maps/search/?api=1&query=M-Jess%20Hotel&query_place_id=ChIJffGimYAaLxgRFzJJBcaBS6s | https://www.google.com/maps/search/Hotel/@-1.3135946628330823,36.76508901669314,16z?hl=en | https://streetviewpixels-pa.googleapis.com/v1/thumbnail?panoid=MkFNDL_BWKQBQiiUKoIvCg&cb_client=search.gws-prod.gps&w=408&h=240&yaw=244.59145&pitch=0&thumbfov=100",https://www.google.com/maps/search/?api=1&query=M-Jess%20Hotel&query_place_id=ChIJffGimYAaLxgRFzJJBcaBS6s,ChIJffGimYAaLxgRFzJJBcaBS6s,False
Ma'moda Hotel,Hotel,"Nairobi, Kenya",,,,,,"https://www.google.com/maps/search/?api=1&query=Ma | https://www.google.com/maps/search/Hotel/@-1.3135946628330823,36.78227498330685,16z?hl=en | https://streetviewpixels-pa.googleapis.com/v1/thumbnail?panoid=zvA3k_lk3ARsS7YBd-mZEw&cb_client=search.gws-prod.gps&w=408&h=240&yaw=261.8246&pitch=0&thumbfov=100",https://www.google.com/maps/search/?api=1&query=Ma'moda%20Hotel&query_place_id=ChIJ5aSJCoQQLxgRLHmy9RGR4Qk,ChIJ5aSJCoQQLxgRLHmy9RGR4Qk,False
Magharibi Hotel,Hotel,"PQ86+C4J, Amboseli Rd, Nairobi, Kenya",,,,,,"https://www.google.com/maps/search/?api=1&query=Magharibi%20Hotel&query_place_id=ChIJedZM4iEaLxgRo4woahOooHw | https://www.google.com/maps/search/Hotel/@-1.2792325141654115,36.74790305007943,16z?hl=en | https://streetviewpixels-pa.googleapis.com/v1/thumbnail?panoid=exRwZW87G2IivNawFP6MLw&cb_client=search.gws-prod.gps&w=408&h=240&yaw=51.000843&pitch=0&thumbfov=100",https://www.google.com/maps/search/?api=1&query=Magharibi%20Hotel&query_place_id=ChIJedZM4iEaLxgRo4woahOooHw,ChIJedZM4iEaLxgRo4woahOooHw,False
MAMA DOTA HOTEL,Hotel,"Nairobi, Kenya",,,,,,"https://www.google.com/maps/search/?api=1&query=MAMA%20DOTA%20HOTEL&query_place_id=ChIJAwKXroAaLxgR_T91UZPGEl4 | https://www.google.com/maps/search/Hotel/@-1.3135946628330823,36.76508901669314,16z?hl=en | https://streetviewpixels-pa.googleapis.com/v1/thumbnail?panoid=N47-dLoBIdmYAW5YIVLBVw&cb_client=search.gws-prod.gps&w=408&h=240&yaw=204.46985&pitch=0&thumbfov=100",https://www.google.com/maps/search/?api=1&query=MAMA%20DOTA%20HOTEL&query_place_id=ChIJAwKXroAaLxgR_T91UZPGEl4,ChIJAwKXroAaLxgR_T91UZPGEl4,False
MAMA MOUREEN'S HOTEL,Hotel,"MQPR+GC6, Sheikh Mahmoud Rd, Nairobi, Kenya",,,,,,"https://www.google.com/maps/search/?api=1&query=MAMA%20MOUREEN | https://www.google.com/maps/search/Hotel/@-1.3135946628330823,36.78227498330685,16z?hl=en | https://streetviewpixels-pa.googleapis.com/v1/thumbnail?panoid=xPPCER-NxxGpvIC_o4TteA&cb_client=search.gws-prod.gps&w=408&h=240&yaw=192.1527&pitch=0&thumbfov=100",https://www.google.com/maps/search/?api=1&query=MAMA%20MOUREEN'S%20HOTEL&query_place_id=ChIJK4RR73wQLxgR_tqZ5wwOxBA,ChIJK4RR73wQLxgR_tqZ5wwOxBA,False
MAMA QUEEN HOTEL,Hotel,"Nairobi, Kenya",,,,,,"https://www.google.com/maps/search/?api=1&query=MAMA%20QUEEN%20HOTEL&query_place_id=ChIJYVjYoYYaLxgR3HbOuPW_nXs | https://www.google.com/maps/search/Hotel/@-1.3135946628330823,36.76508901669314,16z?hl=en | https://streetviewpixels-pa.googleapis.com/v1/thumbnail?panoid=jpEjySuJjjlWqCBMkjhl9w&cb_client=search.gws-prod.gps&w=408&h=240&yaw=283.7393&pitch=0&thumbfov=100",https://www.google.com/maps/search/?api=1&query=MAMA%20QUEEN%20HOTEL&query_place_id=ChIJYVjYoYYaLxgR3HbOuPW_nXs,ChIJYVjYoYYaLxgR3HbOuPW_nXs,False
Mama Regina Hotel,Hotel,"MQQG+42P, Nairobi, Kenya",,,,,,"https://www.google.com/maps/search/?api=1&query=Mama%20Regina%20Hotel&query_place_id=ChIJK0H9a4caLxgR-8Ky8pKKoog | https://www.google.com/maps/search/Hotel/@-1.3135946628330823,36.76508901669314,16z?hl=en | https://streetviewpixels-pa.googleapis.com/v1/thumbnail?panoid=V4HPwVFGJ8kiCaSk2Rb5gg&cb_client=search.gws-prod.gps&w=408&h=240&yaw=156.57133&pitch=0&thumbfov=100",https://www.google.com/maps/search/?api=1&query=Mama%20Regina%20Hotel&query_place_id=ChIJK0H9a4caLxgR-8Ky8pKKoog,ChIJK0H9a4caLxgR-8Ky8pKKoog,False
MAMA TIMO HOTEL,Hotel,"MQQP+MXF, Sheikh Mahmoud Rd, Nairobi, Kenya",,,,,,"https://www.google.com/maps/search/?api=1&query=MAMA%20TIMO%20HOTEL&query_place_id=ChIJ3XNfTYcQLxgRlhLB6hXDagU | https://www.google.com/maps/search/Hotel/@-1.3135946628330823,36.78227498330685,16z?hl=en | https://streetviewpixels-pa.googleapis.com/v1/thumbnail?panoid=_WyF_fcV7k3KxAiaCVAzrg&cb_client=search.gws-prod.gps&w=408&h=240&yaw=54.3496&pitch=0&thumbfov=100",https://www.google.com/maps/search/?api=1&query=MAMA%20TIMO%20HOTEL&query_place_id=ChIJ3XNfTYcQLxgRlhLB6hXDagU,ChIJ3XNfTYcQLxgRlhLB6hXDagU,False
Mama Winnie hotel,Hotel,"00099, Kenya",+254 794 237079,,,,,"https://www.google.com/maps/search/?api=1&query=Mama%20Winnie%20hotel&query_place_id=ChIJ3Trv68URLxgRvfGroqKmKd8 | https://www.google.com/maps/search/Hotel/@-1.3135946628330823,36.78227498330685,16z?hl=en | https://lh3.googleusercontent.com/gps-cs-s/AHRPTWkpjzTbP--lOJ_034auyVzuRQGz5tlvGB3meGeJoGmO9ZZXHEFoaKMvKD0TkLHX2XrFalXPU78lSeVAuBJXiBmY2RwAaxI66V2DcEaOZlDod7ZPBN9M1lLYL5QtHjq4K5RX2S6sSw=w408-h852-k-no",https://www.google.com/maps/search/?api=1&query=Mama%20Winnie%20hotel&query_place_id=ChIJ3Trv68URLxgRvfGroqKmKd8,ChIJ3Trv68URLxgRvfGroqKmKd8,False
MAMATASHIL HOTEL,Hotel,"Nairobi, Kenya",,,,,,"https://www.google.com/maps/search/?api=1&query=MAMATASHIL%20HOTEL&query_place_id=ChIJCWdLiH0aLxgROmsl6WUCKTc | https://www.google.com/maps/search/Hotel/@-1.3135946628330823,36.78227498330685,16z?hl=en | https://streetviewpixels-pa.googleapis.com/v1/thumbnail?panoid=80rOIc8NuSAR-7MqsJOunQ&cb_client=search.gws-prod.gps&w=408&h=240&yaw=238.6937&pitch=0&thumbfov=100",https://www.google.com/maps/search/?api=1&query=MAMATASHIL%20HOTEL&query_place_id=ChIJCWdLiH0aLxgROmsl6WUCKTc,ChIJCWdLiH0aLxgROmsl6WUCKTc,False
Meltonia Luxury Suites,Hotel,"Kindaruma Rd, Nairobi, Kenya",+254 727 539846,,,,,"https://www.google.com/maps/search/?api=1&query=Meltonia%20Luxury%20Suites&query_place_id=ChIJOT2JpWsRLxgREgJr9FXm2gU | https://www.google.com/maps/search/Hotel/@-1.296413588499247,36.78227498330685,16z?hl=en | https://images.trvl-media.com/lodging/7000000/6330000/6325500/6325477/62ed0d85_z.jpg",https://www.google.com/maps/search/?api=1&query=Meltonia%20Luxury%20Suites&query_place_id=ChIJOT2JpWsRLxgREgJr9FXm2gU,ChIJOT2JpWsRLxgREgJr9FXm2gU,False
Methodist Guest House and Conference Center,Hotel,"Nairobi, Kenya",,,,,,"https://www.google.com/maps/search/?api=1&query=Methodist%20Guest%20House%20and%20Conference%20Center&query_place_id=ChIJBTytyQkaLxgRLVaBwKsHQgE | https://www.google.com/maps/search/Hotel/@-1.296413588499247,36.78227498330685,16z?hl=en | https://cdn.worldota.net/t/1024x768/content/15/05/1505abd5e0a2a5d9f0bd590df658b5a6a318cd9f.jpeg",https://www.google.com/maps/search/?api=1&query=Methodist%20Guest%20House%20and%20Conference%20Center&query_place_id=ChIJBTytyQkaLxgRLVaBwKsHQgE,ChIJBTytyQkaLxgRLVaBwKsHQgE,False
Miami Hotel,Hotel,"MPWR+WXC, Nairobi, Kenya",,,,,,"https://www.google.com/maps/search/?api=1&query=Miami%20Hotel&query_place_id=ChIJqekIsU0aLxgRWCXdZUFehS4 | https://www.google.com/maps/search/Hotel/@-1.296413588499247,36.73071708346572,16z?hl=en | https://streetviewpixels-pa.googleapis.com/v1/thumbnail?panoid=tW5W8BY4vwTTQ9oXUrpwmQ&cb_client=search.gws-prod.gps&w=408&h=240&yaw=192.32806&pitch=0&thumbfov=100",https://www.google.com/maps/search/?api=1&query=Miami%20Hotel&query_place_id=ChIJqekIsU0aLxgRWCXdZUFehS4,ChIJqekIsU0aLxgRWCXdZUFehS4,False
MLACHAKE HOTEL,Hotel,"Nairobi, Kenya",,,,,,"https://www.google.com/maps/search/?api=1&query=MLACHAKE%20HOTEL&query_place_id=ChIJT2_1z2MQLxgRw4kA7CMFRwk | https://www.google.com/maps/search/Hotel/@-1.3135946628330823,36.79946094992056,16z?hl=en | https://streetviewpixels-pa.googleapis.com/v1/thumbnail?panoid=yOjI3tAv_vamTGNOk32iVQ&cb_client=search.gws-prod.gps&w=408&h=240&yaw=94.78885&pitch=0&thumbfov=100",https://www.google.com/maps/search/?api=1&query=MLACHAKE%20HOTEL&query_place_id=ChIJT2_1z2MQLxgRw4kA7CMFRwk,ChIJT2_1z2MQLxgRw4kA7CMFRwk,False
Momahamed,Hotel,"MQXJ+M63 Adams Arcade, Ngong Rd, Nairobi, Kenya",,,,,,"https://www.google.com/maps/search/?api=1&query=Momahamed&query_place_id=ChIJ5dvGAwAbLxgRObT0c42mMis | https://www.google.com/maps/search/Hotel/@-1.3011517,36.7847816,17.00233107854971z?hl=en",https://www.google.com/maps/search/?api=1&query=Momahamed&query_place_id=ChIJ5dvGAwAbLxgRObT0c42mMis,ChIJ5dvGAwAbLxgRObT0c42mMis,False
Moonlight Hotel,Hotel,"Nairobi, Kenya",+254 758 959410,,,,,"https://www.google.com/maps/search/?api=1&query=Moonlight%20Hotel&query_place_id=ChIJ19NJRoYbLxgRfnaM5Hps15w | https://www.google.com/maps/search/Hotel/@-1.2792325141654115,36.78227498330685,16z?hl=en | https://lh3.googleusercontent.com/gps-cs-s/AHRPTWl-6heKOWszksmrj0L17jBVN2QsGqAW_7jK4mprb8sbhdzflcRWvrAlM9cauSXF09bRnlYuXxDWyu5X0xPFEBxuVoLG6b-520ilw4p8-RTvBktBTsiBfIvfU80OSG2VBCFCKJVk=w408-h272-k-no",https://www.google.com/maps/search/?api=1&query=Moonlight%20Hotel&query_place_id=ChIJ19NJRoYbLxgRfnaM5Hps15w,ChIJ19NJRoYbLxgRfnaM5Hps15w,False
Motherland Hotel,Hotel,"MQQG+G3R, Kibera Dr, Nairobi City, Kenya",,,,,,"https://www.google.com/maps/search/?api=1&query=Motherland%20Hotel&query_place_id=ChIJpcJDjX0aLxgRHUVVSEcA1e8 | https://www.google.com/maps/search/Hotel/@-1.3135946628330823,36.78227498330685,16z?hl=en | https://streetviewpixels-pa.googleapis.com/v1/thumbnail?panoid=yvsZwaQ8gQnsyF1vQK7jtg&cb_client=search.gws-prod.gps&w=408&h=240&yaw=170.2924&pitch=0&thumbfov=100",https://www.google.com/maps/search/?api=1&query=Motherland%20Hotel&query_place_id=ChIJpcJDjX0aLxgRHUVVSEcA1e8,ChIJpcJDjX0aLxgRHUVVSEcA1e8,False
Moto Moco Hotel Winny,Hotel,"MPWW+XP3, Igiria.Kirui Rd, Nairobi, Kenya",,,,,,"https://www.google.com/maps/search/?api=1&query=Moto%20Moco%20Hotel%20Winny&query_place_id=ChIJB20OU04aLxgRd6YHfBhh8SQ | https://www.google.com/maps/search/Hotel/@-1.296413588499247,36.74790305007943,16z?hl=en | https://streetviewpixels-pa.googleapis.com/v1/thumbnail?panoid=jPyDkBtGp9Lhss_eQ7T4og&cb_client=search.gws-prod.gps&w=408&h=240&yaw=87.42967&pitch=0&thumbfov=100",https://www.google.com/maps/search/?api=1&query=Moto%20Moco%20Hotel%20Winny&query_place_id=ChIJB20OU04aLxgRd6YHfBhh8SQ,ChIJB20OU04aLxgRd6YHfBhh8SQ,False
Mrembo Hotel,Hotel,"MQMX+V3J, Nairobi, Kenya",,,,,,"https://www.google.com/maps/search/?api=1&query=Mrembo%20Hotel&query_place_id=ChIJu7z9A2QQLxgR0iCuY5mKFC0 | https://www.google.com/maps/search/Hotel/@-1.3135946628330823,36.79946094992056,16z?hl=en | https://streetviewpixels-pa.googleapis.com/v1/thumbnail?panoid=3OLS5BN0S28TwtC0Xm22tQ&cb_client=search.gws-prod.gps&w=408&h=240&yaw=19.551361&pitch=0&thumbfov=100",https://www.google.com/maps/search/?api=1&query=Mrembo%20Hotel&query_place_id=ChIJu7z9A2QQLxgR0iCuY5mKFC0,ChIJu7z9A2QQLxgR0iCuY5mKFC0,False
Muenis Mini Hotel,Hotel,"MQRJ+PP4, Kibera Dr, Nairobi City, Kenya",,,,,,"https://www.google.com/maps/search/?api=1&query=Muenis%20Mini%20Hotel&query_place_id=ChIJ3xnXWH8aLxgRu7004bZahbw | https://www.google.com/maps/search/Hotel/@-1.3135946628330823,36.78227498330685,16z?hl=en | https://streetviewpixels-pa.googleapis.com/v1/thumbnail?panoid=LBrrFvW0kGzznnAP2Rw8oQ&cb_client=search.gws-prod.gps&w=408&h=240&yaw=156.79765&pitch=0&thumbfov=100",https://www.google.com/maps/search/?api=1&query=Muenis%20Mini%20Hotel&query_place_id=ChIJ3xnXWH8aLxgRu7004bZahbw,ChIJ3xnXWH8aLxgRu7004bZahbw,False
Mulosafi Hotel,Hotel,"Nairobi, Kenya",,,,,,"https://www.google.com/maps/search/?api=1&query=Mulosafi%20Hotel&query_place_id=ChIJQfTzOX8QLxgRd-w0XJUEzC4 | https://www.google.com/maps/search/Hotel/@-1.3135946628330823,36.78227498330685,16z?hl=en | https://streetviewpixels-pa.googleapis.com/v1/thumbnail?panoid=xOvHV6C_PPDsZTOxKVodFw&cb_client=search.gws-prod.gps&w=408&h=240&yaw=237.05766&pitch=0&thumbfov=100",https://www.google.com/maps/search/?api=1&query=Mulosafi%20Hotel&query_place_id=ChIJQfTzOX8QLxgRd-w0XJUEzC4,ChIJQfTzOX8QLxgRd-w0XJUEzC4,False
MUM DIJO'S HOTEL,Hotel,"PQ62+H35, Coast Rd, Nairobi, Kenya",,,,,,"https://www.google.com/maps/search/?api=1&query=MUM%20DIJO | https://www.google.com/maps/search/Hotel/@-1.296413588499247,36.74790305007943,16z?hl=en | https://streetviewpixels-pa.googleapis.com/v1/thumbnail?panoid=Ji5GNHjA8ed5EMZAcRl6xQ&cb_client=search.gws-prod.gps&w=408&h=240&yaw=278.75406&pitch=0&thumbfov=100",https://www.google.com/maps/search/?api=1&query=MUM%20DIJO'S%20HOTEL&query_place_id=ChIJN1-tUiUaLxgRdan3_EcGLVQ,ChIJN1-tUiUaLxgRdan3_EcGLVQ,False
Mum Karim Hotel,Hotel,"MQQJ+V8Q, Karanja Rd, Nairobi, Kenya",,,,,,"https://www.google.com/maps/search/?api=1&query=Mum%20Karim%20Hotel&query_place_id=ChIJ1XtolH8aLxgREk_wP8DIfKk | https://www.google.com/maps/search/Hotel/@-1.3135946628330823,36.78227498330685,16z?hl=en | https://streetviewpixels-pa.googleapis.com/v1/thumbnail?panoid=I4TgMZhoViNhH7lqhc-FnA&cb_client=search.gws-prod.gps&w=408&h=240&yaw=227.70438&pitch=0&thumbfov=100",https://www.google.com/maps/search/?api=1&query=Mum%20Karim%20Hotel&query_place_id=ChIJ1XtolH8aLxgREk_wP8DIfKk,ChIJ1XtolH8aLxgREk_wP8DIfKk,False
MWANGAZA HOTEL,Hotel,"MQPX+R86, Nairobi, Kenya",,,,,,"https://www.google.com/maps/search/?api=1&query=MWANGAZA%20HOTEL&query_place_id=ChIJ4yRTgGEQLxgRADeKte2glqI | https://www.google.com/maps/search/Hotel/@-1.3135946628330823,36.79946094992056,16z?hl=en",https://www.google.com/maps/search/?api=1&query=MWANGAZA%20HOTEL&query_place_id=ChIJ4yRTgGEQLxgRADeKte2glqI,ChIJ4yRTgGEQLxgRADeKte2glqI,False
Nairobi Luxury Suites,Hotel,"PQ3Q+X25, Nairobi, Kenya",+254 722 526996,,,,,"https://www.google.com/maps/search/?api=1&query=Nairobi%20Luxury%20Suites&query_place_id=ChIJ-7RrHKIQLxgRZuoJE3JtjCQ | https://www.google.com/maps/search/Hotel/@-1.29814652,36.7892868,17.00233279527329z?hl=en | https://cdn.worldota.net/t/1024x768/content/76/ae/76ae9e0d95303bf5bee18c7028f187c439dc51aa.JPEG",https://www.google.com/maps/search/?api=1&query=Nairobi%20Luxury%20Suites&query_place_id=ChIJ-7RrHKIQLxgRZuoJE3JtjCQ,ChIJ-7RrHKIQLxgRZuoJE3JtjCQ,False
Ndemi Place,Hotel,"Ndemi close, Kenya",+254 720 226860,,,,,"https://www.google.com/maps/search/?api=1&query=Ndemi%20Place&query_place_id=ChIJNeokh3MaLxgRNY4vtJL7Ky8 | https://www.google.com/maps/search/Hotel/@-1.296413588499247,36.78227498330685,16z?hl=en | https://lh3.googleusercontent.com/gps-cs-s/AHRPTWmle0K7dVg0agS5pgs6VpX20Xi5x97K4etpO_LS81Rb30qJOXOEtmwpdmnAzkDc_sxdF6xV3G_6vQC4XfU7PIZeWQJd6RYnpx2KxJYe5nn0yWssjzOW_JrSGqrhLTyX_lJXPsw=w408-h544-k-no",https://www.google.com/maps/search/?api=1&query=Ndemi%20Place&query_place_id=ChIJNeokh3MaLxgRNY4vtJL7Ky8,ChIJNeokh3MaLxgRNY4vtJL7Ky8,False
NEEMA HOTEL,Hotel,"MPWQ+X3Q, Wambiri Rd, Nairobi, Kenya",,,,,,"https://www.google.com/maps/search/?api=1&query=NEEMA%20HOTEL&query_place_id=ChIJ7w4c37IbLxgRhWvb333KT3U | https://www.google.com/maps/search/Hotel/@-1.296413588499247,36.73071708346572,16z?hl=en | https://streetviewpixels-pa.googleapis.com/v1/thumbnail?panoid=Mr39C7uHLBJKnShuybmP1w&cb_client=search.gws-prod.gps&w=408&h=240&yaw=306.24152&pitch=0&thumbfov=100",https://www.google.com/maps/search/?api=1&query=NEEMA%20HOTEL&query_place_id=ChIJ7w4c37IbLxgRhWvb333KT3U,ChIJ7w4c37IbLxgRhWvb333KT3U,False
New Dafam Budget Hotel &Safaris,Hotel,"MRW2+PVP, Red Cross Road Next to madina mosque , opposite Assembly of God church, Nairobi, Kenya",+254 788 019941,,,,,"https://www.google.com/maps/search/?api=1&query=New%20Dafam%20Budget%20Hotel%20%26Safaris&query_place_id=ChIJoXnNoZIQLxgRuZkUSvcP1uM | https://www.google.com/maps/search/Hotel/@-1.296413588499247,36.81664691653427,16z?hl=en | https://streetviewpixels-pa.googleapis.com/v1/thumbnail?panoid=0LrMElkPIWY4P6ixVPdq3g&cb_client=search.gws-prod.gps&w=408&h=240&yaw=151.64496&pitch=0&thumbfov=100",https://www.google.com/maps/search/?api=1&query=New%20Dafam%20Budget%20Hotel%20%26Safaris&query_place_id=ChIJoXnNoZIQLxgRuZkUSvcP1uM,ChIJoXnNoZIQLxgRuZkUSvcP1uM,False
New Hotel Apartment,Hotel,"PQ2M+9R5, Nairobi, Kenya",,,,,,"https://www.google.com/maps/search/?api=1&query=New%20Hotel%20Apartment&query_place_id=ChIJTWdGc7oRLxgRYusp4mPcXzM | https://www.google.com/maps/search/Hotel/@-1.296413588499247,36.78227498330685,16z?hl=en | https://streetviewpixels-pa.googleapis.com/v1/thumbnail?panoid=GK9si1VHjOVAUdpDiVFlwA&cb_client=search.gws-prod.gps&w=408&h=240&yaw=85.06288&pitch=0&thumbfov=100",https://www.google.com/maps/search/?api=1&query=New%20Hotel%20Apartment&query_place_id=ChIJTWdGc7oRLxgRYusp4mPcXzM,ChIJTWdGc7oRLxgRYusp4mPcXzM,False
Nyakinyua Road Apartments,Hotel,"PP5R+VV2, Nairobi, Kenya",,,,,,"https://www.google.com/maps/search/?api=1&query=Nyakinyua%20Road%20Apartments&query_place_id=ChIJ8_KxP-MbLxgRKFWKTLjUJn0 | https://www.google.com/maps/search/Hotel/@-1.296413588499247,36.73071708346572,16z?hl=en | https://streetviewpixels-pa.googleapis.com/v1/thumbnail?panoid=dpvbkShfOEv8CWhp9cMP8g&cb_client=search.gws-prod.gps&w=408&h=240&yaw=200.76848&pitch=0&thumbfov=100",https://www.google.com/maps/search/?api=1&query=Nyakinyua%20Road%20Apartments&query_place_id=ChIJ8_KxP-MbLxgRKFWKTLjUJn0,ChIJ8_KxP-MbLxgRKFWKTLjUJn0,False
NYAR KODONGO FOODSTAR HOTEL,Hotel,"Nairobi, Kenya",,,,,,"https://www.google.com/maps/search/?api=1&query=NYAR%20KODONGO%20FOODSTAR%20HOTEL&query_place_id=ChIJX1A5WX4aLxgRw6Nzf27y480 | https://www.google.com/maps/search/Hotel/@-1.3135946628330823,36.76508901669314,16z?hl=en | https://streetviewpixels-pa.googleapis.com/v1/thumbnail?panoid=yEuo5tLEZHtFd4qFTEdL6g&cb_client=search.gws-prod.gps&w=408&h=240&yaw=263.2408&pitch=0&thumbfov=100",https://www.google.com/maps/search/?api=1&query=NYAR%20KODONGO%20FOODSTAR%20HOTEL&query_place_id=ChIJX1A5WX4aLxgRw6Nzf27y480,ChIJX1A5WX4aLxgRw6Nzf27y480,False
Nyaseme Hotel,Hotel,"Nairobi, Kenya",,,,,,"https://www.google.com/maps/search/?api=1&query=Nyaseme%20Hotel&query_place_id=ChIJn7zkjXwaLxgReDn2qjWmJOc | https://www.google.com/maps/search/Hotel/@-1.3135946628330823,36.78227498330685,16z?hl=en | https://streetviewpixels-pa.googleapis.com/v1/thumbnail?panoid=f23E3pdIcmc81Pt8PXLz5Q&cb_client=search.gws-prod.gps&w=408&h=240&yaw=79.350746&pitch=0&thumbfov=100",https://www.google.com/maps/search/?api=1&query=Nyaseme%20Hotel&query_place_id=ChIJn7zkjXwaLxgReDn2qjWmJOc,ChIJn7zkjXwaLxgReDn2qjWmJOc,False
O'Sinkirri,Hotel,"Ring Rd Kilimani, Nairobi, Kenya",,,,,,"https://www.google.com/maps/search/?api=1&query=O | https://www.google.com/maps/search/Hotel/@-1.2792325141654115,36.78227498330685,16z?hl=en | https://lh3.googleusercontent.com/gps-cs-s/AHRPTWnI7XgkdLDaAziiUE_H21P-63SDf5ggMpftTdjQU9N-YM3Loct1Yq9XpMRaVNlKEFEDBjWrziu1JwPrHDdSzHUwu3KuaHSgidoo1xEFeGLulUSj3RpC2ykvidM73-n-Kp4NCB2s=w408-h260-k-no",https://www.google.com/maps/search/?api=1&query=O'Sinkirri&query_place_id=ChIJ0eiDG6YQLxgRAq6Qc3IjCKE,ChIJ0eiDG6YQLxgRAq6Qc3IjCKE,False
Ole Dume Serviced Apartments Hotel,Hotel,"Ole Odume Road, Nairobi, Kenya",+254 20 2610020,,,,,"https://www.google.com/maps/search/?api=1&query=Ole%20Dume%20Serviced%20Apartments%20Hotel&query_place_id=ChIJgchE5vsbLxgRycYQJkeRn0Y | https://www.google.com/maps/search/Hotel/@-1.296413588499247,36.78227498330685,16z?hl=en | https://dynamic-media-cdn.tripadvisor.com/media/photo-o/03/af/d4/4b/ole-dume-serviced-apartments.jpg?w=1900&h=1400&s=1",https://www.google.com/maps/search/?api=1&query=Ole%20Dume%20Serviced%20Apartments%20Hotel&query_place_id=ChIJgchE5vsbLxgRycYQJkeRn0Y,ChIJgchE5vsbLxgRycYQJkeRn0Y,False
PACIFES HOTEL,Hotel,"Nairobi, Kenya",,,,,,"https://www.google.com/maps/search/?api=1&query=PACIFES%20HOTEL&query_place_id=ChIJL91C6oAaLxgRmDbjkL4BjEI | https://www.google.com/maps/search/Hotel/@-1.3135946628330823,36.78227498330685,16z?hl=en | https://streetviewpixels-pa.googleapis.com/v1/thumbnail?panoid=z_AKiP2kr0uk9n1DJn-lQw&cb_client=search.gws-prod.gps&w=408&h=240&yaw=107.14792&pitch=0&thumbfov=100",https://www.google.com/maps/search/?api=1&query=PACIFES%20HOTEL&query_place_id=ChIJL91C6oAaLxgRmDbjkL4BjEI,ChIJL91C6oAaLxgRmDbjkL4BjEI,False
Pagikas Hotel,Hotel,"MQRM+JJ7, Nairobi, Kenya",,,,,,"https://www.google.com/maps/search/?api=1&query=Pagikas%20Hotel&query_place_id=ChIJs_CfooEQLxgRzIKJFnLmCw4 | https://www.google.com/maps/search/Hotel/@-1.3135946628330823,36.78227498330685,16z?hl=en | https://streetviewpixels-pa.googleapis.com/v1/thumbnail?panoid=HXO-5cJyAO2ye8ypavOW9w&cb_client=search.gws-prod.gps&w=408&h=240&yaw=258.87054&pitch=0&thumbfov=100",https://www.google.com/maps/search/?api=1&query=Pagikas%20Hotel&query_place_id=ChIJs_CfooEQLxgRzIKJFnLmCw4,ChIJs_CfooEQLxgRzIKJFnLmCw4,False
Palm Valley Guest House,Hotel,"Kunde Rd, Nairobi, Kenya",,,,,,"https://www.google.com/maps/search/?api=1&query=Palm%20Valley%20Guest%20House&query_place_id=ChIJp4rB0kIbLxgRIpEq2N-99SY | https://www.google.com/maps/search/Hotel/@-1.296413588499247,36.78227498330685,16z?hl=en | https://lh3.googleusercontent.com/gps-cs-s/AHRPTWlcMVligVEvd8l1tNmy7w3MAyj4qLA2yxtTeA6wgvnIOzEayQ6UJU5DtUvgjNg396TBWtQoNwrBmWu5GswjQLtl2u3H-DA1Pwob7dia550t1tNCwo8Z5Y2CQ44U5Av0wr3Vui4=w408-h306-k-no",https://www.google.com/maps/search/?api=1&query=Palm%20Valley%20Guest%20House&query_place_id=ChIJp4rB0kIbLxgRIpEq2N-99SY,ChIJp4rB0kIbLxgRIpEq2N-99SY,False
Pambo Hotel,Hotel,"MQRM+JJ8, Nairobi, Kenya",+254 722 757591,,,,,"https://www.google.com/maps/search/?api=1&query=Pambo%20Hotel&query_place_id=ChIJ25DcfrkRLxgRhAdYD1czt1s | https://www.google.com/maps/search/Hotel/@-1.3135946628330823,36.78227498330685,16z?hl=en | https://streetviewpixels-pa.googleapis.com/v1/thumbnail?panoid=5_oPIeu_99H87NweTqjztA&cb_client=search.gws-prod.gps&w=408&h=240&yaw=202.84674&pitch=0&thumbfov=100",https://www.google.com/maps/search/?api=1&query=Pambo%20Hotel&query_place_id=ChIJ25DcfrkRLxgRhAdYD1czt1s,ChIJ25DcfrkRLxgRhAdYD1czt1s,False
"PAZ Guesthouse Nairobi , Kileleshwa",Hotel,"Junction Nyeri Rd, Mwingi rd, Kenya",+254 791 499880,,,,,"https://www.google.com/maps/search/?api=1&query=PAZ%20Guesthouse%20Nairobi%20%2C%20Kileleshwa&query_place_id=ChIJMaEVmbsbLxgRnebF46_Q45w | https://www.google.com/maps/search/Hotel/@-1.2792325141654115,36.78227498330685,16z?hl=en | https://lh3.googleusercontent.com/gps-cs-s/AHRPTWkNLsIf7gDzOYXb0c9WXnDmnjiP78UJiVEiXCQY4mhIn0biCcUoh6DkglaJDJTHnv8yFWx6_KoJeBhUuHj7V1RruW2JAMyQczaQD7i5eMH-jabGNFvGiDKWmR79uibBZnBi2nJ_=w428-h240-k-no",https://www.google.com/maps/search/?api=1&query=PAZ%20Guesthouse%20Nairobi%20%2C%20Kileleshwa&query_place_id=ChIJMaEVmbsbLxgRnebF46_Q45w,ChIJMaEVmbsbLxgRnebF46_Q45w,False
Peace Hotel,Hotel,"Nairobi, Kenya",,,,,,"https://www.google.com/maps/search/?api=1&query=Peace%20Hotel&query_place_id=ChIJFbiFU2QQLxgRpMxd_VWegZo | https://www.google.com/maps/search/Hotel/@-1.3135946628330823,36.78227498330685,16z?hl=en | https://streetviewpixels-pa.googleapis.com/v1/thumbnail?panoid=0KjZXhYHVrVzqUiH8UQQbg&cb_client=search.gws-prod.gps&w=408&h=240&yaw=352.9271&pitch=0&thumbfov=100",https://www.google.com/maps/search/?api=1&query=Peace%20Hotel&query_place_id=ChIJFbiFU2QQLxgRpMxd_VWegZo,ChIJFbiFU2QQLxgRpMxd_VWegZo,False
PESH HOTEL,Hotel,"Nairobi, Kenya",,,,,,"https://www.google.com/maps/search/?api=1&query=PESH%20HOTEL&query_place_id=ChIJ7yLwTzYaLxgRhmUYcPpVS9I | https://www.google.com/maps/search/Hotel/@-1.296413588499247,36.74790305007943,16z?hl=en | https://streetviewpixels-pa.googleapis.com/v1/thumbnail?panoid=eJjZIcQzEJY-CDJHN5uUgg&cb_client=search.gws-prod.gps&w=408&h=240&yaw=336.2599&pitch=0&thumbfov=100",https://www.google.com/maps/search/?api=1&query=PESH%20HOTEL&query_place_id=ChIJ7yLwTzYaLxgRhmUYcPpVS9I,ChIJ7yLwTzYaLxgRhmUYcPpVS9I,False
Proposed Edifice Hotel,Hotel,"PQ4P+PQH, Nairobi, Kenya",,,,,,"https://www.google.com/maps/search/?api=1&query=Proposed%20Edifice%20Hotel&query_place_id=ChIJq5R8ZKEQLxgRX6Qx2laZkp0 | https://www.google.com/maps/search/Hotel/@-1.296413588499247,36.78227498330685,16z?hl=en | https://lh3.googleusercontent.com/gps-cs-s/AHRPTWm6zLbKpbFLWchoUppQ_eDQscpbLBPbHUmXhxWoH3XemOOQ67BUXQfpIYIrHWuA61Gs-9soviAeQQHLaN0JGKDPVYnagqRMJjVl9M9f1DhiXq0ZXzFriE_Bbgq1ZTtSHXRJL2gvjLm13DLE=w408-h544-k-no",https://www.google.com/maps/search/?api=1&query=Proposed%20Edifice%20Hotel&query_place_id=ChIJq5R8ZKEQLxgRX6Qx2laZkp0,ChIJq5R8ZKEQLxgRX6Qx2laZkp0,False
Pwani Dishes Hotel,Hotel,"MQPQ+QQW, Sheikh Mahmoud Rd, Nairobi, Kenya",,,,,,"https://www.google.com/maps/search/?api=1&query=Pwani%20Dishes%20Hotel&query_place_id=ChIJ3V_ErX0QLxgROrVDwY_7Zp4 | https://www.google.com/maps/search/Hotel/@-1.3135946628330823,36.78227498330685,16z?hl=en | https://streetviewpixels-pa.googleapis.com/v1/thumbnail?panoid=6-wuHH1wWJRG05f0I_uW_g&cb_client=search.gws-prod.gps&w=408&h=240&yaw=190.57373&pitch=0&thumbfov=100",https://www.google.com/maps/search/?api=1&query=Pwani%20Dishes%20Hotel&query_place_id=ChIJ3V_ErX0QLxgROrVDwY_7Zp4,ChIJ3V_ErX0QLxgROrVDwY_7Zp4,False
Ramogi Bbi Hotel,Hotel,"Nairobi, Kenya",,,,,,"https://www.google.com/maps/search/?api=1&query=Ramogi%20Bbi%20Hotel&query_place_id=ChIJfwTHa2YQLxgRjK0j-Y87K7I | https://www.google.com/maps/search/Hotel/@-1.3135946628330823,36.79946094992056,16z?hl=en | https://streetviewpixels-pa.googleapis.com/v1/thumbnail?panoid=VOSjskYXPh-0WpiKJ1ibxg&cb_client=search.gws-prod.gps&w=408&h=240&yaw=294.0418&pitch=0&thumbfov=100",https://www.google.com/maps/search/?api=1&query=Ramogi%20Bbi%20Hotel&query_place_id=ChIJfwTHa2YQLxgRjK0j-Y87K7I,ChIJfwTHa2YQLxgRjK0j-Y87K7I,False
REGINALEE DISHES HOTEL,Hotel,"PR44+F98, Ralph Bunche Rd, Nairobi, Kenya",,,,,,"https://www.google.com/maps/search/?api=1&query=REGINALEE%20DISHES%20HOTEL&query_place_id=ChIJR7CwU8AQLxgR7YmdgMUxWYc | https://www.google.com/maps/search/Hotel/@-1.296413588499247,36.81664691653427,16z?hl=en | https://streetviewpixels-pa.googleapis.com/v1/thumbnail?panoid=DZ5jV_4L4HEFTpyuvzFMgw&cb_client=search.gws-prod.gps&w=408&h=240&yaw=60.844418&pitch=0&thumbfov=100",https://www.google.com/maps/search/?api=1&query=REGINALEE%20DISHES%20HOTEL&query_place_id=ChIJR7CwU8AQLxgR7YmdgMUxWYc,ChIJR7CwU8AQLxgR7YmdgMUxWYc,False
Rick Precious Cafe And Milk Bar,Hotel,"PP6V+HWP, Gathuru Rd, Nairobi, Kenya",+254 720 447095,,,,,"https://www.google.com/maps/search/?api=1&query=Rick%20Precious%20Cafe%20And%20Milk%20Bar&query_place_id=ChIJc1wkAy4aLxgRUEMsqm1k_JM | https://www.google.com/maps/search/Hotel/@-1.296413588499247,36.73071708346572,16z?hl=en | https://streetviewpixels-pa.googleapis.com/v1/thumbnail?panoid=Uh-5c_TLE51HUeRDr2mm_w&cb_client=search.gws-prod.gps&w=408&h=240&yaw=18.080761&pitch=0&thumbfov=100",https://www.google.com/maps/search/?api=1&query=Rick%20Precious%20Cafe%20And%20Milk%20Bar&query_place_id=ChIJc1wkAy4aLxgRUEMsqm1k_JM,ChIJc1wkAy4aLxgRUEMsqm1k_JM,False
Ricks Hotel,Hotel,"PP6V+HXC, Nairobi, Kenya",,,,,,"https://www.google.com/maps/search/?api=1&query=Ricks%20Hotel&query_place_id=ChIJaxo4Ci4aLxgRFb-MNe7Yscs | https://www.google.com/maps/search/Hotel/@-1.296413588499247,36.73071708346572,16z?hl=en | https://streetviewpixels-pa.googleapis.com/v1/thumbnail?panoid=Uh-5c_TLE51HUeRDr2mm_w&cb_client=search.gws-prod.gps&w=408&h=240&yaw=52.526398&pitch=0&thumbfov=100",https://www.google.com/maps/search/?api=1&query=Ricks%20Hotel&query_place_id=ChIJaxo4Ci4aLxgRFb-MNe7Yscs,ChIJaxo4Ci4aLxgRFb-MNe7Yscs,False
Rolf's Place,Hotel,"MRV2+76G, 115 Mtongwe Rd, Nairobi, Kenya",+254 55 55555 ext. 0,,,,,"https://www.google.com/maps/search/?api=1&query=Rolf | https://www.google.com/maps/search/Hotel/@-1.3135946628330823,36.79946094992056,16z?hl=en | https://lh3.googleusercontent.com/gps-cs-s/AHRPTWkNqbJw0td2tUW6mkfBrn2NSTRgJnkQVmQbr5yCeFaqLCj_btWy_tXwVW1NzDxKN5gONNm5iK88NM72OFmSSIB1AiM9EXBHXQptIDI8L2QFiWRThb4XDr6HhohCVyKRC1RGcxTm=w408-h544-k-no",https://www.google.com/maps/search/?api=1&query=Rolf's%20Place&query_place_id=ChIJjym9e4wQLxgRwZ723refzO8,ChIJjym9e4wQLxgRwZ723refzO8,False
Salmiya Place Hotel NBO,Hotel,"PQ59+H44, Nairobi, Kenya",,,,,,"https://www.google.com/maps/search/?api=1&query=Salmiya%20Place%20Hotel%20NBO&query_place_id=ChIJDaNtDREaLxgRwWUZKJ0_sB8 | https://www.google.com/maps/search/Hotel/@-1.296413588499247,36.78227498330685,16z?hl=en | http://q-xx.bstatic.com/xdata/images/hotel/max500/88652280.jpg?k=1ad4069d47498133fd8c8119befbdb4df29f92df58d962613bb4116724a58678&o=",https://www.google.com/maps/search/?api=1&query=Salmiya%20Place%20Hotel%20NBO&query_place_id=ChIJDaNtDREaLxgRwWUZKJ0_sB8,ChIJDaNtDREaLxgRwWUZKJ0_sB8,False
Salome hotel,Hotel,"Maco 4Road, Nairobi, Kenya",,,,,,"https://www.google.com/maps/search/?api=1&query=Salome%20hotel&query_place_id=ChIJo56CfUURLxgRjTqXqpd8HkM | https://www.google.com/maps/search/Hotel/@-1.3135946628330823,36.79946094992056,16z?hl=en | https://lh3.googleusercontent.com/gps-cs-s/AHRPTWlRZSxBrazrndlvtGWyqpY-g8D-i6RwYmvWEYRE8uxFlZgJQQyZ8vArWQn5WHMaUXJXXfD1q7cTMyVdVnXZKfABL1Rg1xoBiLXzUIyAyQ7EQhMLQ7R_ma62PTuMqdNT580lfTqIAXDJkPsq=w408-h407-k-no",https://www.google.com/maps/search/?api=1&query=Salome%20hotel&query_place_id=ChIJo56CfUURLxgRjTqXqpd8HkM,ChIJo56CfUURLxgRjTqXqpd8HkM,False
Samurai Suites,Hotel,"Argwings Kodhek Rd, Nairobi, Kenya",,,,,,"https://www.google.com/maps/search/?api=1&query=Samurai%20Suites&query_place_id=ChIJ-xJ-Br0QLxgRtz61UoHRp44 | https://www.google.com/maps/search/Hotel/@-1.29814652,36.7892868,17.00233279527329z?hl=en | https://streetviewpixels-pa.googleapis.com/v1/thumbnail?panoid=QA_fVtOAoNAlCgaFpAr16Q&cb_client=search.gws-prod.gps&w=408&h=240&yaw=177.18837&pitch=0&thumbfov=100",https://www.google.com/maps/search/?api=1&query=Samurai%20Suites&query_place_id=ChIJ-xJ-Br0QLxgRtz61UoHRp44,ChIJ-xJ-Br0QLxgRtz61UoHRp44,False
SANDI'S HOTEL,Hotel,"PQ86+229, Amboseli Rd, Nairobi, Kenya",,,,,,"https://www.google.com/maps/search/?api=1&query=SANDI | https://www.google.com/maps/search/Hotel/@-1.2792325141654115,36.74790305007943,16z?hl=en | https://streetviewpixels-pa.googleapis.com/v1/thumbnail?panoid=5cm0epMeMPyx3Ez4mnnZnQ&cb_client=search.gws-prod.gps&w=408&h=240&yaw=224.03592&pitch=0&thumbfov=100",https://www.google.com/maps/search/?api=1&query=SANDI'S%20HOTEL&query_place_id=ChIJQTWJBiIaLxgRbXXtIie9i7M,ChIJQTWJBiIaLxgRbXXtIie9i7M,False
Santiago Bernabeu Hotel,Hotel,"MQVM+66R, Nairobi, Kenya",,,,,,"https://www.google.com/maps/search/?api=1&query=Santiago%20Bernabeu%20Hotel&query_place_id=ChIJPwvYFoIQLxgRfGaX8x4ecms | https://www.google.com/maps/search/Hotel/@-1.3135946628330823,36.78227498330685,16z?hl=en | https://streetviewpixels-pa.googleapis.com/v1/thumbnail?panoid=5AtYMRXV7cFOEEp-6iXp_A&cb_client=search.gws-prod.gps&w=408&h=240&yaw=192.70914&pitch=0&thumbfov=100",https://www.google.com/maps/search/?api=1&query=Santiago%20Bernabeu%20Hotel&query_place_id=ChIJPwvYFoIQLxgRfGaX8x4ecms,ChIJPwvYFoIQLxgRfGaX8x4ecms,False
Shan Shui Hotel 山水酒店,Hotel,"PQ3Q+39M, Ring Rd Kilimani, Nairobi, Kenya",+254 757 668888,,,,,"https://www.google.com/maps/search/?api=1&query=Shan%20Shui%20Hotel%20%E5%B1%B1%E6%B0%B4%E9%85%92%E5%BA%97&query_place_id=ChIJLyU4rmERLxgRu0xuyf8wh4c | https://www.google.com/maps/search/Hotel/@-1.296413588499247,36.78227498330685,16z?hl=en | https://lh3.googleusercontent.com/gps-cs-s/AHRPTWmDw0um3r-FiNlS1JLaoJ0xdB2AHJbSmpgsdTIU8nZJpANiwxiyzlapzfbEPqE8fZe51Qc0An27A2JNU-iem79FA2stylWGmW-yycrYVWLvul51h-ugn40NrJvUZGRFLGzfbvG86w=w408-h306-k-no",https://www.google.com/maps/search/?api=1&query=Shan%20Shui%20Hotel%20%E5%B1%B1%E6%B0%B4%E9%85%92%E5%BA%97&query_place_id=ChIJLyU4rmERLxgRu0xuyf8wh4c,ChIJLyU4rmERLxgRu0xuyf8wh4c,False
Sina Ubaya Hotel,Hotel,"PQ83+V22, Nairobi, Kenya",,,,,,"https://www.google.com/maps/search/?api=1&query=Sina%20Ubaya%20Hotel&query_place_id=ChIJP-ZwnScaLxgRkW5EUFP1StA | https://www.google.com/maps/search/Hotel/@-1.2792325141654115,36.74790305007943,16z?hl=en | https://streetviewpixels-pa.googleapis.com/v1/thumbnail?panoid=bRVbvX05dRW5SrtQPU4ZBw&cb_client=search.gws-prod.gps&w=408&h=240&yaw=259.05273&pitch=0&thumbfov=100",https://www.google.com/maps/search/?api=1&query=Sina%20Ubaya%20Hotel&query_place_id=ChIJP-ZwnScaLxgRkW5EUFP1StA,ChIJP-ZwnScaLxgRkW5EUFP1StA,False
Sky Blue Hotel,Hotel,"Nairobi, Kenya",,,,,,"https://www.google.com/maps/search/?api=1&query=Sky%20Blue%20Hotel&query_place_id=ChIJwzPMlncaLxgRGvlR1Qrr15Q | https://www.google.com/maps/search/Hotel/@-1.296413588499247,36.78227498330685,16z?hl=en | http://t2.gstatic.com/images?q=tbn:ANd9GcTVB3lO2qcuY_OvFoOZvSknD-X0ze2yfo7S2ydmLcg8-YQmMPu5",https://www.google.com/maps/search/?api=1&query=Sky%20Blue%20Hotel&query_place_id=ChIJwzPMlncaLxgRGvlR1Qrr15Q,ChIJwzPMlncaLxgRGvlR1Qrr15Q,False
Smarthomes Serviced Apartments (One Bdr & Studios),Hotel,"Exact Location:31, 32 Wood Ave, Nairobi, Kenya",+254 724 080445,,,,,"https://www.google.com/travel/lodging/clk?pc=AA80OsylUlUfIOOTrA3owAuqHouCm13NXQ-KajzfXKRCofSTS9x-UrRygX9Hyr9gRwiNJZdZLXGxNL8yhJx9vaNSgcZZEKUUHwZA5GdE_43vKhJtgs0e_6-jfvFYFSZIaDVk19_1zpmMMQYX303YrA56e9FaYYCN_f3DfZ9MTykjDwJ0UUOM1sBd&pcurl=https://accommodation.edreams.net/Hotel-Search?selected%3D134104258%26startDate%3D2026-09-19%26endDate%3D2026-09-20%26adults%3D2%26children%3D%26mpf%3D52.00%26cur%3DUSD%26mpj%3D7.93%26MDPCID%3DeDreams-US.DPS.Edreams.MetaSearch-GHA.HOTEL%26mpl%3DUSD%26numberOfRooms%3D1%26locale%3Den_US%26rffrid%3Dh4p.hcom.US.ghaodigeo.000.000.kwrd%3D%26pos%3DEDREAMS_US%26rateplanid%3D411412692%26mctc%3D10%26utm_medium%3Dmetasearch%26utm_campaign%3D4292336256%26utm_term%3Dhotel%26utm_source%3DFREEBOOKING&s=AD1XQnk0tgd43qz5ao40Mryen7YP | https://accommodation.edreams.net/Hotel-Search?selected=134104258&startDate=2026-09-19&endDate=2026-09-20&adults=2&children=&mpf=52.00&cur=USD&mpj=7.93&MDPCID=eDreams-US.DPS.Edreams.MetaSearch-GHA.HOTEL&mpl=USD&numberOfRooms=1&locale=en_US&rffrid=h4p.hcom.US.ghaodigeo.000.000.kwrd=&pos=EDREAMS_US&rateplanid=411412692&mctc=10&utm_medium=metasearch&utm_campaign=4292336256&utm_term=hotel&utm_source=FREEBOOKING | https://www.google.com/maps/search/?api=1&query=Smarthomes%20Serviced%20Apartments%20(One%20Bdr%20%26%20Studios)&query_place_id=ChIJeQ9MqjERLxgRbpSOk89c_aI | https://www.google.com/maps/search/Hotel/@-1.29854165,36.78496425,17.0023325697801z?hl=en | https://lh3.googleusercontent.com/gps-cs-s/AHRPTWl0_D3Qw3FA3slVELpVW8tof5syBeSg_UJ-ShzZLxNLpeWKVUffWXT4BlTPe7DJZ4E9nTRGtJTAHKt8kczkyPDbFsZKKSS51AbolJvjLO9Dogb27cCiTDxUWMmVW2lkSElV4cfAlCEVk8gB=w408-h527-k-no",https://www.google.com/maps/search/?api=1&query=Smarthomes%20Serviced%20Apartments%20(One%20Bdr%20%26%20Studios)&query_place_id=ChIJeQ9MqjERLxgRbpSOk89c_aI,ChIJeQ9MqjERLxgRbpSOk89c_aI,False
Smiles Hotel,Hotel,"PQ62+GXP, Kabiria Road, North, Kenya",+254 729 889237,,,,,"https://www.google.com/maps/search/?api=1&query=Smiles%20Hotel&query_place_id=ChIJpxNFfO4bLxgRlkbput6_ENU | https://www.google.com/maps/search/Hotel/@-1.296413588499247,36.76508901669314,16z?hl=en | https://streetviewpixels-pa.googleapis.com/v1/thumbnail?panoid=uVaKlB44F6NwKUPd0k_O6g&cb_client=search.gws-prod.gps&w=408&h=240&yaw=29.641605&pitch=0&thumbfov=100",https://www.google.com/maps/search/?api=1&query=Smiles%20Hotel&query_place_id=ChIJpxNFfO4bLxgRlkbput6_ENU,ChIJpxNFfO4bLxgRlkbput6_ENU,False
Stedmak Gardens & Recreation Centre,Hotel,"MQ75+RC, Mokoyeti Rd E, Nairobi, Kenya",+254 705 734780,,,,,"https://www.google.com/travel/lodging/clk?pc=AA80Osw_O97hJQOx8sOL-pCStFZzyAXZ06v2Fv07O9gL2t-mshJRBBj96NaYs3bLAOXEusEB_AuUolAIXqGt6ZD9wlq4daar-F-zLfO45FROwlPLBXk_5iLQO22p64U-9tnMORVfco6szIJss4oKekPCpohsM_apZHrfCfja5pEJLRIg3MdvZymjGZYNLGnauD2mrw8b5IqEwwkM&pcurl=https://www.reservationday.com/transition/?data%3Dprice%3D39.83%2526total_price%3D47.0%2526request_id%3D10242490045505794048%2526ps%3D125358856027%2526pb%3D0-slAkZlDjP06IhVxwa_7KJexvoeXtQpLGLKDU4RmHoLFe9pC20p2De3gGO6bNr0YRcfy5puneCOwOjhEi2VDZsBK9eCdq6dIAVyoVHrVe4DkuqqQ22CGQMG1oGn2tQyfBb378MUFfdKUF4gKkxKQg%25253D%25253D%2526gha_rd_pull_request%3DTrue%2526alwd_rand%3Dfalse%2526gt%3D1789362534%2526sg%3D-N9EV%2526ib%3Dfalse%2526all_inclusive%3Dfalse%26utm_source%3Dgha_rd%26utm_content%3Dmapresults%26currency%3DUSD%26user_country%3DUS%26verification%3Dfalse%26rate_rule_ids%3D%26date_type%3Ddefault%26rate_rule_id%3Dsignedout_desktop%26display_currency%3DUSD%26display_all_inclusive_price%3D47.00%26checkin_at%3D2026-09-19%26checkout_at%3D2026-09-20%26provider_hotel_id%3D10010365961%26provider%3Dhtl%26num_adults%3D2%26children%3D%5B%5D%26hotel_campaign%3D%26user_locale%3Den-US%26user_list_id%3D%26utm_medium%3Dorganic%26utm_id%3Dgha_organic_rd&s=AD1XQnl6ZAFGPfxyZB8A9JmWejpC | https://www.reservationday.com/transition/?data=price=39.83&total_price=47.0&request_id=10242490045505794048&ps=125358856027&pb=0-slAkZlDjP06IhVxwa_7KJexvoeXtQpLGLKDU4RmHoLFe9pC20p2De3gGO6bNr0YRcfy5puneCOwOjhEi2VDZsBK9eCdq6dIAVyoVHrVe4DkuqqQ22CGQMG1oGn2tQyfBb378MUFfdKUF4gKkxKQg%3D%3D&gha_rd_pull_request=True&alwd_rand=false&gt=1789362534&sg=-N9EV&ib=false&all_inclusive=false&utm_source=gha_rd&utm_content=mapresults&currency=USD&user_country=US&verification=false&rate_rule_ids=&date_type=default&rate_rule_id=signedout_desktop&display_currency=USD&display_all_inclusive_price=47.00&checkin_at=2026-09-19&checkout_at=2026-09-20&provider_hotel_id=10010365961&provider=htl&num_adults=2&children=[]&hotel_campaign=&user_locale=en-US&user_list_id=&utm_medium=organic&utm_id=gha_organic_rd | https://www.google.com/travel/lodging/clk?pc=AA80OsyB8QLVARraKAyNqD7vJDccC7GFOSlftq2KLkJTjN5_paXORWxyzUnAT6h2rLqzVfL-WkczGhz_wGtgnUhI7_fVEY7RZ52LbszouuRAMUjitcitOvB3Ad9beghoPzqhFMQ7nqql4Ye4ZKHYpEP2WvW2bH1CW30IDFUoSIgoczSDjvD1tzTSt0ywnUFaTSDe&pcurl=https://www.expedia.com/Hotel-Search?selected%3D22351816%26startDate%3D2026-09-19%26endDate%3D2026-09-20%26MDPCID%3DUS.META.HPA.HOTEL-ORGANIC-desktop.HOTEL%26MDPDTL%3DHTL.22351816.20260919.20260920.DDT.5.CID..AUDID..RRID.bex_us_desktop%26mctc%3D10%26ct%3Dhotel%26mpg%3DUSD%26mpf%3D48.59%26mpj%3D7.41%26mpr%3D0.00%26mpl%3DUSD%26exp_pg%3Dgoogle%26langid%3Den%26ad%3D2%26tp%3D%26utm_source%3Dgoogle%26utm_medium%3Dcpc%26utm_term%3D22351816%26utm_content%3Dmapresults%26utm_campaign%3DHotelAds%26langid%3D1033%26adults%3D2%26children%3D%26rrid%3Dbex_us_desktop%26rateplanid%3D383112459%26mpm%3D24%26mpn%3D221101264%26mpo%3DEC%26mpp%3D1&s=AD1XQnlxOgQgWCJXlASFYRrK5twp | https://www.expedia.com/Hotel-Search?selected=22351816&startDate=2026-09-19&endDate=2026-09-20&MDPCID=US.META.HPA.HOTEL-ORGANIC-desktop.HOTEL&MDPDTL=HTL.22351816.20260919.20260920.DDT.5.CID..AUDID..RRID.bex_us_desktop&mctc=10&ct=hotel&mpg=USD&mpf=48.59&mpj=7.41&mpr=0.00&mpl=USD&exp_pg=google&langid=en&ad=2&tp=&utm_source=google&utm_medium=cpc&utm_term=22351816&utm_content=mapresults&utm_campaign=HotelAds&langid=1033&adults=2&children=&rrid=bex_us_desktop&rateplanid=383112459&mpm=24&mpn=221101264&mpo=EC&mpp=1 | https://www.google.com/travel/lodging/clk?pc=AA80Osy_2UW-A5Ef19ud9dEckwE7eRH37t1Kz_x7nc-BTFJ8U8096wQ72Gwhrzz5Pnp9rd2LI2PVmmrVbVLkIdU3MVeYcpR81j7vP2mntC1ouBzRYMmBXuLd1xJHozEKBY5Z7bJJgGND_1CIqapIF3Rl0a6rOoU5s-OGFAx4fNKxux8h_CX1olcpTdKpRRQYTMs&pcurl=https://www.hotels.com/Hotel-Search?selected%3D22351816%26startDate%3D2026-09-19%26endDate%3D2026-09-20%26mdpcid%3DHCOM-US.META.HPA.HOTEL-ORGANIC-desktop.HOTEL%26MDPDTL%3DHTL.22351816.20260919.20260920.DDT.5.CID..AUDID.%26adults%3D2%26children%3D%26mctc%3D10%26mpf%3D48.59%26mpg%3DUSD%26mpl%3DUSD%26mpj%3D7.41%26mpr%3D0.00%26rffrid%3Dsem.hcom.US.156.024.mapresults.02.desktop-1.kwrd%3DGGMETA.22351816USen-20260919-D-ABW%3D5-camp%3D-aud%3D-N%26rateplanid%3D383112459%26mpm%3D24%26mpn%3D221101264%26mpo%3DEC%26mpp%3D1%26locale%3Den_US%26siteid%3D300000001&s=AD1XQnkvajb2Ns0KoT7bwsAhY45H | https://www.hotels.com/Hotel-Search?selected=22351816&startDate=2026-09-19&endDate=2026-09-20&mdpcid=HCOM-US.META.HPA.HOTEL-ORGANIC-desktop.HOTEL&MDPDTL=HTL.22351816.20260919.20260920.DDT.5.CID..AUDID.&adults=2&children=&mctc=10&mpf=48.59&mpg=USD&mpl=USD&mpj=7.41&mpr=0.00&rffrid=sem.hcom.US.156.024.mapresults.02.desktop-1.kwrd=GGMETA.22351816USen-20260919-D-ABW=5-camp=-aud=-N&rateplanid=383112459&mpm=24&mpn=221101264&mpo=EC&mpp=1&locale=en_US&siteid=300000001 | https://www.google.com/travel/lodging/clk?pc=AA80OsypaD1rn43wvYnJKhhCLe6FNkwiZwcSI6uSbeVqJhakDQbhcfM9NZiEqjZcghyK3dtpULhEPwLWk1lYaqzByw7j1xoThtI4DG6W5RMGvRZJwBNRsRcsVBfZiiC92NBRVsCF6qqwZjvdzAKJ9wdrlViI5ll1Fp4qgjEh6zLdSvPVGsRD-qYLyeBtltldtNM&pcurl=https://www.orbitz.com/Hotel-Search?selected%3D22351816%26startDate%3D2026-09-19%26endDate%3D2026-09-20%26adults%3D2%26children%3D%26MDPCID%3DORBITZ-US.META.HPA.ORGANIC-desktop.HOTEL%26MDPDTL%3Dhtl.22351816.20260919.20260920.DDT.5.CID..AUDID..mapresults%26mpg%3DUSD%26mpf%3D48.59%26mpj%3D7.41%26mpr%3D0.00%26mctc%3D10%26rateplanid%3D383112459%26mpm%3D24%26mpn%3D221101264%26mpo%3DEC%26mpp%3D1&s=AD1XQnndU5zGiC7ISzu0CR_GyBnw | https://www.orbitz.com/Hotel-Search?selected=22351816&startDate=2026-09-19&endDate=2026-09-20&adults=2&children=&MDPCID=ORBITZ-US.META.HPA.ORGANIC-desktop.HOTEL&MDPDTL=htl.22351816.20260919.20260920.DDT.5.CID..AUDID..mapresults&mpg=USD&mpf=48.59&mpj=7.41&mpr=0.00&mctc=10&rateplanid=383112459&mpm=24&mpn=221101264&mpo=EC&mpp=1 | https://www.google.com/travel/lodging/clk?pc=AA80Osxc9R3k8MvxOK5wnlRATJitHdpdpI8R_zQRhAnfU1H2Y44q5G6W5GYTN8Z693cjqMMF3MaDBt3l01P70zpUVUCUaT1wxivvAbANxTI-KYYFyAn_YU40fa1LOaKri6_323dm7Eq5RylhSac7LhQ1oxAGbaCgZ89de018sBRhuhut5IZfqAi2ZbHmRiyPpzJN&pcurl=https://www.travelocity.com/Hotel-Search?selected%3D22351816%26startDate%3D2026-09-19%26endDate%3D2026-09-20%26adults%3D2%26children%3D%26MDPCID%3Dtravelocity-US.META.HPA.ORGANIC.HOTEL%26MDPDTL%3DHTL.22351816.20260919.20260920.DDT.5.CID..AUDID..mapresults%26mpg%3DUSD%26mpf%3D48.59%26mpj%3D7.41%26mpr%3D0.00%26mctc%3D10%26rateplanid%3D383112459%26mpm%3D24%26mpn%3D221101264%26mpo%3DEC%26mpp%3D1&s=AD1XQnmwR8xRFymJdX8t_t4k1plZ | https://www.travelocity.com/Hotel-Search?selected=22351816&startDate=2026-09-19&endDate=2026-09-20&adults=2&children=&MDPCID=travelocity-US.META.HPA.ORGANIC.HOTEL&MDPDTL=HTL.22351816.20260919.20260920.DDT.5.CID..AUDID..mapresults&mpg=USD&mpf=48.59&mpj=7.41&mpr=0.00&mctc=10&rateplanid=383112459&mpm=24&mpn=221101264&mpo=EC&mpp=1 | https://www.google.com/travel/lodging/clk?pc=AA80OswGaP6cxa_TugMq217LTQeb6S3tssIavAJtMGcPhUggTBCtdq4Yds_NTv580Yn3SyFoPDz4vLRX_jq1l7HouRMMVW8bHXBlepc3vZwlCAplsTbs8vnuhN_HAvt5lve5ZeNlKZbSpDNSabfF3oyXXNcUZUxyLbXNuMYhRbjy5Ox3wl3K_UDkf9qOj7b4I2uajrqRncQ&pcurl=https://www.cheaptickets.com/Hotel-Search?selected%3D22351816%26startDate%3D2026-09-19%26endDate%3D2026-09-20%26MDPCID%3DCHEAPTICKETS-US.META.HPA.ORGANIC-desktop.HOTEL%26langid%3D1033%26adults%3D2%26children%3D%26MDPDTL%3Dhtl.22351816.20260919.20260920.DDT.5.CID..AUDID..mapresults%26mpg%3DUSD%26mpf%3D48.59%26mpj%3D7.41%26mpr%3D0.00%26mctc%3D10%26rateplanid%3D383112459%26rateplanid%3D383112459%26mpm%3D24%26mpn%3D221101264%26mpo%3DEC%26mpp%3D1&s=AD1XQnngMj_oOxRi-fu_m4Vb6MOC | https://www.cheaptickets.com/Hotel-Search?selected=22351816&startDate=2026-09-19&endDate=2026-09-20&MDPCID=CHEAPTICKETS-US.META.HPA.ORGANIC-desktop.HOTEL&langid=1033&adults=2&children=&MDPDTL=htl.22351816.20260919.20260920.DDT.5.CID..AUDID..mapresults&mpg=USD&mpf=48.59&mpj=7.41&mpr=0.00&mctc=10&rateplanid=383112459&rateplanid=383112459&mpm=24&mpn=221101264&mpo=EC&mpp=1 | https://www.google.com/travel/lodging/clk?pc=AA80Oswqhu_5uw2uVb0cMDTkZKZQwTfDvEhc-Z2v9Mw_QgylSyZXhu3tJ7YCQc2MerDdau12NR1CDkGM_fPxYRVjpPO6zwULqUQrwhUoBYww56PeQOYpXK2sFb-aZSigy1EeYtwZgQ1rK1LwhFBzwTZVqHVoynCvV_tVV-X8u9H74CuUnI9csTrp4tacgA&pcurl=https://www.bluepillow.com/search/5dc04d0ce24da41e98127212?begin%3D2026-09-19%26end%3D2026-09-20%26block_id%3D-b,ckSDOQkFaWvZ3-WQJeDBPbH7krpqyyQX-rtQi-IOIUmJ1pYHv5ZCGRavs0FbLqSg,-bpex-Hotel%26fees%3D7.41%26tax%3D7.41%26total%3D48.59%26adults%3D2%26childs%3D0%26infants%3D0%26childrens%3D0%26country%3DUS%26currency%3DUSD%26language%3Den%26source%3Dmapresults%26utm_campaign%3Dhotel%26prid%3D&s=AD1XQnmPIhti2u7oWyyNSOHGuTlR | https://www.bluepillow.com/search/5dc04d0ce24da41e98127212?begin=2026-09-19&end=2026-09-20&block_id=-b,ckSDOQkFaWvZ3-WQJeDBPbH7krpqyyQX-rtQi-IOIUmJ1pYHv5ZCGRavs0FbLqSg,-bpex-Hotel&fees=7.41&tax=7.41&total=48.59&adults=2&childs=0&infants=0&childrens=0&country=US&currency=USD&language=en&source=mapresults&utm_campaign=hotel&prid= | https://www.google.com/travel/lodging/clk?pc=AA80OsxEfCsQzRH2ZQYVj8veD1fX_koEdeO-ax5BYwa1XyysyDkXah_aKVYOy59ZbaeEFLX1bQuJRm2dQiudhKK-aF2ghMYDWZRU2ArdoLQBVCtSCx7afb6evUhgffU8es4I5jr2mhDYNRzlah4v5RH8BtqcPq3ES3f1EntTmT03ut2e7nwSUttu2Atx9KK9REl0MA&pcurl=https://deals.goseek.com/?sig%3D34c47a49c3e8320dca5a5dda0da2a460c1bc23afde972e2894a4ff0b6052fb53383131303836353931%26turl%3Dhttps%253A%252F%252Fwww.goseek.com%252FHotel%252FSearch%253FcheckIn%253D2026-09-19%2526checkOut%253D2026-09-20%2526currency%253DUSD%2526forceCurrencyChange%253D1%2526lang%253Den%2526forceLanguageChange%253D1%2526rooms%253D2%253A%2526utm_source%253Dgha%2526utm_medium%253Dcpc%2526hotelId%253D5268016%2526userCountry%253DUS%2526profile%253Dr2d2m73kn8%2526preferredRate%253D48.59%2526deviceType%253Ddesktop%2526label%253Dsrc%25253Dgha%252526cltype%25253Dhotel%252526datype%25253Ddefault%252526gsite%25253Dmapresults%252526vf%25253D0%252526ucountry%25253DUS%252526udevice%25253Ddesktop%252526hotel%25253D5268016%252526day%25253D19%252526month%25253D09%252526year%25253D2026%252526los%25253D1%252526price%25253D48.59%252526currency%25253DUSD%252526cid%25253D%252526listid%25253D%252526rateid%25253DUS_D%252526closerateid%25253D%252526promo%25253D0%252526isPrivateRate%25253D0%252526isAudienceUser%25253D0%252526isPaidClick%25253D0%252526%2526cp%253DVROqh9KmDKTKhKtMChQIliAY5QUiA1VTRCjwo7XVBlIBMhIaFaxP9lsaC0pDcmhCTU5vdkJ3KAMwltWd1QY&s=AD1XQnmeoADAQZ7WpLkt1KFk9p2c | https://deals.goseek.com/?sig=34c47a49c3e8320dca5a5dda0da2a460c1bc23afde972e2894a4ff0b6052fb53383131303836353931&turl=https://www.goseek.com/Hotel/Search?checkIn=2026-09-19&checkOut=2026-09-20&currency=USD&forceCurrencyChange=1&lang=en&forceLanguageChange=1&rooms=2:&utm_source=gha&utm_medium=cpc&hotelId=5268016&userCountry=US&profile=r2d2m73kn8&preferredRate=48.59&deviceType=desktop&label=src%3Dgha%26cltype%3Dhotel%26datype%3Ddefault%26gsite%3Dmapresults%26vf%3D0%26ucountry%3DUS%26udevice%3Ddesktop%26hotel%3D5268016%26day%3D19%26month%3D09%26year%3D2026%26los%3D1%26price%3D48.59%26currency%3DUSD%26cid%3D%26listid%3D%26rateid%3DUS_D%26closerateid%3D%26promo%3D0%26isPrivateRate%3D0%26isAudienceUser%3D0%26isPaidClick%3D0%26&cp=VROqh9KmDKTKhKtMChQIliAY5QUiA1VTRCjwo7XVBlIBMhIaFaxP9lsaC0pDcmhCTU5vdkJ3KAMwltWd1QY | https://www.google.com/travel/lodging/clk?pc=AA80OszHtgLW0NPHl9Srbp8bvXNSk32ZE94DxhP7bDS35jYV9yV7zO6-4B42swq7lyJBidmLuqyQC2dMFkhAr5szJs5LkTAHKTzTHo0rCjUdt9PAsFrD8cC9UEOqQvn2kwA4A0pRJ8EK60GHTyP80iAvdwDb9KnWJ04sPXR9KcdYmGgAUeDykMD4niar&pcurl=https://deals.vio.com/?sig%3D73aca13c7f952d2641c156f3e69125e1eb497c325f122828ee5aa8797168b9a12d32303331333438363233%26turl%3Dhttps%253A%252F%252Fwww.vio.com%252FHotel%252FSearch%253FcheckIn%253D2026-09-19%2526checkOut%253D2026-09-20%2526currency%253DUSD%2526forceCurrencyChange%253D1%2526lang%253Den%2526forceLanguageChange%253D1%2526rooms%253D2%253A%2526utm_source%253Dgha%2526utm_medium%253Dcpc%2526hotelId%253D5268016%2526userCountry%253DUS%2526profile%253Dr2d2m73kn8%2526preferredRate%253D48.59%2526deviceType%253Ddesktop%2526label%253Dsrc%25253Dgha%252526cltype%25253Dhotel%252526datype%25253Ddefault%252526gsite%25253Dmapresults%252526vf%25253D0%252526ucountry%25253DUS%252526udevice%25253Ddesktop%252526hotel%25253D5268016%252526day%25253D19%252526month%25253D09%252526year%25253D2026%252526los%25253D1%252526price%25253D48.59%252526currency%25253DUSD%252526cid%25253D%252526listid%25253D%252526rateid%25253DUS_D%252526closerateid%25253D%252526promo%25253D0%252526isPrivateRate%25253D0%252526isAudienceUser%25253D0%252526isPaidClick%25253D0%252526%2526cp%253D8wwzz6f-8JvKhKtMChQIliAY5QUiA1VTRCjwo7XVBlIBMhIaFaxP9lsaC0pDcmhCTU5vdkJ3KAIwwfad1QY&s=AD1XQnkFM627lA0BChNdhrNdgSrs | https://deals.vio.com/?sig=73aca13c7f952d2641c156f3e69125e1eb497c325f122828ee5aa8797168b9a12d32303331333438363233&turl=https://www.vio.com/Hotel/Search?checkIn=2026-09-19&checkOut=2026-09-20&currency=USD&forceCurrencyChange=1&lang=en&forceLanguageChange=1&rooms=2:&utm_source=gha&utm_medium=cpc&hotelId=5268016&userCountry=US&profile=r2d2m73kn8&preferredRate=48.59&deviceType=desktop&label=src%3Dgha%26cltype%3Dhotel%26datype%3Ddefault%26gsite%3Dmapresults%26vf%3D0%26ucountry%3DUS%26udevice%3Ddesktop%26hotel%3D5268016%26day%3D19%26month%3D09%26year%3D2026%26los%3D1%26price%3D48.59%26currency%3DUSD%26cid%3D%26listid%3D%26rateid%3DUS_D%26closerateid%3D%26promo%3D0%26isPrivateRate%3D0%26isAudienceUser%3D0%26isPaidClick%3D0%26&cp=8wwzz6f-8JvKhKtMChQIliAY5QUiA1VTRCjwo7XVBlIBMhIaFaxP9lsaC0pDcmhCTU5vdkJ3KAIwwfad1QY | https://www.google.com/travel/lodging/clk?pc=AA80Osw_UtfR6y7oNd1EUXowqZ-fDh93hx7DG3B6_97nCKuZwBp7jJJFlNTK4nVpXb97E9Xx6gyDkxfJmXF2nKKUIOWLhBqgTlb5842iTr8GtC3s8zQOVcm42LMYXjXGk9_TBuRBU98CFZEGL2rNK_LX26IbkYmZGexd1UAQsOn2dStOv46Rp98a&pcurl=https://accommodation.edreams.net/Hotel-Search?selected%3D22351816%26startDate%3D2026-09-19%26endDate%3D2026-09-20%26adults%3D2%26children%3D%26mpf%3D48.59%26cur%3DUSD%26mpj%3D7.41%26MDPCID%3DeDreams-US.DPS.Edreams.MetaSearch-GHA.HOTEL%26mpl%3DUSD%26numberOfRooms%3D1%26locale%3Den_US%26rffrid%3Dh4p.hcom.US.ghaodigeo.000.000.kwrd%3D%26pos%3DEDREAMS_US%26rateplanid%3D383112459%26mctc%3D10%26utm_medium%3Dmetasearch%26utm_campaign%3D716258112%26utm_term%3Dhotel%26utm_source%3DFREEBOOKING&s=AD1XQnkmfh1mt_bvRpg4YI_Jrasv | https://accommodation.edreams.net/Hotel-Search?selected=22351816&startDate=2026-09-19&endDate=2026-09-20&adults=2&children=&mpf=48.59&cur=USD&mpj=7.41&MDPCID=eDreams-US.DPS.Edreams.MetaSearch-GHA.HOTEL&mpl=USD&numberOfRooms=1&locale=en_US&rffrid=h4p.hcom.US.ghaodigeo.000.000.kwrd=&pos=EDREAMS_US&rateplanid=383112459&mctc=10&utm_medium=metasearch&utm_campaign=716258112&utm_term=hotel&utm_source=FREEBOOKING",https://www.google.com/maps/search/?api=1&query=Stedmak%20Gardens%20%26%20Recreation%20Centre&query_place_id=ChIJw6RnK8caLxgRktPD3u0XObw,ChIJw6RnK8caLxgRktPD3u0XObw,False
Subbis Restaurant - Lenana Road,Hotel,"PQ6Q+CG9, Lenana Rd, Nairobi, Kenya",+254 722 746911,,,,,"https://www.google.com/maps/search/?api=1&query=Subbis%20Restaurant%20-%20Lenana%20Road&query_place_id=ChIJ-3s2vqUQLxgRJD0BQ46fhQI | https://www.google.com/maps/search/Hotel/@-1.2896567666666667,36.785081999999996,17.002337623631117z?hl=en | https://lh3.googleusercontent.com/gps-cs-s/AHRPTWka1jk4QuL9w1LnYymT9sSoR6dBQVyTdvsP9bZH3QWQR8i4dEtBgiK5kSJGzbX3xsyhZATbXrdIUji9-dGaGQOxfE9mOvnJTY2-BmdiI3AgRMNwgJj8jQgzQvNNettnFHtJP5CqnQ=w408-h544-k-no",https://www.google.com/maps/search/?api=1&query=Subbis%20Restaurant%20-%20Lenana%20Road&query_place_id=ChIJ-3s2vqUQLxgRJD0BQ46fhQI,ChIJ-3s2vqUQLxgRJD0BQ46fhQI,False
tetu arts,Hotel,"Nairobi, Kenya",,,,,,"https://www.google.com/maps/search/?api=1&query=tetu%20arts&query_place_id=ChIJmTaA8R8RLxgRLVgbSmp5fU4 | https://www.google.com/maps/search/Hotel/@-1.2896567666666667,36.785081999999996,17.002337623631117z?hl=en | https://streetviewpixels-pa.googleapis.com/v1/thumbnail?panoid=43MUNiHXp65Wx4TRu14ZiQ&cb_client=search.gws-prod.gps&w=408&h=240&yaw=348.68173&pitch=0&thumbfov=100",https://www.google.com/maps/search/?api=1&query=tetu%20arts&query_place_id=ChIJmTaA8R8RLxgRLVgbSmp5fU4,ChIJmTaA8R8RLxgRLVgbSmp5fU4,False
The Faraja Vista @Woodley,Hotel,"Plus Code, Wamagata Road MQWH+9V, Nairobi, Kenya",+27 74 106 3825,,,,,"https://www.google.com/maps/search/?api=1&query=The%20Faraja%20Vista%20%40Woodley&query_place_id=ChIJa97ztXkaLxgRCxrD6iXEckM | https://www.google.com/maps/search/Hotel/@-1.3030432,36.78036566666667,17.002329995984955z?hl=en",https://www.google.com/maps/search/?api=1&query=The%20Faraja%20Vista%20%40Woodley&query_place_id=ChIJa97ztXkaLxgRCxrD6iXEckM,ChIJa97ztXkaLxgRCxrD6iXEckM,False
The Spanish Villa 3,Hotel,"PQ6P+6C2, Lenana Rd, Nairobi, Kenya",+254 792 911523,,,,,"https://www.google.com/maps/search/?api=1&query=The%20Spanish%20Villa%203&query_place_id=ChIJtfUbYaYQLxgR1tzinESIenY | https://www.google.com/maps/search/Hotel/@-1.2896567666666667,36.785081999999996,17.002337623631117z?hl=en | https://lh3.googleusercontent.com/gps-cs-s/AHRPTWnT2yJSTlLxgImAM4HYrmXLovwclyS4vxM5BpSOQ2xC5K1giJn0qj0gRfC0s-oC-WBT8f4yo7jup0VZwuMP3wB3PmbWs1gn6LiaUOOkVpTxwL5pDCdkpz4dAgSLIr1Wa6HycsLh=w408-h725-k-no",https://www.google.com/maps/search/?api=1&query=The%20Spanish%20Villa%203&query_place_id=ChIJtfUbYaYQLxgR1tzinESIenY,ChIJtfUbYaYQLxgR1tzinESIenY,False
The Tipsy Cow,Hotel,"Junction of Ngong rd and Ole odume rd Building 30 Nairobi KE, Kenya",+254 702 195023,,,,,"https://www.google.com/maps/search/?api=1&query=The%20Tipsy%20Cow&query_place_id=ChIJLf7fgfEbLxgRWl7knuMinx4 | https://www.google.com/maps/search/Hotel/@-1.299256,36.77716,17.002332161939876z?hl=en | https://lh3.googleusercontent.com/gps-cs-s/AHRPTWm0ntds3KMhr71whn9S3zUxf_-Nxd_zB3B51965vbXPUciDXfrAeLuqFvJjs3_UpAq7iWi5IjWLT0wE1OMbu9wBSWCDxaGPhWqgj5mvORp6UT8gBgiAlxdFxb7gk_tW4WEVE20W=w408-h544-k-no",https://www.google.com/maps/search/?api=1&query=The%20Tipsy%20Cow&query_place_id=ChIJLf7fgfEbLxgRWl7knuMinx4,ChIJLf7fgfEbLxgRWl7knuMinx4,False
Tin Toler Hotel,Hotel,"MQWJ+R4C, Kinangop Rd, Nairobi, Kenya",,,,,,"https://www.google.com/maps/search/?api=1&query=Tin%20Toler%20Hotel&query_place_id=ChIJRfNmkXcaLxgRrgzXTm5yUrg | https://www.google.com/maps/search/Hotel/@-1.296413588499247,36.78227498330685,16z?hl=en | https://streetviewpixels-pa.googleapis.com/v1/thumbnail?panoid=INooibFDsciA1-x0zAw2MA&cb_client=search.gws-prod.gps&w=408&h=240&yaw=12.33436&pitch=0&thumbfov=100",https://www.google.com/maps/search/?api=1&query=Tin%20Toler%20Hotel&query_place_id=ChIJRfNmkXcaLxgRrgzXTm5yUrg,ChIJRfNmkXcaLxgRrgzXTm5yUrg,False
Tina Hotel,Hotel,"PQ7H+FQ4, Nairobi, Kenya",+254 701 650712,,,,,"https://www.google.com/maps/search/?api=1&query=Tina%20Hotel&query_place_id=ChIJ3_OwqwcaLxgRi9gpTk61JAc | https://www.google.com/maps/search/Hotel/@-1.2792325141654115,36.78227498330685,16z?hl=en | https://streetviewpixels-pa.googleapis.com/v1/thumbnail?panoid=5WVkMU4vMsF4ejVXH52gMA&cb_client=search.gws-prod.gps&w=408&h=240&yaw=254.7225&pitch=0&thumbfov=100",https://www.google.com/maps/search/?api=1&query=Tina%20Hotel&query_place_id=ChIJ3_OwqwcaLxgRi9gpTk61JAc,ChIJ3_OwqwcaLxgRi9gpTk61JAc,False
Tinalis Catering,Hotel,"Kibera, Along, Kabarnet Rd, Nairobi, Kenya",+254 703 635071,,,,,"https://www.google.com/maps/search/?api=1&query=Tinalis%20Catering&query_place_id=ChIJfwyudeMRLxgR9iNAajZXhgU | https://www.google.com/maps/search/Hotel/@-1.3011517,36.7847816,17.00233107854971z?hl=en | https://streetviewpixels-pa.googleapis.com/v1/thumbnail?panoid=YTLTLBS91lzZEbHhOd7Clg&cb_client=search.gws-prod.gps&w=408&h=240&yaw=231.28227&pitch=0&thumbfov=100",https://www.google.com/maps/search/?api=1&query=Tinalis%20Catering&query_place_id=ChIJfwyudeMRLxgR9iNAajZXhgU,ChIJfwyudeMRLxgR9iNAajZXhgU,False
TWO BLOOD SISTERS HOTEL,Hotel,"PQ86+C3Q, Amboseli Rd, Nairobi, Kenya",,,,,,"https://www.google.com/maps/search/?api=1&query=TWO%20BLOOD%20SISTERS%20HOTEL&query_place_id=ChIJnaat4yEaLxgRyNmyYh9Llo0 | https://www.google.com/maps/search/Hotel/@-1.2792325141654115,36.74790305007943,16z?hl=en | https://streetviewpixels-pa.googleapis.com/v1/thumbnail?panoid=exRwZW87G2IivNawFP6MLw&cb_client=search.gws-prod.gps&w=408&h=240&yaw=43.647644&pitch=0&thumbfov=100",https://www.google.com/maps/search/?api=1&query=TWO%20BLOOD%20SISTERS%20HOTEL&query_place_id=ChIJnaat4yEaLxgRyNmyYh9Llo0,ChIJnaat4yEaLxgRyNmyYh9Llo0,False
Ufunuo Hotel J.M Deliverance,Hotel,"Nairobi, Kenya",,,,,,"https://www.google.com/maps/search/?api=1&query=Ufunuo%20Hotel%20J.M%20Deliverance&query_place_id=ChIJeymIqzsaLxgR-i2ICiLd_Ms | https://www.google.com/maps/search/Hotel/@-1.296413588499247,36.76508901669314,16z?hl=en | https://streetviewpixels-pa.googleapis.com/v1/thumbnail?panoid=TY2qZ9nxEjndJSVf1YrboA&cb_client=search.gws-prod.gps&w=408&h=240&yaw=127.40204&pitch=0&thumbfov=100",https://www.google.com/maps/search/?api=1&query=Ufunuo%20Hotel%20J.M%20Deliverance&query_place_id=ChIJeymIqzsaLxgR-i2ICiLd_Ms,ChIJeymIqzsaLxgR-i2ICiLd_Ms,False
UNIQUE SNACKS HOTEL,Hotel,"Nairobi, Kenya",,,,,,"https://www.google.com/maps/search/?api=1&query=UNIQUE%20SNACKS%20HOTEL&query_place_id=ChIJMavblzcaLxgRlRAhBGLUCsk | https://www.google.com/maps/search/Hotel/@-1.296413588499247,36.74790305007943,16z?hl=en | https://streetviewpixels-pa.googleapis.com/v1/thumbnail?panoid=XNUlRwi78nl24aDDB4rwqg&cb_client=search.gws-prod.gps&w=408&h=240&yaw=155.86827&pitch=0&thumbfov=100",https://www.google.com/maps/search/?api=1&query=UNIQUE%20SNACKS%20HOTEL&query_place_id=ChIJMavblzcaLxgRlRAhBGLUCsk,ChIJMavblzcaLxgRlRAhBGLUCsk,False
UNITED HOTEL,Hotel,"PP4R+526, Kinyanjui Rd, Nairobi, Kenya",,,,,,"https://www.google.com/maps/search/?api=1&query=UNITED%20HOTEL&query_place_id=ChIJZWNkIDUaLxgRYTJA5-1iJec | https://www.google.com/maps/search/Hotel/@-1.296413588499247,36.73071708346572,16z?hl=en | https://streetviewpixels-pa.googleapis.com/v1/thumbnail?panoid=uT2Kz2rXA8IEU2fW6JDpCg&cb_client=search.gws-prod.gps&w=408&h=240&yaw=42.883514&pitch=0&thumbfov=100",https://www.google.com/maps/search/?api=1&query=UNITED%20HOTEL&query_place_id=ChIJZWNkIDUaLxgRYTJA5-1iJec,ChIJZWNkIDUaLxgRYTJA5-1iJec,False
Upendo hotel,Hotel,"MQWJ+M7M, Market, Ngong Rd, Nairobi, Kenya",+254 728 281538,,,,,"https://www.google.com/maps/search/?api=1&query=Upendo%20hotel&query_place_id=ChIJf6z-UQQbLxgRfFwuGd0-6Qg | https://www.google.com/maps/search/Hotel/@-1.296413588499247,36.78227498330685,16z?hl=en | https://streetviewpixels-pa.googleapis.com/v1/thumbnail?panoid=EBB2kVq4gPKciLCaDZtkzQ&cb_client=search.gws-prod.gps&w=408&h=240&yaw=83.35509&pitch=0&thumbfov=100",https://www.google.com/maps/search/?api=1&query=Upendo%20hotel&query_place_id=ChIJf6z-UQQbLxgRfFwuGd0-6Qg,ChIJf6z-UQQbLxgRfFwuGd0-6Qg,False
Upperhill Blueberry Hotel,Hotel,"KMA Centre, Kilimani Mara Road & Chulu Road Junction, Mara Rd, Nairobi, Kenya",+254 788 185089,,,,,https://www.google.com/travel/lodging/clk?pc=AA80Osx5IBTkRt0v0JenG2vwFrp-wBMQGSJ7oocvEliKFGuk6ZDFT3BfLSyHMoVsYsCxYWqtjUbOaWnsa1OxrxTZKqWBBWIgcJi34gWVg6JgOyFcidun1ZLTnaWuVfJEHMIhehM68vaJ53r_sjUDPnIP1w0M1kwjkUz25vO5QjqXsxf340eb6_RDgyvC&pcurl=https://live.ipms247.com/booking/searchroom_ghf.php?HotelId%3D19767%26checkin%3D2026-09-19%26nonights%3D1%26adults%3D2%26children%3D0%26roomtype%3D1976700000000000005%26rate_plan%3D1976700000000000005_1976700000000000005%26package_id%3D1976700000000000005&s=AD1XQnkiDhw09pL4V_CGrXqBkzqb | https://live.ipms247.com/booking/searchroom_ghf.php?HotelId=19767&checkin=2026-09-19&nonights=1&adults=2&children=0&roomtype=1976700000000000005&rate_plan=1976700000000000005_1976700000000000005&package_id=1976700000000000005 | https://www.google.com/travel/lodging/clk?pc=AA80OszdFH1Exf8IaS3FT4RUiPy9OeMnL4GWcWRKQBXYP9ZUCAG9-MeyRYgnjry7sHFZ6f0jU1jG1RaQrLP6G7eu9X_wnBNIwNMa3QZyGCjGPSJ8ihuxUB3Pv-uILgoFyajXRAG8eDQHNT4SaKUerEPzmSbQkdZeGjcrs5uhgIZRMlQL2ee0C-Rtv4Zy3YY-FWnk&pcurl=https://www.expedia.com/Hotel-Search?selected%3D20320687%26startDate%3D2026-09-19%26endDate%3D2026-09-20%26MDPCID%3DUS.META.HPA.HOTEL-ORGANIC-desktop.HOTEL%26MDPDTL%3DHTL.20320687.20260919.20260920.DDT.5.CID..AUDID..RRID.bex_us_desktop%26mctc%3D10%26ct%3Dhotel%26mpg%3DUSD%26mpf%3D41.54%26mpj%3D6.56%26mpr%3D0.00%26mpl%3DUSD%26exp_pg%3Dgoogle%26langid%3Den%26ad%3D2%26tp%3D%26utm_source%3Dgoogle%26utm_medium%3Dcpc%26utm_term%3D20320687%26utm_content%3Dmapresults%26utm_campaign%3DHotelAds%26langid%3D1033%26adults%3D2%26children%3D%26rrid%3Dbex_us_desktop%26rateplanid%3D211697258%26mpm%3D24%26mpn%3D202263706%26mpo%3DEC%26mpp%3D1&s=AD1XQnn84wfy9NK_mNsZLlVROShE | https://www.expedia.com/Hotel-Search?selected=20320687&startDate=2026-09-19&endDate=2026-09-20&MDPCID=US.META.HPA.HOTEL-ORGANIC-desktop.HOTEL&MDPDTL=HTL.20320687.20260919.20260920.DDT.5.CID..AUDID..RRID.bex_us_desktop&mctc=10&ct=hotel&mpg=USD&mpf=41.54&mpj=6.56&mpr=0.00&mpl=USD&exp_pg=google&langid=en&ad=2&tp=&utm_source=google&utm_medium=cpc&utm_term=20320687&utm_content=mapresults&utm_campaign=HotelAds&langid=1033&adults=2&children=&rrid=bex_us_desktop&rateplanid=211697258&mpm=24&mpn=202263706&mpo=EC&mpp=1 | https://www.google.com/travel/lodging/clk?pc=AA80OsxMO5rYYB_1HMZ341jQGkhYZalVY5tBGJ9jw0nM5ntcA1riJTtu27tIp92lUBDQlbEgh1JpWRcfvYR2IvSoQymoaSjyZIYmpK1Aw5U5UTbXia1tBsMb13HRojaZtHZ4B0gOeDQiv6YDRHXcoIc1eg4ACcWz2OE2DpEvzRF0xgRafWWSNlQwyEn1Y97aZqM&pcurl=https://www.hotels.com/Hotel-Search?selected%3D20320687%26startDate%3D2026-09-19%26endDate%3D2026-09-20%26mdpcid%3DHCOM-US.META.HPA.HOTEL-ORGANIC-desktop.HOTEL%26MDPDTL%3DHTL.20320687.20260919.20260920.DDT.5.CID..AUDID.%26adults%3D2%26children%3D%26mctc%3D10%26mpf%3D39.44%26mpg%3DUSD%26mpl%3DUSD%26mpj%3D6.56%26mpr%3D0.00%26rffrid%3Dsem.hcom.US.156.024.mapresults.02.desktop-1.kwrd%3DGGMETA.20320687USen-20260919-D-ABW%3D5-camp%3D-aud%3D-N%26rateplanid%3D211697258%26mpm%3D24%26mpn%3D202263706%26mpo%3DEC%26mpp%3D1%26locale%3Den_US%26siteid%3D300000001&s=AD1XQnk1iLINFiyY5Y_xPkC-wjlN | https://www.hotels.com/Hotel-Search?selected=20320687&startDate=2026-09-19&endDate=2026-09-20&mdpcid=HCOM-US.META.HPA.HOTEL-ORGANIC-desktop.HOTEL&MDPDTL=HTL.20320687.20260919.20260920.DDT.5.CID..AUDID.&adults=2&children=&mctc=10&mpf=39.44&mpg=USD&mpl=USD&mpj=6.56&mpr=0.00&rffrid=sem.hcom.US.156.024.mapresults.02.desktop-1.kwrd=GGMETA.20320687USen-20260919-D-ABW=5-camp=-aud=-N&rateplanid=211697258&mpm=24&mpn=202263706&mpo=EC&mpp=1&locale=en_US&siteid=300000001 | https://www.google.com/travel/lodging/clk?pc=AA80OszFsI_XCe-_N1NvH100BlL6YI7BODUBq4HWddh4HJsuZnrsZE_HxrDNN-w_XOHT8054DYPAiUBGFONI71uQ5XEW-53NpYg93ddMst-0AtRKLrJtOG_PQNbf0buPjtyuB-wH2OwXvOkPyD9p4QDLW0iCpyE55BspzI3jJt9TpHu84xwUrWl32N5mQ99scDw&pcurl=https://www.orbitz.com/Hotel-Search?selected%3D20320687%26startDate%3D2026-09-19%26endDate%3D2026-09-20%26adults%3D2%26children%3D%26MDPCID%3DORBITZ-US.META.HPA.ORGANIC-desktop.HOTEL%26MDPDTL%3Dhtl.20320687.20260919.20260920.DDT.5.CID..AUDID..mapresults%26mpg%3DUSD%26mpf%3D41.54%26mpj%3D6.56%26mpr%3D0.00%26mctc%3D10%26rateplanid%3D211697258%26mpm%3D24%26mpn%3D202263706%26mpo%3DEC%26mpp%3D1&s=AD1XQnkqmKFwl96lqpkGk4A0QSrr | https://www.orbitz.com/Hotel-Search?selected=20320687&startDate=2026-09-19&endDate=2026-09-20&adults=2&children=&MDPCID=ORBITZ-US.META.HPA.ORGANIC-desktop.HOTEL&MDPDTL=htl.20320687.20260919.20260920.DDT.5.CID..AUDID..mapresults&mpg=USD&mpf=41.54&mpj=6.56&mpr=0.00&mctc=10&rateplanid=211697258&mpm=24&mpn=202263706&mpo=EC&mpp=1 | https://www.google.com/travel/lodging/clk?pc=AA80Oszq2ay3vzlq8p-Ews7ni8TuNEgpJViOtt07embOlN2QY6fdehNTGTahfYaiflHCwror9eq-lmDqwiAKNnfZUGGJX7duDkWM6Mq66DWu_xc3wsYxxyDhXMQSdtN6IXhzRXYnEGK8Z8BAZ447pJO8_GVx3nwXY7X0hm6r_GDn-WqJabd5A8inZqRc_qdHwZzY&pcurl=https://www.travelocity.com/Hotel-Search?selected%3D20320687%26startDate%3D2026-09-19%26endDate%3D2026-09-20%26adults%3D2%26children%3D%26MDPCID%3Dtravelocity-US.META.HPA.ORGANIC.HOTEL%26MDPDTL%3DHTL.20320687.20260919.20260920.DDT.5.CID..AUDID..mapresults%26mpg%3DUSD%26mpf%3D41.54%26mpj%3D6.56%26mpr%3D0.00%26mctc%3D10%26rateplanid%3D211697258%26mpm%3D24%26mpn%3D202263706%26mpo%3DEC%26mpp%3D1&s=AD1XQnmcRGvA5QSJoVvzjrjn01aj | https://www.travelocity.com/Hotel-Search?selected=20320687&startDate=2026-09-19&endDate=2026-09-20&adults=2&children=&MDPCID=travelocity-US.META.HPA.ORGANIC.HOTEL&MDPDTL=HTL.20320687.20260919.20260920.DDT.5.CID..AUDID..mapresults&mpg=USD&mpf=41.54&mpj=6.56&mpr=0.00&mctc=10&rateplanid=211697258&mpm=24&mpn=202263706&mpo=EC&mpp=1 | https://www.google.com/travel/lodging/clk?pc=AA80Osx5tIckeeTmguqy20rbhe7S9fiYcm2XBaessGJu7hAf5QWJAJrOvpAZGRjpZ2Dzeayc5FFWRJ8KiP5Ki0w58zNnCBBtzJOXwhn06DB1pklhWNp-XOJDOew17474T4vVMrCNvRu2B7MmMYjnJvcj1HYWmSV4BeXdI5BN8_NX0FB-O7yJceh_3UGynl4KnhOijZEf3ewlKot0&pcurl=https://www.reservationday.com/transition/?data%3Dprice%3D35.13%2526total_price%3D41.45%2526request_id%3D10103947790292002816%2526ps%3D125358856027%2526pb%3D0-slAkZlDjP06IhVxwa_7Ek4xvsvQi_uiG6v6tbpAr_OvWZjEE-D7I6si0xjniwGFiqlzK6mTP0yv9nFEQuSNlqhXRDxoekK6cB0uSbqYNXj34R80y7AwvmgSSFFmkQc6p9s_7eWORyJ6-a9ec2dyw%25253D%25253D%2526gha_rd_pull_request%3DTrue%2526alwd_rand%3Dfalse%2526gt%3D1789357010%2526sg%3DB7Gj1%2526ib%3Dfalse%2526all_inclusive%3Dfalse%26utm_source%3Dgha_rd%26utm_content%3Dmapresults%26currency%3DUSD%26user_country%3DUS%26verification%3Dfalse%26rate_rule_ids%3D%26date_type%3Ddefault%26rate_rule_id%3Dsignedout_desktop%26display_currency%3DUSD%26display_all_inclusive_price%3D41.45%26checkin_at%3D2026-09-19%26checkout_at%3D2026-09-20%26provider_hotel_id%3D10006865342%26provider%3Dhtl%26num_adults%3D2%26children%3D%5B%5D%26hotel_campaign%3D%26user_locale%3Den-US%26user_list_id%3D%26utm_medium%3Dorganic%26utm_id%3Dgha_organic_rd&s=AD1XQnnfVJ1FDxghTQjp3y-rTyid | https://www.reservationday.com/transition/?data=price=35.13&total_price=41.45&request_id=10103947790292002816&ps=125358856027&pb=0-slAkZlDjP06IhVxwa_7Ek4xvsvQi_uiG6v6tbpAr_OvWZjEE-D7I6si0xjniwGFiqlzK6mTP0yv9nFEQuSNlqhXRDxoekK6cB0uSbqYNXj34R80y7AwvmgSSFFmkQc6p9s_7eWORyJ6-a9ec2dyw%3D%3D&gha_rd_pull_request=True&alwd_rand=false&gt=1789357010&sg=B7Gj1&ib=false&all_inclusive=false&utm_source=gha_rd&utm_content=mapresults&currency=USD&user_country=US&verification=false&rate_rule_ids=&date_type=default&rate_rule_id=signedout_desktop&display_currency=USD&display_all_inclusive_price=41.45&checkin_at=2026-09-19&checkout_at=2026-09-20&provider_hotel_id=10006865342&provider=htl&num_adults=2&children=[]&hotel_campaign=&user_locale=en-US&user_list_id=&utm_medium=organic&utm_id=gha_organic_rd | https://www.google.com/travel/lodging/clk?pc=AA80Osw5QS8NFO3yI5q7W44IqOvgclAaeida05bpLoo5ZKGLf2i54KzMlP6aUzSF7IeFEeG0B-e0wFPP6P-slUyWJCeWHOUabMLDjcWH5T7deNTBWSFzrSykp_FiafEPPODpuO-dbZxTrpCpBS42HeeGjM5SXGhmESHu_I1dKjhZPZjGeyep1XpQAAzB6AZkzUxYh43uFmE&pcurl=https://www.cheaptickets.com/Hotel-Search?selected%3D20320687%26startDate%3D2026-09-19%26endDate%3D2026-09-20%26MDPCID%3DCHEAPTICKETS-US.META.HPA.ORGANIC-desktop.HOTEL%26langid%3D1033%26adults%3D2%26children%3D%26MDPDTL%3Dhtl.20320687.20260919.20260920.DDT.5.CID..AUDID..mapresults%26mpg%3DUSD%26mpf%3D41.54%26mpj%3D6.56%26mpr%3D0.00%26mctc%3D10%26rateplanid%3D211697258%26rateplanid%3D211697258%26mpm%3D24%26mpn%3D202263706%26mpo%3DEC%26mpp%3D1&s=AD1XQnknE7k9Fi42K6CkMk3W2ld4 | https://www.cheaptickets.com/Hotel-Search?selected=20320687&startDate=2026-09-19&endDate=2026-09-20&MDPCID=CHEAPTICKETS-US.META.HPA.ORGANIC-desktop.HOTEL&langid=1033&adults=2&children=&MDPDTL=htl.20320687.20260919.20260920.DDT.5.CID..AUDID..mapresults&mpg=USD&mpf=41.54&mpj=6.56&mpr=0.00&mctc=10&rateplanid=211697258&rateplanid=211697258&mpm=24&mpn=202263706&mpo=EC&mpp=1 | https://www.google.com/travel/lodging/clk?pc=AA80OswP3DtYvgZ2NL40s8J2FUtelvs12Z3W-TdoGQGo9yu8p0YdRwG9SaskStzsd1EOFuwIL9ITn-Ls7fahugGwL4NCOdNRkCFyPn9sqlgG2LbKxJdYvY4pTyeT6vmQ14JCzCV4fUkvy0U56-W55_ojgrJ6jin7AnJFei8UWLzk1sXwgMVADLA&pcurl=https://deals.etrip.net/?sig%3De9cc68956712e1e5d60f579a67e54afadd83f5d631dc9782cc50d47864de2f2c2d32303330363031313335%26turl%3Dhttps%253A%252F%252Fsearch.etrip.net%252FHotel%252FSearch%253FcheckIn%253D2026-09-19%2526checkOut%253D2026-09-20%2526currency%253DUSD%2526forceCurrencyChange%253D1%2526lang%253Den%2526forceLanguageChange%253D1%2526rooms%253D2%253A%2526utm_source%253Dgha%2526utm_medium%253Dcpc%2526hotelId%253D3120501%2526userCountry%253DUS%2526profile%253Dr2d2m73kn8%2526preferredRate%253D41.54%2526label%253Dsrc%25253Dgha%252526cltype%25253Dhotel%252526datype%25253Ddefault%252526gsite%25253Dmapresults%252526vf%25253D0%252526ucountry%25253DUS%252526udevice%25253Ddesktop%252526hotel%25253D3120501%252526day%25253D19%252526month%25253D09%252526year%25253D2026%252526los%25253D1%252526price%25253D41.54%252526currency%25253DUSD%252526cid%25253D%252526listid%25253D%252526rateid%25253DUS_D%252526closerateid%25253D%252526promo%25253D0%252526isPrivateRate%25253D0%252526isAudienceUser%25253D0%252526isPaidClick%25253D0%252526%2526cp%253Dqbd65jremD4SZJrgCg4IqhsYkAUiA1VTRFIBMhIaFZYrVOgaC3lXcWxYRUpjVVQwKAIwj9Cd1QY&s=AD1XQnnNSI1NI_CpvYWl5NXOU0Fs | https://deals.etrip.net/?sig=e9cc68956712e1e5d60f579a67e54afadd83f5d631dc9782cc50d47864de2f2c2d32303330363031313335&turl=https://search.etrip.net/Hotel/Search?checkIn=2026-09-19&checkOut=2026-09-20&currency=USD&forceCurrencyChange=1&lang=en&forceLanguageChange=1&rooms=2:&utm_source=gha&utm_medium=cpc&hotelId=3120501&userCountry=US&profile=r2d2m73kn8&preferredRate=41.54&label=src%3Dgha%26cltype%3Dhotel%26datype%3Ddefault%26gsite%3Dmapresults%26vf%3D0%26ucountry%3DUS%26udevice%3Ddesktop%26hotel%3D3120501%26day%3D19%26month%3D09%26year%3D2026%26los%3D1%26price%3D41.54%26currency%3DUSD%26cid%3D%26listid%3D%26rateid%3DUS_D%26closerateid%3D%26promo%3D0%26isPrivateRate%3D0%26isAudienceUser%3D0%26isPaidClick%3D0%26&cp=qbd65jremD4SZJrgCg4IqhsYkAUiA1VTRFIBMhIaFZYrVOgaC3lXcWxYRUpjVVQwKAIwj9Cd1QY | https://www.google.com/travel/lodging/clk?pc=AA80Osw2CvCHCwokfHU_Pg1lSes0i3U9nML4r6ixHyazziW1SZr4JQzhZipW375g1fGmdhZHcUFO3VjCdT8SatRwlIC9brDZir6ENlpOXig7_f0U6SehxbQmf0sep63ezHwcfejOrSxuN5Pite17NEq_UNraVhAe4Vm_zkdFEjhMqmQpHq1KMFiK&pcurl=https://accommodation.edreams.net/Hotel-Search?selected%3D20320687%26startDate%3D2026-09-19%26endDate%3D2026-09-20%26adults%3D2%26children%3D%26mpf%3D41.54%26cur%3DUSD%26mpj%3D6.56%26MDPCID%3DeDreams-US.DPS.Edreams.MetaSearch-GHA.HOTEL%26mpl%3DUSD%26numberOfRooms%3D1%26locale%3Den_US%26rffrid%3Dh4p.hcom.US.ghaodigeo.000.000.kwrd%3D%26pos%3DEDREAMS_US%26rateplanid%3D211697258%26mctc%3D10%26utm_medium%3Dmetasearch%26utm_campaign%3D651261984%26utm_term%3Dhotel%26utm_source%3DFREEBOOKING&s=AD1XQnlQGMD_t3JxeHS4G6pCbkFu | https://accommodation.edreams.net/Hotel-Search?selected=20320687&startDate=2026-09-19&endDate=2026-09-20&adults=2&children=&mpf=41.54&cur=USD&mpj=6.56&MDPCID=eDreams-US.DPS.Edreams.MetaSearch-GHA.HOTEL&mpl=USD&numberOfRooms=1&locale=en_US&rffrid=h4p.hcom.US.ghaodigeo.000.000.kwrd=&pos=EDREAMS_US&rateplanid=211697258&mctc=10&utm_medium=metasearch&utm_campaign=651261984&utm_term=hotel&utm_source=FREEBOOKING | https://www.google.com/travel/lodging/clk?pc=AA80Osx5h779oEdXbcXO_ta5jyVWMHZ1kFVM1y7Q9-LQOyFVuhCFOvj_zXwnJ8CsBNh2uWbivkW70X3LvjmcGt52NwEEkp0-tPcvwi37XXAMsNAYYzKL0w4P2FSlvdasODJLat8-TPUwIyxtuRGzx7y7e8AFQopPEwljyQJ-WHL35JBTvRxHqDxv4sL9i3YQ9pIeHJOTPg&pcurl=https://deals.dealbase.com/?sig%3Dd24b78db5ff27b2a7633c125e8c1eb65fcdd29bfbe8d2468da3702f8e475011131373338383435313339%26turl%3Dhttps%253A%252F%252Fwww.dealbase.com%252FHotel%252FSearch%253FcheckIn%253D2026-09-19%2526checkOut%253D2026-09-20%2526currency%253DUSD%2526forceCurrencyChange%253D1%2526lang%253Den%2526forceLanguageChange%253D1%2526rooms%253D2%253A%2526utm_source%253Dgha%2526utm_medium%253Dcpc%2526hotelId%253D3120501%2526userCountry%253DUS%2526profile%253Dr2d2m73kn8%2526preferredRate%253D41.54%2526deviceType%253Ddesktop%2526label%253Dsrc%25253Dgha%252526cltype%25253Dhotel%252526datype%25253Ddefault%252526gsite%25253Dmapresults%252526vf%25253D0%252526ucountry%25253DUS%252526udevice%25253Ddesktop%252526hotel%25253D3120501%252526day%25253D19%252526month%25253D09%252526year%25253D2026%252526los%25253D1%252526price%25253D41.54%252526currency%25253DUSD%252526cid%25253D%252526listid%25253D%252526rateid%25253DUS_D%252526closerateid%25253D%252526promo%25253D0%252526isPrivateRate%25253D0%252526isAudienceUser%25253D0%252526isPaidClick%25253D0%252526%2526cp%253DFCWPCuNlH0gSZJrgCg4IqhsYkAUiA1VTRFIBMhIaFZYrVOgaC3lXcWxYRUpjVVQwKAIwzOSd1QY&s=AD1XQnlOLxDzRr_SZ-dgm2u655QS | https://deals.dealbase.com/?sig=d24b78db5ff27b2a7633c125e8c1eb65fcdd29bfbe8d2468da3702f8e475011131373338383435313339&turl=https://www.dealbase.com/Hotel/Search?checkIn=2026-09-19&checkOut=2026-09-20&currency=USD&forceCurrencyChange=1&lang=en&forceLanguageChange=1&rooms=2:&utm_source=gha&utm_medium=cpc&hotelId=3120501&userCountry=US&profile=r2d2m73kn8&preferredRate=41.54&deviceType=desktop&label=src%3Dgha%26cltype%3Dhotel%26datype%3Ddefault%26gsite%3Dmapresults%26vf%3D0%26ucountry%3DUS%26udevice%3Ddesktop%26hotel%3D3120501%26day%3D19%26month%3D09%26year%3D2026%26los%3D1%26price%3D41.54%26currency%3DUSD%26cid%3D%26listid%3D%26rateid%3DUS_D%26closerateid%3D%26promo%3D0%26isPrivateRate%3D0%26isAudienceUser%3D0%26isPaidClick%3D0%26&cp=FCWPCuNlH0gSZJrgCg4IqhsYkAUiA1VTRFIBMhIaFZYrVOgaC3lXcWxYRUpjVVQwKAIwzOSd1QY,https://www.google.com/maps/search/?api=1&query=Upperhill%20Blueberry%20Hotel&query_place_id=ChIJeWzQk5ARLxgRi8SoQInvA1w,ChIJeWzQk5ARLxgRi8SoQInvA1w,False
Veekay Suites,Hotel,"Nairobi, Kenya",+254 706 194946,,,,,"https://www.google.com/maps/search/?api=1&query=Veekay%20Suites&query_place_id=ChIJMx4ImfYRLxgRBKwoFcAp3p4 | https://www.google.com/maps/search/Hotel/@-1.2896567666666667,36.785081999999996,17.002337623631117z?hl=en | https://lh3.googleusercontent.com/gps-cs-s/AHRPTWkYYQ4y7jRxIZnL5PnEq56DDmBecJv1cQp9dFJN70iuAmd7O-LkFPbHuDOQTEUuSIu4jnWIna9Tm6VwRXDXHbiKHIZ-b8HDefcKIdC95mKway_ZtRW4PLcGz9Q3oNsmbbDwwbcGzg=w408-h306-k-no",https://www.google.com/maps/search/?api=1&query=Veekay%20Suites&query_place_id=ChIJMx4ImfYRLxgRBKwoFcAp3p4,ChIJMx4ImfYRLxgRBKwoFcAp3p4,False
Vision Hotel,Hotel,"Nairobi, Kenya",,,,,,"https://www.google.com/maps/search/?api=1&query=Vision%20Hotel&query_place_id=ChIJ778aqk0aLxgRD4jZlZfJZRY | https://www.google.com/maps/search/Hotel/@-1.296413588499247,36.74790305007943,16z?hl=en | https://streetviewpixels-pa.googleapis.com/v1/thumbnail?panoid=3mrnFM8N6MxvNQ3rmVNhcQ&cb_client=search.gws-prod.gps&w=408&h=240&yaw=328.24973&pitch=0&thumbfov=100",https://www.google.com/maps/search/?api=1&query=Vision%20Hotel&query_place_id=ChIJ778aqk0aLxgRD4jZlZfJZRY,ChIJ778aqk0aLxgRD4jZlZfJZRY,False
WAKANESA HOTEL,Hotel,"Nairobi, Kenya",,,,,,"https://www.google.com/maps/search/?api=1&query=WAKANESA%20HOTEL&query_place_id=ChIJfyGP6WIQLxgRMWtwj-8uulE | https://www.google.com/maps/search/Hotel/@-1.3135946628330823,36.78227498330685,16z?hl=en | https://streetviewpixels-pa.googleapis.com/v1/thumbnail?panoid=37H5LOL0jKkMLn7Cn0_g6g&cb_client=search.gws-prod.gps&w=408&h=240&yaw=254.92769&pitch=0&thumbfov=100",https://www.google.com/maps/search/?api=1&query=WAKANESA%20HOTEL&query_place_id=ChIJfyGP6WIQLxgRMWtwj-8uulE,ChIJfyGP6WIQLxgRMWtwj-8uulE,False
Waridi Paradise Hotel and Suites,Hotel,"Rose Avenue, off Argwings Kodhek Rd, Nairobi, Kenya",+254 700 457413,,,,,https://www.google.com/travel/lodging/clk?pc=AA80Osy-hIDt7KrNVt7g3GlHEI3MKSu3X-9XmuWLrEXg756ERrTjVwzU5cgsHCdK6h9Wxkt8s_GUsuNUeb2QEPuv0DvJfdRXI9G8_i5uIsW8RGM1Bn90BMfV1Jko988ujBboLDtxZEAo1GRK5Tl64VXur_-lYCAvbG5J7X-89L08Hc9vdtEfVm1b6CY5bdwEpA8&pcurl=https://www.hotels.com/Hotel-Search?selected%3D6368769%26startDate%3D2026-09-19%26endDate%3D2026-09-20%26mdpcid%3DHCOM-US.META.HPA.HOTEL-ORGANIC-desktop.HOTEL%26MDPDTL%3DHTL.6368769.20260919.20260920.DDT.5.CID..AUDID.%26adults%3D2%26children%3D%26mctc%3D10%26mpf%3D70.37%26mpg%3DUSD%26mpl%3DUSD%26mpj%3D11.60%26mpr%3D0.00%26rffrid%3Dsem.hcom.US.156.024.mapresults.02.desktop-1.kwrd%3DGGMETA.6368769USen-20260919-D-ABW%3D5-camp%3D-aud%3D-N%26rateplanid%3D209893816%26mpm%3D24%26mpn%3D201804840%26mpo%3DEC%26mpp%3D1%26locale%3Den_US%26siteid%3D300000001&s=AD1XQnnvJO-dBf9U25hM-HR0ralM | https://www.hotels.com/Hotel-Search?selected=6368769&startDate=2026-09-19&endDate=2026-09-20&mdpcid=HCOM-US.META.HPA.HOTEL-ORGANIC-desktop.HOTEL&MDPDTL=HTL.6368769.20260919.20260920.DDT.5.CID..AUDID.&adults=2&children=&mctc=10&mpf=70.37&mpg=USD&mpl=USD&mpj=11.60&mpr=0.00&rffrid=sem.hcom.US.156.024.mapresults.02.desktop-1.kwrd=GGMETA.6368769USen-20260919-D-ABW=5-camp=-aud=-N&rateplanid=209893816&mpm=24&mpn=201804840&mpo=EC&mpp=1&locale=en_US&siteid=300000001 | https://www.google.com/travel/lodging/clk?pc=AA80OswDAmXtnnAkvufA6J_Yl4RJJ-BLH27ouf81Zho0hFEkzv-M7_KS33sQAtsoyS-hJPEp60pSb3rolK6Q-mHSNy3XEJqAQR73qPlOOQr5DeOro1orpgXqp9LhNAmi6yIWWrO4atzRNjfCABN69BjJuElEHmDiTcCwLdJDzToOfYpjjmNmLj1iG84GnE1UqbuVmm3wIQ&pcurl=https://www.booking.com/searchresults.en.html?dest_id%3D626477%26highlighted_hotels%3D626477%26dest_type%3Dhotel%26checkin%3D2026-09-19%26checkout%3D2026-09-20%26group_adults%3D2%26req_adults%3D2%26show_room%3D62647708_89094876_0_42_0%26lang%3Den%26selected_currency%3DUSD%26exrt%3D1.00000000%26ext_price_total%3D71.50%26ext_price_tax%3D10.59%26xfc%3DUSD%26hca%3Dm%26group_children%3D0%26req_children%3D0%26%26no_rooms%3D1%26ts%3D1789218188%26edgtid%3DkQfdNB3vSnWuFrLwFRpJcA%26efpc%3DcbUKcbUKLw%26utm_source%3Dmetagha%26utm_medium%3Dmapresults%26utm_campaign%3DUS%26utm_term%3Dhotel-626477%26utm_content%3Ddev-desktop_los-1_bw-5_dow-Saturday_defdate-1_room-0_gstadt-2_rateid-public_aud-0_gacid-_mcid-50_bc-AAmPLQ_ppa-0_clrid-0_ad-0_gstkid-0_checkin-20260919_ppt-CgB%26aid%3D2127489%26label%3Dmetagha-link-MRUS-hotel-626477_dev-desktop_los-1_bw-5_dow-Saturday_defdate-1_room-0_gstadt-2_rateid-public_aud-0_gacid-_mcid-50_bc-AAmPLQ_ppa-0_clrid-0_ad-0_gstkid-0_checkin-20260919_ppt-CgB&s=AD1XQnl7J0DK61dinJXOxv5YnaRw | https://www.booking.com/searchresults.en.html?dest_id=626477&highlighted_hotels=626477&dest_type=hotel&checkin=2026-09-19&checkout=2026-09-20&group_adults=2&req_adults=2&show_room=62647708_89094876_0_42_0&lang=en&selected_currency=USD&exrt=1.00000000&ext_price_total=71.50&ext_price_tax=10.59&xfc=USD&hca=m&group_children=0&req_children=0&&no_rooms=1&ts=1789218188&edgtid=kQfdNB3vSnWuFrLwFRpJcA&efpc=cbUKcbUKLw&utm_source=metagha&utm_medium=mapresults&utm_campaign=US&utm_term=hotel-626477&utm_content=dev-desktop_los-1_bw-5_dow-Saturday_defdate-1_room-0_gstadt-2_rateid-public_aud-0_gacid-_mcid-50_bc-AAmPLQ_ppa-0_clrid-0_ad-0_gstkid-0_checkin-20260919_ppt-CgB&aid=2127489&label=metagha-link-MRUS-hotel-626477_dev-desktop_los-1_bw-5_dow-Saturday_defdate-1_room-0_gstadt-2_rateid-public_aud-0_gacid-_mcid-50_bc-AAmPLQ_ppa-0_clrid-0_ad-0_gstkid-0_checkin-20260919_ppt-CgB | https://www.google.com/travel/lodging/clk?pc=AA80OswThPHTW16HQyJly3sH6hQqSKzTTfpWKel0OYVPzQgZaXftND1CcdPn-ZUWiQYof2SIXO_BGckakdIdtkTLJCI_E3F8cgds8LNrg15g4lc0yfu6rB6mmIqmM_CDSxQ33sDR39hqUvTdB7t8wsLMUtXiQv2x6gSjX2InRwq3CMl2912-AJrN4hYkUkqBvnhk&pcurl=https://www.expedia.com/Hotel-Search?selected%3D6368769%26startDate%3D2026-09-19%26endDate%3D2026-09-20%26MDPCID%3DUS.META.HPA.HOTEL-ORGANIC-desktop.HOTEL%26MDPDTL%3DHTL.6368769.20260919.20260920.DDT.5.CID..AUDID..RRID.bex_us_desktop%26mctc%3D10%26ct%3Dhotel%26mpg%3DUSD%26mpf%3D74.12%26mpj%3D11.60%26mpr%3D0.00%26mpl%3DUSD%26exp_pg%3Dgoogle%26langid%3Den%26ad%3D2%26tp%3D%26utm_source%3Dgoogle%26utm_medium%3Dcpc%26utm_term%3D6368769%26utm_content%3Dmapresults%26utm_campaign%3DHotelAds%26langid%3D1033%26adults%3D2%26children%3D%26rrid%3Dbex_us_desktop%26rateplanid%3D209893816%26mpm%3D24%26mpn%3D201804840%26mpo%3DEC%26mpp%3D1&s=AD1XQnmKDHVXwf6h82BrnStNB64t | https://www.expedia.com/Hotel-Search?selected=6368769&startDate=2026-09-19&endDate=2026-09-20&MDPCID=US.META.HPA.HOTEL-ORGANIC-desktop.HOTEL&MDPDTL=HTL.6368769.20260919.20260920.DDT.5.CID..AUDID..RRID.bex_us_desktop&mctc=10&ct=hotel&mpg=USD&mpf=74.12&mpj=11.60&mpr=0.00&mpl=USD&exp_pg=google&langid=en&ad=2&tp=&utm_source=google&utm_medium=cpc&utm_term=6368769&utm_content=mapresults&utm_campaign=HotelAds&langid=1033&adults=2&children=&rrid=bex_us_desktop&rateplanid=209893816&mpm=24&mpn=201804840&mpo=EC&mpp=1 | https://www.google.com/travel/lodging/clk?pc=AA80OswITcZ4zLMkdOBRmzxwMHDvOFITOOaKXXiaPozCodHG-V9qmbrG-h7R6YK4Pc-YOA0eexw3iXeLaKA4N34BBLwTHXxgjok2fdzzjAbKS7Jh6W7ttsWyf18LRYk_hbGk34azoQExu0by9vU-gHmiAfAxBR6qnpErJ6y55trPSUuO5YzTjx3j5hgMyTX2M_o&pcurl=https://www.orbitz.com/Hotel-Search?selected%3D6368769%26startDate%3D2026-09-19%26endDate%3D2026-09-20%26adults%3D2%26children%3D%26MDPCID%3DORBITZ-US.META.HPA.ORGANIC-desktop.HOTEL%26MDPDTL%3Dhtl.6368769.20260919.20260920.DDT.5.CID..AUDID..mapresults%26mpg%3DUSD%26mpf%3D74.12%26mpj%3D11.60%26mpr%3D0.00%26mctc%3D10%26rateplanid%3D209893816%26mpm%3D24%26mpn%3D201804840%26mpo%3DEC%26mpp%3D1&s=AD1XQnkLBajhr-M4NU0n5FVOtBxz | https://www.orbitz.com/Hotel-Search?selected=6368769&startDate=2026-09-19&endDate=2026-09-20&adults=2&children=&MDPCID=ORBITZ-US.META.HPA.ORGANIC-desktop.HOTEL&MDPDTL=htl.6368769.20260919.20260920.DDT.5.CID..AUDID..mapresults&mpg=USD&mpf=74.12&mpj=11.60&mpr=0.00&mctc=10&rateplanid=209893816&mpm=24&mpn=201804840&mpo=EC&mpp=1 | https://www.google.com/travel/lodging/clk?pc=AA80Osy7JsHxKYFPxthK1Ja3LufC0nA0CZFx9SI5sn5-nwmm-7yCshC0eVorWMccwgeB88eJwK5-_RUrI-X1bIWHHdBFb_Lzx-2WCxzYy0HUNY79fkH6IPSHOb53tr9AixPxiZQOGPnYD10QpsC_-rEjkIDM1MYfysuGsr1TGp88PeRQhJU2nAMEo9G7gWAAZCMJ&pcurl=https://www.travelocity.com/Hotel-Search?selected%3D6368769%26startDate%3D2026-09-19%26endDate%3D2026-09-20%26adults%3D2%26children%3D%26MDPCID%3Dtravelocity-US.META.HPA.ORGANIC.HOTEL%26MDPDTL%3DHTL.6368769.20260919.20260920.DDT.5.CID..AUDID..mapresults%26mpg%3DUSD%26mpf%3D74.12%26mpj%3D11.60%26mpr%3D0.00%26mctc%3D10%26rateplanid%3D209893816%26mpm%3D24%26mpn%3D201804840%26mpo%3DEC%26mpp%3D1&s=AD1XQnlFS0gv4-EEhxG8d7mLqD1z | https://www.travelocity.com/Hotel-Search?selected=6368769&startDate=2026-09-19&endDate=2026-09-20&adults=2&children=&MDPCID=travelocity-US.META.HPA.ORGANIC.HOTEL&MDPDTL=HTL.6368769.20260919.20260920.DDT.5.CID..AUDID..mapresults&mpg=USD&mpf=74.12&mpj=11.60&mpr=0.00&mctc=10&rateplanid=209893816&mpm=24&mpn=201804840&mpo=EC&mpp=1 | https://www.google.com/travel/lodging/clk?pc=AA80Oswuw1C0iQjPO5_hQ6YCC3ChVoe2B-DsLEDcCrBkJRZnATat29hieg4unUZj8J2F8fnzhR-K8ApLeQ6NHmceeJfn4fAGEk2TNAxsP0UFpbwUOuAo7uCDzElT3B2VmkR9hE1TVLjuVPO3RemZh6MU7wAPJOxx5eDAZyRiMKix_HvNkoZwKrTBnlXUIMikCpxTzOpClRAYl64u&pcurl=https://www.reservationday.com/transition/?data%3Dprice%3D63.66%2526total_price%3D73.84%2526request_id%3D13218295297876920320%2526ps%3D125358856027%2526pb%3D0-slAkZlDjP06IhVxwa_7NeQSC3c3Lj6kjTDWx1pj31pDwYu5wniqFjk9hkXqYbf8eh7VLiN2VdTI4duyPprquuTVR3zSOsxVbaPE5N5QfLTC6P-fwsWAxzVAEuvLYrtohFuQv8MmkKsDWVJCNc3kccJAxvD8WHC0PNMCKf-JVY%25253D%2526gha_rd_pull_request%3DTrue%2526alwd_rand%3Dfalse%2526gt%3D1789361921%2526sg%3DEEKTS%2526ib%3Dfalse%2526all_inclusive%3Dfalse%26utm_source%3Dgha_rd%26utm_content%3Dmapresults%26currency%3DUSD%26user_country%3DUS%26verification%3Dfalse%26rate_rule_ids%3D%26date_type%3Ddefault%26rate_rule_id%3Dsignedout_desktop%26display_currency%3DUSD%26display_all_inclusive_price%3D73.84%26checkin_at%3D2026-09-19%26checkout_at%3D2026-09-20%26provider_hotel_id%3D10006257809%26provider%3Dhtl%26num_adults%3D2%26children%3D%5B%5D%26hotel_campaign%3D%26user_locale%3Den-US%26user_list_id%3D%26utm_medium%3Dorganic%26utm_id%3Dgha_organic_rd&s=AD1XQnnqqjnxWxQfILDtE9mSQ36g | https://www.reservationday.com/transition/?data=price=63.66&total_price=73.84&request_id=13218295297876920320&ps=125358856027&pb=0-slAkZlDjP06IhVxwa_7NeQSC3c3Lj6kjTDWx1pj31pDwYu5wniqFjk9hkXqYbf8eh7VLiN2VdTI4duyPprquuTVR3zSOsxVbaPE5N5QfLTC6P-fwsWAxzVAEuvLYrtohFuQv8MmkKsDWVJCNc3kccJAxvD8WHC0PNMCKf-JVY%3D&gha_rd_pull_request=True&alwd_rand=false&gt=1789361921&sg=EEKTS&ib=false&all_inclusive=false&utm_source=gha_rd&utm_content=mapresults&currency=USD&user_country=US&verification=false&rate_rule_ids=&date_type=default&rate_rule_id=signedout_desktop&display_currency=USD&display_all_inclusive_price=73.84&checkin_at=2026-09-19&checkout_at=2026-09-20&provider_hotel_id=10006257809&provider=htl&num_adults=2&children=[]&hotel_campaign=&user_locale=en-US&user_list_id=&utm_medium=organic&utm_id=gha_organic_rd | https://www.google.com/travel/lodging/clk?pc=AA80Osy3d_w45nuAyE7IiboVWOUQJN2Y00LnCXKYqHj_mojbSNjCFYeOxorTkxVZzaEMd4aUEUT3wKZ_6ZBvUSOGujROYE_v3H5nuDarWV4NzCkhHNsuOcjJHZKqMpvJqFWV45phBFUTQleKtL5gN7mSVSPZ_B2elP1QhVpOGj1cEcAMYLPJI1mUkaMAAL-dy304GgbT8yU&pcurl=https://www.cheaptickets.com/Hotel-Search?selected%3D6368769%26startDate%3D2026-09-19%26endDate%3D2026-09-20%26MDPCID%3DCHEAPTICKETS-US.META.HPA.ORGANIC-desktop.HOTEL%26langid%3D1033%26adults%3D2%26children%3D%26MDPDTL%3Dhtl.6368769.20260919.20260920.DDT.5.CID..AUDID..mapresults%26mpg%3DUSD%26mpf%3D74.12%26mpj%3D11.60%26mpr%3D0.00%26mctc%3D10%26rateplanid%3D209893816%26rateplanid%3D209893816%26mpm%3D24%26mpn%3D201804840%26mpo%3DEC%26mpp%3D1&s=AD1XQnn4JP3BIqK0ybgYBTD5MaZR | https://www.cheaptickets.com/Hotel-Search?selected=6368769&startDate=2026-09-19&endDate=2026-09-20&MDPCID=CHEAPTICKETS-US.META.HPA.ORGANIC-desktop.HOTEL&langid=1033&adults=2&children=&MDPDTL=htl.6368769.20260919.20260920.DDT.5.CID..AUDID..mapresults&mpg=USD&mpf=74.12&mpj=11.60&mpr=0.00&mctc=10&rateplanid=209893816&rateplanid=209893816&mpm=24&mpn=201804840&mpo=EC&mpp=1 | https://www.google.com/travel/lodging/clk?pc=AA80OsyqnuRUr-SZPykdB3FxDL4OS_YueRBzP-JAPdADpcoYyKwxtIkPlEAybzdJWoCZzAg02fPFg5x2PoX1UFCazYok27PWMdeAQ8t0fiOl0OE0YyconNuPSlj0JymQc2tosBKveKN9FhebZ6e7KjX_ITWjJuEKBuLtNZ2rhfgLcpVRKU1Adw0xuDe6Bff6UYhflA&pcurl=https://deals.goseek.com/?sig%3D34c47a49c3e8320dca5a5dda0da2a460c1bc23afde972e2894a4ff0b6052fb53383131303836353931%26turl%3Dhttps%253A%252F%252Fwww.goseek.com%252FHotel%252FSearch%253FcheckIn%253D2026-09-19%2526checkOut%253D2026-09-20%2526currency%253DUSD%2526forceCurrencyChange%253D1%2526lang%253Den%2526forceLanguageChange%253D1%2526rooms%253D2%253A%2526utm_source%253Dgha%2526utm_medium%253Dcpc%2526hotelId%253D1928114%2526userCountry%253DUS%2526profile%253Dr2d2m73kn8%2526preferredRate%253D74.12%2526deviceType%253Ddesktop%2526label%253Dsrc%25253Dgha%252526cltype%25253Dhotel%252526datype%25253Ddefault%252526gsite%25253Dmapresults%252526vf%25253D0%252526ucountry%25253DUS%252526udevice%25253Ddesktop%252526hotel%25253D1928114%252526day%25253D19%252526month%25253D09%252526year%25253D2026%252526los%25253D1%252526price%25253D74.12%252526currency%25253DUSD%252526cid%25253D%252526listid%25253D%252526rateid%25253DUS_D%252526closerateid%25253D%252526promo%25253D0%252526isPrivateRate%25253D0%252526isAudienceUser%25253D0%252526isPaidClick%25253D0%252526%2526cp%253DnzLzxwN31JMjRGMlChQI7DAYiAkiA1VTRCiAvK7VBlIBMhIaFaxP9lsaC191UzdEVXloaWRBKAMwi9ad1QY&s=AD1XQnndG6BOCih7rdzw1AWZ5WqU | https://deals.goseek.com/?sig=34c47a49c3e8320dca5a5dda0da2a460c1bc23afde972e2894a4ff0b6052fb53383131303836353931&turl=https://www.goseek.com/Hotel/Search?checkIn=2026-09-19&checkOut=2026-09-20&currency=USD&forceCurrencyChange=1&lang=en&forceLanguageChange=1&rooms=2:&utm_source=gha&utm_medium=cpc&hotelId=1928114&userCountry=US&profile=r2d2m73kn8&preferredRate=74.12&deviceType=desktop&label=src%3Dgha%26cltype%3Dhotel%26datype%3Ddefault%26gsite%3Dmapresults%26vf%3D0%26ucountry%3DUS%26udevice%3Ddesktop%26hotel%3D1928114%26day%3D19%26month%3D09%26year%3D2026%26los%3D1%26price%3D74.12%26currency%3DUSD%26cid%3D%26listid%3D%26rateid%3DUS_D%26closerateid%3D%26promo%3D0%26isPrivateRate%3D0%26isAudienceUser%3D0%26isPaidClick%3D0%26&cp=nzLzxwN31JMjRGMlChQI7DAYiAkiA1VTRCiAvK7VBlIBMhIaFaxP9lsaC191UzdEVXloaWRBKAMwi9ad1QY | https://www.google.com/travel/lodging/clk?pc=AA80OsyIpCctahoTpqF7_taLuIBE6ap6fRIBKHe-ra60iiQkVRn6H8XR00-f8iU6Qgnn4jj_ylgbVcqSe30B8YZ5kH4jFO4HrOCUwh7FgFgvLK5gMU1Dd-9AIMcDiZWwldDyrk8reGw3BG0-8522d2GzfBxWv3j6BPED9-3GeQc8WvE5PFKHsUqo&pcurl=https://accommodation.edreams.net/Hotel-Search?selected%3D6368769%26startDate%3D2026-09-19%26endDate%3D2026-09-20%26adults%3D2%26children%3D%26mpf%3D74.12%26cur%3DUSD%26mpj%3D11.60%26MDPCID%3DeDreams-US.DPS.Edreams.MetaSearch-GHA.HOTEL%26mpl%3DUSD%26numberOfRooms%3D1%26locale%3Den_US%26rffrid%3Dh4p.hcom.US.ghaodigeo.000.000.kwrd%3D%26pos%3DEDREAMS_US%26rateplanid%3D382285293%26mctc%3D10%26utm_medium%3Dmetasearch%26utm_campaign%3D654617%26utm_term%3Dhotel%26utm_source%3DFREEBOOKING&s=AD1XQnnd5ZL67wySG797KqEuHyzF | https://accommodation.edreams.net/Hotel-Search?selected=6368769&startDate=2026-09-19&endDate=2026-09-20&adults=2&children=&mpf=74.12&cur=USD&mpj=11.60&MDPCID=eDreams-US.DPS.Edreams.MetaSearch-GHA.HOTEL&mpl=USD&numberOfRooms=1&locale=en_US&rffrid=h4p.hcom.US.ghaodigeo.000.000.kwrd=&pos=EDREAMS_US&rateplanid=382285293&mctc=10&utm_medium=metasearch&utm_campaign=654617&utm_term=hotel&utm_source=FREEBOOKING | https://www.google.com/travel/lodging/clk?pc=AA80OswCQkyh3v23kBDFagJ5RVN6VzyJMS9L8SL_eRoHuERuiqmfZlTjz-ym__wmfzkMkgID-ni8EFuFcusoiCL1_5RKr_ISqSkc4KOZT7eZv6mqAR6vxl1OTBXPaxf3e7q2RGhNiX-V4xb2QgBNV7JgV0L5dm__zSU79gMsHEGQDoZOI0ZO6rdDpHRkpUI0mLRltnbkrA&pcurl=https://deals.dealbase.com/?sig%3Dd24b78db5ff27b2a7633c125e8c1eb65fcdd29bfbe8d2468da3702f8e475011131373338383435313339%26turl%3Dhttps%253A%252F%252Fwww.dealbase.com%252FHotel%252FSearch%253FcheckIn%253D2026-09-19%2526checkOut%253D2026-09-20%2526currency%253DUSD%2526forceCurrencyChange%253D1%2526lang%253Den%2526forceLanguageChange%253D1%2526rooms%253D2%253A%2526utm_source%253Dgha%2526utm_medium%253Dcpc%2526hotelId%253D1928114%2526userCountry%253DUS%2526profile%253Dr2d2m73kn8%2526preferredRate%253D74.12%2526deviceType%253Ddesktop%2526label%253Dsrc%25253Dgha%252526cltype%25253Dhotel%252526datype%25253Ddefault%252526gsite%25253Dmapresults%252526vf%25253D0%252526ucountry%25253DUS%252526udevice%25253Ddesktop%252526hotel%25253D1928114%252526day%25253D19%252526month%25253D09%252526year%25253D2026%252526los%25253D1%252526price%25253D74.12%252526currency%25253DUSD%252526cid%25253D%252526listid%25253D%252526rateid%25253DUS_D%252526closerateid%25253D%252526promo%25253D0%252526isPrivateRate%25253D0%252526isAudienceUser%25253D0%252526isPaidClick%25253D0%252526%2526cp%253DaQVJNAblVlEjRGMlCg4I7DAYiAkiA1VTRFIBMhIaFZYrVOgaC191UzdEVXloaWRBKAIw2P6d1QY&s=AD1XQnnMesGR6oWhmHxevJGe0FyJ | https://deals.dealbase.com/?sig=d24b78db5ff27b2a7633c125e8c1eb65fcdd29bfbe8d2468da3702f8e475011131373338383435313339&turl=https://www.dealbase.com/Hotel/Search?checkIn=2026-09-19&checkOut=2026-09-20&currency=USD&forceCurrencyChange=1&lang=en&forceLanguageChange=1&rooms=2:&utm_source=gha&utm_medium=cpc&hotelId=1928114&userCountry=US&profile=r2d2m73kn8&preferredRate=74.12&deviceType=desktop&label=src%3Dgha%26cltype%3Dhotel%26datype%3Ddefault%26gsite%3Dmapresults%26vf%3D0%26ucountry%3DUS%26udevice%3Ddesktop%26hotel%3D1928114%26day%3D19%26month%3D09%26year%3D2026%26los%3D1%26price%3D74.12%26currency%3DUSD%26cid%3D%26listid%3D%26rateid%3DUS_D%26closerateid%3D%26promo%3D0%26isPrivateRate%3D0%26isAudienceUser%3D0%26isPaidClick%3D0%26&cp=aQVJNAblVlEjRGMlCg4I7DAYiAkiA1VTRFIBMhIaFZYrVOgaC191UzdEVXloaWRBKAIw2P6d1QY,https://www.google.com/maps/search/?api=1&query=Waridi%20Paradise%20Hotel%20and%20Suites&query_place_id=ChIJrQL7c70QLxgRqwwYJv1cvU0,ChIJrQL7c70QLxgRqwwYJv1cvU0,False
Wilson Hotel,Hotel,"Nairobi, Kenya",,,,,,"https://www.google.com/maps/search/?api=1&query=Wilson%20Hotel&query_place_id=ChIJ1R9GtlEQLxgRZNAHC6F9KZQ | https://www.google.com/maps/search/Hotel/@-1.3135946628330823,36.81664691653427,16z?hl=en | https://streetviewpixels-pa.googleapis.com/v1/thumbnail?panoid=GePiRLJ3s_lTCpq_IV5pKg&cb_client=search.gws-prod.gps&w=408&h=240&yaw=9.124242&pitch=0&thumbfov=100",https://www.google.com/maps/search/?api=1&query=Wilson%20Hotel&query_place_id=ChIJ1R9GtlEQLxgRZNAHC6F9KZQ,ChIJ1R9GtlEQLxgRZNAHC6F9KZQ,False
wolrdcup hotel,Hotel,"Nairobi, Kenya",+254 721 225524,,,,,"https://www.google.com/maps/search/?api=1&query=wolrdcup%20hotel&query_place_id=ChIJ500WaX0RLxgRMF3ElrJrIow | https://www.google.com/maps/search/Hotel/@-1.3135946628330823,36.81664691653427,16z?hl=en",https://www.google.com/maps/search/?api=1&query=wolrdcup%20hotel&query_place_id=ChIJ500WaX0RLxgRMF3ElrJrIow,ChIJ500WaX0RLxgRMF3ElrJrIow,False
Wuduria Hotel,Hotel,"21908-00505 Mugo Kibiru Dr, Nairobi, Kenya",+254 733 280000,,,,,"https://www.google.com/travel/lodging/clk?pc=AA80Osz_pz1nyPJrHbyby2Zjz4G1FZtVrJsaSHFij2RrXZz3GJfGx-e4XAT1xz8cc1qiDKfsGLWRRv0BKtRs5-J_OOx0IF_J6sLMCSe0nFoYx6ffCqoKVJKfg_TwooeJ7OGnCyPIMv7x_pNOivnM1OIMISOmwBsEG4edKkbjWKlHVDYDpAdSlq5JWmRp&pcurl=https://live.ipms247.com/booking/searchroom_ghf.php?HotelId%3D16868%26checkin%3D2026-09-19%26nonights%3D1%26adults%3D2%26children%3D0%26roomtype%3D1686800000000000004%26rate_plan%3D1686800000000000004_1686800000000000005%26package_id%3D1686800000000000005&s=AD1XQnmwmx50htY7vblo7Ul8OoeR | https://live.ipms247.com/booking/searchroom_ghf.php?HotelId=16868&checkin=2026-09-19&nonights=1&adults=2&children=0&roomtype=1686800000000000004&rate_plan=1686800000000000004_1686800000000000005&package_id=1686800000000000005 | https://www.google.com/travel/lodging/clk?pc=AA80OsxFkJk6zj7bUzSWzJ1WMG9ia7cQM5mrbfwjywxH1qKaZVsd9A4du47e-YWs0Acc55MCvXRwYbw9mmISPpx9lvn8joFvhBLZOPefQ4S7wqSgkJisy_nPDWtRVettOT2ohS0owI-_aT_x04j9VXAFuATXEUX9crW61Dq_VVhBMON708x9cqX2LOfpApAktQU&pcurl=https://www.hotels.com/Hotel-Search?selected%3D17151122%26startDate%3D2026-09-19%26endDate%3D2026-09-20%26mdpcid%3DHCOM-US.META.HPA.HOTEL-ORGANIC-desktop.HOTEL%26MDPDTL%3DHTL.17151122.20260919.20260920.DDT.5.CID..AUDID.%26adults%3D2%26children%3D%26mctc%3D10%26mpf%3D8974.50%26mpg%3DUSD%26mpl%3DUSD%26mpj%3D1479.25%26mpr%3D0.00%26rffrid%3Dsem.hcom.US.156.024.mapresults.02.desktop-1.kwrd%3DGGMETA.17151122USen-20260919-D-ABW%3D5-camp%3D-aud%3D-N%26rateplanid%3D288327451%26mpm%3D24%26mpn%3D201804837%26mpo%3DEC%26mpp%3D1%26locale%3Den_US%26siteid%3D300000001&s=AD1XQnn4bGZidETYjgYRIqJM8XCO | https://www.hotels.com/Hotel-Search?selected=17151122&startDate=2026-09-19&endDate=2026-09-20&mdpcid=HCOM-US.META.HPA.HOTEL-ORGANIC-desktop.HOTEL&MDPDTL=HTL.17151122.20260919.20260920.DDT.5.CID..AUDID.&adults=2&children=&mctc=10&mpf=8974.50&mpg=USD&mpl=USD&mpj=1479.25&mpr=0.00&rffrid=sem.hcom.US.156.024.mapresults.02.desktop-1.kwrd=GGMETA.17151122USen-20260919-D-ABW=5-camp=-aud=-N&rateplanid=288327451&mpm=24&mpn=201804837&mpo=EC&mpp=1&locale=en_US&siteid=300000001 | https://www.google.com/travel/lodging/clk?pc=AA80OszeOaw8niBt-LuTBqdOk_7aJS3fLfwFhf2bJ5PaLOr6xXqxKPS7ZpTBJYPuMe2wd9Rwn6mga1px99L-XSMxb_aapL8p6hWfXgTHdfyL-845n-FyrxwoaIsQDjFy8YTp7V-sFTWtGwLgp7ZS_Kxth05WSOkyu1dWubIHOZHhLAnjqQd-ma3p_valQ6h0PR53&pcurl=https://www.expedia.com/Hotel-Search?selected%3D17151122%26startDate%3D2026-09-19%26endDate%3D2026-09-20%26MDPCID%3DUS.META.HPA.HOTEL-ORGANIC-desktop.HOTEL%26MDPDTL%3DHTL.17151122.20260919.20260920.DDT.5.CID..AUDID..RRID.bex_us_desktop%26mctc%3D10%26ct%3Dhotel%26mpg%3DUSD%26mpf%3D9453.00%26mpj%3D1479.50%26mpr%3D0.00%26mpl%3DUSD%26exp_pg%3Dgoogle%26langid%3Den%26ad%3D2%26tp%3D%26utm_source%3Dgoogle%26utm_medium%3Dcpc%26utm_term%3D17151122%26utm_content%3Dmapresults%26utm_campaign%3DHotelAds%26langid%3D1033%26adults%3D2%26children%3D%26rrid%3Dbex_us_desktop%26rateplanid%3D288327451%26mpm%3D24%26mpn%3D201804837%26mpo%3DEC%26mpp%3D1&s=AD1XQnm3wPGNOQjvekuBKeZ7FLsr | https://www.expedia.com/Hotel-Search?selected=17151122&startDate=2026-09-19&endDate=2026-09-20&MDPCID=US.META.HPA.HOTEL-ORGANIC-desktop.HOTEL&MDPDTL=HTL.17151122.20260919.20260920.DDT.5.CID..AUDID..RRID.bex_us_desktop&mctc=10&ct=hotel&mpg=USD&mpf=9453.00&mpj=1479.50&mpr=0.00&mpl=USD&exp_pg=google&langid=en&ad=2&tp=&utm_source=google&utm_medium=cpc&utm_term=17151122&utm_content=mapresults&utm_campaign=HotelAds&langid=1033&adults=2&children=&rrid=bex_us_desktop&rateplanid=288327451&mpm=24&mpn=201804837&mpo=EC&mpp=1 | https://www.google.com/travel/lodging/clk?pc=AA80OsxtXnVLlI7QxehXM9V_Wju3t799mVE7FfL6Q2sxF31_6ux6V5CPVV7YWlgISo2tDP05JQrc1-KDG6YMGVXNiZjn0TnMCfgYLuyaLoq3HryKWL1ITCSBA5N70yhVT07hSMOcuyfZ961yDHzPcEBwkkh6f5jsRr7ibri9IT5yoBoCVe0FJXXBBSTyuk2Brb0&pcurl=https://www.orbitz.com/Hotel-Search?selected%3D17151122%26startDate%3D2026-09-19%26endDate%3D2026-09-20%26adults%3D2%26children%3D%26MDPCID%3DORBITZ-US.META.HPA.ORGANIC-desktop.HOTEL%26MDPDTL%3Dhtl.17151122.20260919.20260920.DDT.5.CID..AUDID..mapresults%26mpg%3DUSD%26mpf%3D9453.00%26mpj%3D1479.50%26mpr%3D0.00%26mctc%3D10%26rateplanid%3D288327451%26mpm%3D24%26mpn%3D201804837%26mpo%3DEC%26mpp%3D1&s=AD1XQnlKA5nNg4h1zqmrFW56NFO3 | https://www.orbitz.com/Hotel-Search?selected=17151122&startDate=2026-09-19&endDate=2026-09-20&adults=2&children=&MDPCID=ORBITZ-US.META.HPA.ORGANIC-desktop.HOTEL&MDPDTL=htl.17151122.20260919.20260920.DDT.5.CID..AUDID..mapresults&mpg=USD&mpf=9453.00&mpj=1479.50&mpr=0.00&mctc=10&rateplanid=288327451&mpm=24&mpn=201804837&mpo=EC&mpp=1 | https://www.google.com/travel/lodging/clk?pc=AA80OszmledGG9I0Ix6hmK4LmORDt9YxOueilJ67pbt0Mnsfc53FUKR6GQLxPFeR4XC3FEZDmgyjBOo7Ptot-aD5ZrwRrbP_TOKxTX_lSXn_vqb0JNcXBJ2_PPMJryYD5VVt68rEleMUBWk_Z8hq28XBM3ad2u1nc3MOkbdwbK4EOUP0pzLmnEWxKoDjMf8Fx1tA&pcurl=https://www.travelocity.com/Hotel-Search?selected%3D17151122%26startDate%3D2026-09-19%26endDate%3D2026-09-20%26adults%3D2%26children%3D%26MDPCID%3Dtravelocity-US.META.HPA.ORGANIC.HOTEL%26MDPDTL%3DHTL.17151122.20260919.20260920.DDT.5.CID..AUDID..mapresults%26mpg%3DUSD%26mpf%3D9453.00%26mpj%3D1479.50%26mpr%3D0.00%26mctc%3D10%26rateplanid%3D288327451%26mpm%3D24%26mpn%3D201804837%26mpo%3DEC%26mpp%3D1&s=AD1XQnn54G_I3y6tcZuGq1IVuevM | https://www.travelocity.com/Hotel-Search?selected=17151122&startDate=2026-09-19&endDate=2026-09-20&adults=2&children=&MDPCID=travelocity-US.META.HPA.ORGANIC.HOTEL&MDPDTL=HTL.17151122.20260919.20260920.DDT.5.CID..AUDID..mapresults&mpg=USD&mpf=9453.00&mpj=1479.50&mpr=0.00&mctc=10&rateplanid=288327451&mpm=24&mpn=201804837&mpo=EC&mpp=1 | https://www.google.com/travel/lodging/clk?pc=AA80OszIgJKjgTDBqzbGQtD-WiL6oE2V7AZTBojZLRryLW1v2az4ce9XFbW6qjWUL1XWzNbCxXTGprtgHUTSBpxs7q6zlpWqFmBXnp726tE4rq7rZcjPxowkF5BZa-gYZ-q8aOEZBnwv1jcA0VcF715SsUxLwPkc26LJUXk0FrFvLZ6USxy-B7CfuGKssRe4KiHqXg&pcurl=https://deals.goseek.com/?sig%3D34c47a49c3e8320dca5a5dda0da2a460c1bc23afde972e2894a4ff0b6052fb53383131303836353931%26turl%3Dhttps%253A%252F%252Fwww.goseek.com%252FHotel%252FSearch%253FcheckIn%253D2026-09-19%2526checkOut%253D2026-09-20%2526currency%253DUSD%2526forceCurrencyChange%253D1%2526lang%253Den%2526forceLanguageChange%253D1%2526rooms%253D2%253A%2526utm_source%253Dgha%2526utm_medium%253Dcpc%2526hotelId%253D20866454%2526userCountry%253DUS%2526profile%253Dr2d2m73kn8%2526preferredRate%253D9453.00%2526deviceType%253Ddesktop%2526label%253Dsrc%25253Dgha%252526cltype%25253Dhotel%252526datype%25253Ddefault%252526gsite%25253Dmapresults%252526vf%25253D0%252526ucountry%25253DUS%252526udevice%25253Ddesktop%252526hotel%25253D20866454%252526day%25253D19%252526month%25253D09%252526year%25253D2026%252526los%25253D1%252526price%25253D9453.00%252526currency%25253DUSD%252526cid%25253D%252526listid%25253D%252526rateid%25253DUS_D%252526closerateid%25253D%252526promo%25253D0%252526isPrivateRate%25253D0%252526isAudienceUser%25253D0%252526isPaidClick%25253D0%252526%2526cp%253DtBcvIDCipYG6rE2WChAIvdUwGP6DCSIDVVNEUgEyEhoVlitU6BoLNm55V2UxTVBkWEkoAjD4953VBg&s=AD1XQnlLt9prlFHu-aJa8x65JM4Z | https://deals.goseek.com/?sig=34c47a49c3e8320dca5a5dda0da2a460c1bc23afde972e2894a4ff0b6052fb53383131303836353931&turl=https://www.goseek.com/Hotel/Search?checkIn=2026-09-19&checkOut=2026-09-20&currency=USD&forceCurrencyChange=1&lang=en&forceLanguageChange=1&rooms=2:&utm_source=gha&utm_medium=cpc&hotelId=20866454&userCountry=US&profile=r2d2m73kn8&preferredRate=9453.00&deviceType=desktop&label=src%3Dgha%26cltype%3Dhotel%26datype%3Ddefault%26gsite%3Dmapresults%26vf%3D0%26ucountry%3DUS%26udevice%3Ddesktop%26hotel%3D20866454%26day%3D19%26month%3D09%26year%3D2026%26los%3D1%26price%3D9453.00%26currency%3DUSD%26cid%3D%26listid%3D%26rateid%3DUS_D%26closerateid%3D%26promo%3D0%26isPrivateRate%3D0%26isAudienceUser%3D0%26isPaidClick%3D0%26&cp=tBcvIDCipYG6rE2WChAIvdUwGP6DCSIDVVNEUgEyEhoVlitU6BoLNm55V2UxTVBkWEkoAjD4953VBg | https://www.google.com/travel/lodging/clk?pc=AA80OszNbWxfjFJTPS8ViBeobTlUzvloJuQ2PyXw5Wb8rG36ei9e47FdbV6g2IN2ElyL9QhSOEfbI9XvSCf-uuJenAlU9ntZXLhndvuENjI3VqG77FXlPNtY6JWicH_reOUsn3Pv5_CqkhqPGXpCePhJIPA-ZQ1fN70ySs-piKrCHXL-djkMGOQ8SXRaUxWqT3guHThQiyo&pcurl=https://www.cheaptickets.com/Hotel-Search?selected%3D17151122%26startDate%3D2026-09-19%26endDate%3D2026-09-20%26MDPCID%3DCHEAPTICKETS-US.META.HPA.ORGANIC-desktop.HOTEL%26langid%3D1033%26adults%3D2%26children%3D%26MDPDTL%3Dhtl.17151122.20260919.20260920.DDT.5.CID..AUDID..mapresults%26mpg%3DUSD%26mpf%3D9453.00%26mpj%3D1479.50%26mpr%3D0.00%26mctc%3D10%26rateplanid%3D%26rateplanid%3D288327451%26mpm%3D24%26mpn%3D201804837%26mpo%3DEC%26mpp%3D1&s=AD1XQnkvZYRiw7mePpTJ9y125gQZ | https://www.cheaptickets.com/Hotel-Search?selected=17151122&startDate=2026-09-19&endDate=2026-09-20&MDPCID=CHEAPTICKETS-US.META.HPA.ORGANIC-desktop.HOTEL&langid=1033&adults=2&children=&MDPDTL=htl.17151122.20260919.20260920.DDT.5.CID..AUDID..mapresults&mpg=USD&mpf=9453.00&mpj=1479.50&mpr=0.00&mctc=10&rateplanid=&rateplanid=288327451&mpm=24&mpn=201804837&mpo=EC&mpp=1 | https://www.google.com/travel/lodging/clk?pc=AA80Osy3MrOiv4MXy--c0gkemHtsiEqpvqEF4sxxe1zXureeV5hPHMUxf_2SjcR7W-0nl1dzeoAzRpezFSbXP7Hif2sVamZjRGS8FW4gtrLNBXj9hTzbe3UYJHfq9oTjjYUA0x3JHVN4pP-Di5pCRzjM-RL9ayh9T_USONMQOzMsDrnVRqyMDgWVw8xRmQ&pcurl=https://www.bluepillow.com/search/5dc0432ee24da41e9810c7ee?begin%3D2026-09-19%26end%3D2026-09-20%26block_id%3D-b,IHqHA8f4DxAaFwWBmFk1G7KHtlOXktdnjfYuWu4DrV3KT-ZWzHiVUDS8Kea38zhI,-bpex-Hotel%26fees%3D1479.50%26tax%3D1479.50%26total%3D9371.00%26adults%3D2%26childs%3D0%26infants%3D0%26childrens%3D0%26country%3DUS%26currency%3DUSD%26language%3Den%26source%3Dmapresults%26utm_campaign%3Dhotel%26prid%3Dforeign&s=AD1XQnnSayHfoIhw5WAlYPhCsqxB | https://www.bluepillow.com/search/5dc0432ee24da41e9810c7ee?begin=2026-09-19&end=2026-09-20&block_id=-b,IHqHA8f4DxAaFwWBmFk1G7KHtlOXktdnjfYuWu4DrV3KT-ZWzHiVUDS8Kea38zhI,-bpex-Hotel&fees=1479.50&tax=1479.50&total=9371.00&adults=2&childs=0&infants=0&childrens=0&country=US&currency=USD&language=en&source=mapresults&utm_campaign=hotel&prid=foreign | https://www.google.com/travel/lodging/clk?pc=AA80OsxRHPpV7Ecgv0VUdXedfqsgspEb81BZciNZ8auqsjV9fAk1IrJceR-sLYEMxAUzT8jqaROx_IxkgagTd4n0ijZsSZnbVwyIJ9pOmLMWjSCDvjdDKsqIE481BhgfC-qlhIO878EpMzDC-xnloBUtpmehFvd5PAAUuzLQjEW8bkGU6A3o-R6A7aBg&pcurl=https://deals.vio.com/?sig%3D73aca13c7f952d2641c156f3e69125e1eb497c325f122828ee5aa8797168b9a12d32303331333438363233%26turl%3Dhttps%253A%252F%252Fwww.vio.com%252FHotel%252FSearch%253FcheckIn%253D2026-09-19%2526checkOut%253D2026-09-20%2526currency%253DUSD%2526forceCurrencyChange%253D1%2526lang%253Den%2526forceLanguageChange%253D1%2526rooms%253D2%253A%2526utm_source%253Dgha%2526utm_medium%253Dcpc%2526hotelId%253D20866454%2526userCountry%253DUS%2526profile%253Dr2d2m73kn8%2526preferredRate%253D9453.00%2526deviceType%253Ddesktop%2526label%253Dsrc%25253Dgha%252526cltype%25253Dhotel%252526datype%25253Ddefault%252526gsite%25253Dmapresults%252526vf%25253D0%252526ucountry%25253DUS%252526udevice%25253Ddesktop%252526hotel%25253D20866454%252526day%25253D19%252526month%25253D09%252526year%25253D2026%252526los%25253D1%252526price%25253D9453.00%252526currency%25253DUSD%252526cid%25253D%252526listid%25253D%252526rateid%25253DUS_D%252526closerateid%25253D%252526promo%25253D0%252526isPrivateRate%25253D0%252526isAudienceUser%25253D0%252526isPaidClick%25253D0%252526%2526cp%253D1z7UMAFb2Ue6rE2WChAIvdUwGP6DCSIDVVNEUgEyEhoV0W7fgRoLeGR1MXNLenpaMXMoAjDW_Z3VBg&s=AD1XQnluCHoaD6car3nlPELZ6fdW | https://deals.vio.com/?sig=73aca13c7f952d2641c156f3e69125e1eb497c325f122828ee5aa8797168b9a12d32303331333438363233&turl=https://www.vio.com/Hotel/Search?checkIn=2026-09-19&checkOut=2026-09-20&currency=USD&forceCurrencyChange=1&lang=en&forceLanguageChange=1&rooms=2:&utm_source=gha&utm_medium=cpc&hotelId=20866454&userCountry=US&profile=r2d2m73kn8&preferredRate=9453.00&deviceType=desktop&label=src%3Dgha%26cltype%3Dhotel%26datype%3Ddefault%26gsite%3Dmapresults%26vf%3D0%26ucountry%3DUS%26udevice%3Ddesktop%26hotel%3D20866454%26day%3D19%26month%3D09%26year%3D2026%26los%3D1%26price%3D9453.00%26currency%3DUSD%26cid%3D%26listid%3D%26rateid%3DUS_D%26closerateid%3D%26promo%3D0%26isPrivateRate%3D0%26isAudienceUser%3D0%26isPaidClick%3D0%26&cp=1z7UMAFb2Ue6rE2WChAIvdUwGP6DCSIDVVNEUgEyEhoV0W7fgRoLeGR1MXNLenpaMXMoAjDW_Z3VBg | https://www.google.com/travel/lodging/clk?pc=AA80OszsYnTl603fUeKHEtDpraVXyiXY6s7Jo_nIwDuRwD9pVhQhSi_Fv093G21wVyoKX55-W4EHLiHh09E1rU2o-qNg5PFRw0ZZ6nr2mq6HIVJszQa66MGBKsZa0C7OSExq9dv19IP6eNECX9Rd4KqsPRAdnhnMZ27rrg0iISVsjAMuFJvYB3I&pcurl=https://deals.etrip.net/?sig%3De9cc68956712e1e5d60f579a67e54afadd83f5d631dc9782cc50d47864de2f2c2d32303330363031313335%26turl%3Dhttps%253A%252F%252Fsearch.etrip.net%252FHotel%252FSearch%253FcheckIn%253D2026-09-19%2526checkOut%253D2026-09-20%2526currency%253DUSD%2526forceCurrencyChange%253D1%2526lang%253Den%2526forceLanguageChange%253D1%2526rooms%253D2%253A%2526utm_source%253Dgha%2526utm_medium%253Dcpc%2526hotelId%253D20866454%2526userCountry%253DUS%2526profile%253Dr2d2m73kn8%2526preferredRate%253D9453.00%2526label%253Dsrc%25253Dgha%252526cltype%25253Dhotel%252526datype%25253Ddefault%252526gsite%25253Dmapresults%252526vf%25253D0%252526ucountry%25253DUS%252526udevice%25253Ddesktop%252526hotel%25253D20866454%252526day%25253D19%252526month%25253D09%252526year%25253D2026%252526los%25253D1%252526price%25253D9453.00%252526currency%25253DUSD%252526cid%25253D%252526listid%25253D%252526rateid%25253DUS_D%252526closerateid%25253D%252526promo%25253D0%252526isPrivateRate%25253D0%252526isAudienceUser%25253D0%252526isPaidClick%25253D0%252526%2526cp%253D1z7UMAFb2Ue6rE2WChAIvdUwGP6DCSIDVVNEUgEyEhoV0W7fgRoLeGR1MXNLenpaMXMoAjDW_Z3VBg&s=AD1XQnmHXaLRXfX346_lT79zN_VO | https://deals.etrip.net/?sig=e9cc68956712e1e5d60f579a67e54afadd83f5d631dc9782cc50d47864de2f2c2d32303330363031313335&turl=https://search.etrip.net/Hotel/Search?checkIn=2026-09-19&checkOut=2026-09-20&currency=USD&forceCurrencyChange=1&lang=en&forceLanguageChange=1&rooms=2:&utm_source=gha&utm_medium=cpc&hotelId=20866454&userCountry=US&profile=r2d2m73kn8&preferredRate=9453.00&label=src%3Dgha%26cltype%3Dhotel%26datype%3Ddefault%26gsite%3Dmapresults%26vf%3D0%26ucountry%3DUS%26udevice%3Ddesktop%26hotel%3D20866454%26day%3D19%26month%3D09%26year%3D2026%26los%3D1%26price%3D9453.00%26currency%3DUSD%26cid%3D%26listid%3D%26rateid%3DUS_D%26closerateid%3D%26promo%3D0%26isPrivateRate%3D0%26isAudienceUser%3D0%26isPaidClick%3D0%26&cp=1z7UMAFb2Ue6rE2WChAIvdUwGP6DCSIDVVNEUgEyEhoV0W7fgRoLeGR1MXNLenpaMXMoAjDW_Z3VBg",https://www.google.com/maps/search/?api=1&query=Wuduria%20Hotel&query_place_id=ChIJu0-_kZsQLxgRVfgxUlp0VA8,ChIJu0-_kZsQLxgRVfgxUlp0VA8,False
Zam Zam Hotel,Hotel,"MQWP+785 Zam Zam Centre, Joseph Kangethe Rd, Nairobi, Kenya",,,,,,"https://www.google.com/maps/search/?api=1&query=Zam%20Zam%20Hotel&query_place_id=ChIJZ3UYP4MQLxgR3Xo3RCZG_Nc | https://www.google.com/maps/search/Hotel/@-1.296413588499247,36.78227498330685,16z?hl=en",https://www.google.com/maps/search/?api=1&query=Zam%20Zam%20Hotel&query_place_id=ChIJZ3UYP4MQLxgR3Xo3RCZG_Nc,ChIJZ3UYP4MQLxgR3Xo3RCZG_Nc,False
Zhongtian Swiss Hotel,Hotel,"68 Ralph Bunche Rd, Nairobi, Kenya",,,,,,"https://www.google.com/maps/search/?api=1&query=Zhongtian%20Swiss%20Hotel&query_place_id=ChIJk09U2LIRLxgRTovf6UrAG6E | https://www.google.com/maps/search/Hotel/@-1.296413588499247,36.81664691653427,16z?hl=en | https://lh3.googleusercontent.com/gps-cs-s/AHRPTWm7_zLOc4-XZSX-CB11eSG7wZlvJkeb8XZ5wvC-fNqVBrb97QiQ2TxR7zdw22pez0BkXgCirTp-GQ7GsB-RKSim9pCzfg6Zbkwzt56h-96oZAj1cxsoP3cmMUsWc8_Qk3ElE80JacmXqrpX=w426-h240-k-no",https://www.google.com/maps/search/?api=1&query=Zhongtian%20Swiss%20Hotel&query_place_id=ChIJk09U2LIRLxgRTovf6UrAG6E,ChIJk09U2LIRLxgRTovf6UrAG6E,False
内罗毕小米Hotel,Hotel,"PQ2Q+PMF, Kindaruma Rd, Nairobi, Kenya",,,,,,"https://www.google.com/maps/search/?api=1&query=%E5%86%85%E7%BD%97%E6%AF%95%E5%B0%8F%E7%B1%B3Hotel&query_place_id=ChIJaa21QAARLxgRtLKSEr20xwU | https://www.google.com/maps/search/Hotel/@-1.296413588499247,36.78227498330685,16z?hl=en | https://lh3.googleusercontent.com/gps-cs-s/AHRPTWlJiTVo6cMJdJu-Q-mgW8DD-NyT7DOONJsiS96AJ-ogsFfPKj-KqKnWnHLlDvNDAJoC9WVkgoPdwGkokpCniWEHZ4T4ZLoQG9olpdX2HRasdl1QhTQOY7feWE4WFyq4UlEvIzI3=w408-h306-k-no",https://www.google.com/maps/search/?api=1&query=%E5%86%85%E7%BD%97%E6%AF%95%E5%B0%8F%E7%B1%B3Hotel&query_place_id=ChIJaa21QAARLxgRtLKSEr20xwU,ChIJaa21QAARLxgRtLKSEr20xwU,False
Nairobi,Hungarian restaurant,"MQMP+RFP, Murang'a Rd, Nairobi, Kenya",+254 741 563027,,,,,"https://www.google.com/maps/search/?api=1&query=Nairobi&query_place_id=ChIJyaEtOAoRLxgRMiDXhPDShIQ | https://www.google.com/maps/search/restaurant/@-1.3135946628330823,36.78227498330685,16z?hl=en | https://lh3.googleusercontent.com/gps-cs-s/AHRPTWlrXxUzrRO_XU7xD0KB6a5sCB3fu3WM3idqjLF1Oqxr0WNfiA-hslbjPAE5BGM4ue1Qg9REBMxNXBgF2gzJKAjt1wAb3yfD8MWhy7e28EI8TGkX7dgsKXiMoR-mO1F8K-BLKHE3=w408-h544-k-no",https://www.google.com/maps/search/?api=1&query=Nairobi&query_place_id=ChIJyaEtOAoRLxgRMiDXhPDShIQ,ChIJyaEtOAoRLxgRMiDXhPDShIQ,False
Cinnamon The Flavor Of India,Indian restaurant,"Ngong Rd, Nairobi, Kenya",+254 784 113344,,,,,"https://www.google.com/maps/search/?api=1&query=Cinnamon%20The%20Flavor%20Of%20India&query_place_id=ChIJK0JTywsbLxgROPaJ95-Dt4Y | https://www.google.com/maps/search/restaurant/@-1.296413588499247,36.76508901669314,16z?hl=en | https://lh3.googleusercontent.com/gps-cs-s/AHRPTWn4-oUCcNWz6f_jlf-sLgWC28AdMLy6CXSiWSbks2LdAZchsllICnMKcpOdFDEvFigx2z0-tjgHkSpjb4EQ9rSdSpL3Go1VTjlVJAegjX5r5Dok7txpVrkrGmEEVXo2T0YIalL8hg=w526-h240-k-no",https://www.google.com/maps/search/?api=1&query=Cinnamon%20The%20Flavor%20Of%20India&query_place_id=ChIJK0JTywsbLxgROPaJ95-Dt4Y,ChIJK0JTywsbLxgROPaJ95-Dt4Y,False
Indian Khazanah,Indian restaurant,"Galleria Mall, Langata Rd, Nairobi, Kenya",+254 713 430555,,,,,"https://www.google.com/maps/search/?api=1&query=Indian%20Khazanah&query_place_id=ChIJY4vVOq8aLxgRHevzybwwtJ8 | https://www.google.com/maps/search/restaurant/@-1.3479568115007532,36.78227498330685,16z?hl=en | https://lh3.googleusercontent.com/gps-cs-s/AHRPTWlrvbzpqWImKfirQCN7I1Tp2nnlH8oRvm7gSnv6aV96TbKgq5TdkxPdvzVCAqWibx6E_PEXL6RCpePtk_aUOr8SVqw5wfp-wG0fp9Bt3KPVFELUlyiAaBBA6V1DPoCuYiC55KtXyg=w408-h306-k-no",https://www.google.com/maps/search/?api=1&query=Indian%20Khazanah&query_place_id=ChIJY4vVOq8aLxgRHevzybwwtJ8,ChIJY4vVOq8aLxgRHevzybwwtJ8,False
Sanjha Chulha Restaurant,Indian restaurant,"MQXJ+H7X, Adams Arcade, Ngong Rd, Nairobi, Kenya",+254 715 765311,,,,,"https://www.google.com/maps/search/?api=1&query=Sanjha%20Chulha%20Restaurant&query_place_id=ChIJIf89tK4bLxgRZ-ZhZp_gGqM | https://www.google.com/maps/search/restaurant/@-1.296413588499247,36.76508901669314,16z?hl=en | https://lh3.googleusercontent.com/gps-cs-s/AHRPTWk1sS_Txd588f8zewWM5tdzGZhfoY-AzIvcRpXHivIX59GCY_xY2LlQDxzLhqOmgu9F3eLa41b6ZFYeeKU2kh8AB1O9qIjpEO2CkUAoRBKzqFOOAGSR48xh7FsmImyQMC77pLSC=w408-h306-k-no",https://www.google.com/maps/search/?api=1&query=Sanjha%20Chulha%20Restaurant&query_place_id=ChIJIf89tK4bLxgRZ-ZhZp_gGqM,ChIJIf89tK4bLxgRZ-ZhZp_gGqM,False
Spring Restaurant & Bar,Japanese restaurant,"PQ2W+R4C, Kindaruma Rd, Nairobi, Kenya",+254 716 826061,,,,,"https://www.google.com/maps/search/?api=1&query=Spring%20Restaurant%20%26%20Bar&query_place_id=ChIJO9mvxmcRLxgRbv4IR-bZiAw | https://www.google.com/maps/search/restaurant/@-1.296413588499247,36.78227498330685,16z?hl=en",https://www.google.com/maps/search/?api=1&query=Spring%20Restaurant%20%26%20Bar&query_place_id=ChIJO9mvxmcRLxgRbv4IR-bZiAw,ChIJO9mvxmcRLxgRbv4IR-bZiAw,False
Flaming Oven Restaurant and Meat Market,Kofta restaurant,"0""S 36°46'03 7""E, Nairobi, Kenya",+254 707 662342,,,,,"https://www.google.com/maps/search/?api=1&query=Flaming%20Oven%20Restaurant%20and%20Meat%20Market&query_place_id=ChIJN1Ml12MbLxgRe4owDW25HoA | https://www.google.com/maps/search/restaurant/@-1.2895935545454547,36.773318836363636,17.002337659462743z?hl=en | http://t2.gstatic.com/images?q=tbn:ANd9GcT3GsEyWypcds8HUVNVcA7bxRpVonmC8nMeyp4E31esCiMTeGbc",https://www.google.com/maps/search/?api=1&query=Flaming%20Oven%20Restaurant%20and%20Meat%20Market&query_place_id=ChIJN1Ml12MbLxgRe4owDW25HoA,ChIJN1Ml12MbLxgRe4owDW25HoA,False
궁 한식당,Korean restaurant,"Oloitoktok Road, Nairobi, Kenya",+254 717 213162,,,,,"https://www.google.com/maps/search/?api=1&query=%EA%B6%81%20%ED%95%9C%EC%8B%9D%EB%8B%B9&query_place_id=ChIJi-j_0vIbLxgRU--S_OasKFY | https://www.google.com/maps/search/restaurant/@-1.293340725,36.778052200000005,17.00233553235424z?hl=en | https://lh3.googleusercontent.com/gps-cs-s/AHRPTWloJV5YTw1G8ln3u939v5D4CL16z1DD3V4i8eGM3RRZJjv4n-Mws85bB9iGMiGIaRKOdNcGGE3dYwaht105HzfVS0Oq4JtAJVeTVVHPmlBUpFUd4Uu3Q2S_70lDl_zoCllKifuu=w408-h725-k-no",https://www.google.com/maps/search/?api=1&query=%EA%B6%81%20%ED%95%9C%EC%8B%9D%EB%8B%B9&query_place_id=ChIJi-j_0vIbLxgRU--S_OasKFY,ChIJi-j_0vIbLxgRU--S_OasKFY,False
Boutique hotel and en-suite,Lodging,"Nairobi, Kenya",,,,,,"https://www.google.com/maps/search/?api=1&query=Boutique%20hotel%20and%20en-suite&query_place_id=ChIJt72WxnMaLxgRWELesCF2Mhs | https://www.google.com/maps/search/Hotel/@-1.296413588499247,36.76508901669314,16z?hl=en | https://freecancellationscdn-hsbgcwfragasdpfe.z01.azurefd.net/remote/media.vrbo.com/lodging/36000000/35530000/35527000/35526914/0553c2ba.jpg?impolicy=ccrop&w=1000&h=666&q=medium&w=1024&h=683&mode=crop&scale=both&anchor=middlecenter&quality=80",https://www.google.com/maps/search/?api=1&query=Boutique%20hotel%20and%20en-suite&query_place_id=ChIJt72WxnMaLxgRWELesCF2Mhs,ChIJt72WxnMaLxgRWELesCF2Mhs,False
Homely 3bedroom rental with hotel like amenities,Lodging,"Nairobi, Kenya",,,,,,"https://www.google.com/travel/lodging/clk?pc=AA80OsyOacNdtcAFbMuKTga3qDvu-I7dECOKAQEhZHJJONK25QEOsmfsNDGAZDxlh1l2o0TKXvmzbHokEjb4tP6FmWM1oU30I7Xd24FdrCHXQ3i8gWNTrS67trvzuKPF5OG5U6o7i0JA9M4M1G5xxAHVzfEaYbS3D58kfk9e6ZcpX-YvkCzwuRpQew&pcurl=https://www.vrbo.com/search?selected%3D89146290%26startDate%3D2026-09-19%26endDate%3D2026-09-20%26adults%3D2%26children%3D%26MDPCID%3DVRBO-US.META.HPA.ORGANIC-desktop.VR%26MDPDTL%3DHTL.89146290.20260919.20260920.DDT.5.CID..AUDID..RRID.vrbo_us_desktop%26mctc%3D10%26ct%3Dhotel%26mpg%3DUSD%26mpf%3D86.00%26mpj%3D7.00%26mpr%3D7.00%26mpl%3DUSD%26langid%3Den%26rateplanid%3D0004d61e7569d3b24a50b60ad6b6b4e2dd5e%26mpm%3D103%26mpn%3D89146290%26mpo%3DEC%26mpp%3D1&s=AD1XQnlN7n7kqlJbzUcNquiho-J2 | https://www.vrbo.com/search?selected=89146290&startDate=2026-09-19&endDate=2026-09-20&adults=2&children=&MDPCID=VRBO-US.META.HPA.ORGANIC-desktop.VR&MDPDTL=HTL.89146290.20260919.20260920.DDT.5.CID..AUDID..RRID.vrbo_us_desktop&mctc=10&ct=hotel&mpg=USD&mpf=86.00&mpj=7.00&mpr=7.00&mpl=USD&langid=en&rateplanid=0004d61e7569d3b24a50b60ad6b6b4e2dd5e&mpm=103&mpn=89146290&mpo=EC&mpp=1 | https://www.google.com/travel/lodging/clk?pc=AA80OszjOsWYKeyGeHyL4qzZzrEIOw4KCPnK4Zytz27SXSvWFD1G7s77RRYD6hAslW7QJi1UKme4WzOiF2GFwGEjoLE7t39Sam0E8MG3l7HYLCX_i40FdyQtIR_W8MsWcUEdTtbillv6V-RtFdObS8o1pRd2YHWZESIrskLAp1KNOcR6hG9xP0eaH0M0OCT52Q&pcurl=https://www.bluepillow.com/search/63975c4ab05b4aeb869d76f4?begin%3D2026-09-19%26end%3D2026-09-20%26block_id%3D-b,Zu0GcGXDyvwjNMPJcsnAfV8WaoJlC9cOuBUGT9oOhxc,-bpvr-Apartment%26adults%3D2%26childs%3D0%26infants%3D0%26childrens%3D0%26country%3DUS%26currency%3DUSD%26language%3Den%26source%3Dmapresults%26utm_campaign%3Dvr%26prid%3Dvrbo_open&s=AD1XQnnX0WxEN_ijbxrEt7hslrkY | https://www.bluepillow.com/search/63975c4ab05b4aeb869d76f4?begin=2026-09-19&end=2026-09-20&block_id=-b,Zu0GcGXDyvwjNMPJcsnAfV8WaoJlC9cOuBUGT9oOhxc,-bpvr-Apartment&adults=2&childs=0&infants=0&childrens=0&country=US&currency=USD&language=en&source=mapresults&utm_campaign=vr&prid=vrbo_open | https://www.google.com/maps/search/?api=1&query=Homely%203bedroom%20rental%20with%20hotel%20like%20amenities&query_place_id=ChIJ0y6HRXMaLxgRzQJrQzscUBk | https://www.google.com/maps/search/Hotel/@-1.296413588499247,36.76508901669314,16z?hl=en | https://media.vrbo.com/lodging/90000000/89150000/89146300/89146290/3ad8c26c.jpg",https://www.google.com/maps/search/?api=1&query=Homely%203bedroom%20rental%20with%20hotel%20like%20amenities&query_place_id=ChIJ0y6HRXMaLxgRzQJrQzscUBk,ChIJ0y6HRXMaLxgRzQJrQzscUBk,False
Hook & Cook Club Langata Rd.,Lounge bar,"MRG2+JX9, Langata Rd, Nairobi, Kenya",+254 792 886331,,,,,"https://www.google.com/maps/search/?api=1&query=Hook%20%26%20Cook%20Club%20Langata%20Rd.&query_place_id=ChIJf7A1UQARLxgRr2bQASUq9LY | https://www.google.com/maps/search/restaurant/@-1.3307757371669178,36.81664691653427,16z?hl=en",https://www.google.com/maps/search/?api=1&query=Hook%20%26%20Cook%20Club%20Langata%20Rd.&query_place_id=ChIJf7A1UQARLxgRr2bQASUq9LY,ChIJf7A1UQARLxgRr2bQASUq9LY,False
CARNIVORES MEAT MASTER,Meat dish restaurant,"PQ25+QQG, PQ35+4W8, Riara Rd, Naivasha Rd, Nairobi, Kenya",+254 720 434384,,,,,"https://www.google.com/maps/search/?api=1&query=CARNIVORES%20MEAT%20MASTER&query_place_id=ChIJT905jgAbLxgRCyoRjGMWYkA | https://www.google.com/maps/search/restaurant/@-1.30206825,36.7531745,17.002330554175863z?hl=en | https://lh3.googleusercontent.com/gps-cs-s/AHRPTWmp40g85pTQ9evz3QoarlnWQL_lq6R5pesN5yzEYzJNsIgXIftxb7ZKabLDM8RlnqTLICi6wNpRpQgv6LRLyLZ5m7rJksHgAr6vauXkBmolw6kGVDAdkt4vDO-ElQIPPC0mm0XfnVIdXaw0=w513-h240-k-no",https://www.google.com/maps/search/?api=1&query=CARNIVORES%20MEAT%20MASTER&query_place_id=ChIJT905jgAbLxgRCyoRjGMWYkA,ChIJT905jgAbLxgRCyoRjGMWYkA,False
Derbys Meat Parlour,Meat wholesaler,"PQ29+36F, Ngong road Jamuhuri, Kenya",+254 701 131211,,,,,"https://www.google.com/maps/search/?api=1&query=Derbys%20Meat%20Parlour&query_place_id=ChIJ96xPYcobLxgRriYAP1nEWuY | https://www.google.com/maps/search/restaurant/@-1.2999357,36.7739766,17.00233177367389z?hl=en | https://streetviewpixels-pa.googleapis.com/v1/thumbnail?panoid=5d4fS5bhE43KruBWSHnNOQ&cb_client=search.gws-prod.gps&w=408&h=240&yaw=334.1101&pitch=0&thumbfov=100",https://www.google.com/maps/search/?api=1&query=Derbys%20Meat%20Parlour&query_place_id=ChIJ96xPYcobLxgRriYAP1nEWuY,ChIJ96xPYcobLxgRriYAP1nEWuY,False
Pizza Loca Lavington,Pizza restaurant,"PQ7F+34M, Nairobi, Kenya",+254 706 684329,,,,,"https://www.google.com/maps/search/?api=1&query=Pizza%20Loca%20Lavington&query_place_id=ChIJrePJgjkZLxgR9bO_ZlqRMUI | https://www.google.com/maps/search/restaurant/@-1.2895935545454547,36.773318836363636,17.002337659462743z?hl=en | https://streetviewpixels-pa.googleapis.com/v1/thumbnail?panoid=ji1HIa1YWwH6JNrE1iR0NQ&cb_client=search.gws-prod.gps&w=408&h=240&yaw=248.80264&pitch=0&thumbfov=100",https://www.google.com/maps/search/?api=1&query=Pizza%20Loca%20Lavington&query_place_id=ChIJrePJgjkZLxgR9bO_ZlqRMUI,ChIJrePJgjkZLxgR9bO_ZlqRMUI,False
Pizza Queen,Pizza restaurant,"MP6X+424, Nairobi, Kenya",+254 706 856689,,,,,"https://www.google.com/maps/search/?api=1&query=Pizza%20Queen&query_place_id=ChIJAVASYugbLxgRdwHrMv7cW_o | https://www.google.com/maps/search/restaurant/@-1.3479568115007532,36.74790305007943,16z?hl=en | https://lh3.googleusercontent.com/gps-cs-s/AHRPTWmCKKyAnoSAHVMOPIo7rN62jPNi86qjenLJpkGXFtlCTZ9I8_aWy3_uh4QyGmUtGVsX9Q_8H7YwSyiIsHy2ZAuws0kQ3iBk1H3HoCVfAglIZ_Lz0ZvaPdMyXPWnKxOIHKj8UO6f=w408-h408-k-no",https://www.google.com/maps/search/?api=1&query=Pizza%20Queen&query_place_id=ChIJAVASYugbLxgRdwHrMv7cW_o,ChIJAVASYugbLxgRdwHrMv7cW_o,False
Pizza Station,Pizza restaurant,"PQ6C+RR5, Muthangari Rd, Nairobi, Kenya",+254 720 006016,,,,,"https://www.google.com/maps/search/?api=1&query=Pizza%20Station&query_place_id=ChIJ52WuHgAbLxgRZZUjBV6fcno | https://www.google.com/maps/search/restaurant/@-1.2895935545454547,36.773318836363636,17.002337659462743z?hl=en | http://t2.gstatic.com/images?q=tbn:ANd9GcRTmGmFx2ef0li9XToCeZawTf4gB_bA96mj6ZPpYeaPQdI2w_Jj",https://www.google.com/maps/search/?api=1&query=Pizza%20Station&query_place_id=ChIJ52WuHgAbLxgRZZUjBV6fcno,ChIJ52WuHgAbLxgRZZUjBV6fcno,False
Pizzeria il Portico,Pizza restaurant,"PQ9C+W2P, Nairobi, Kenya",+254 743 144990,,,,,"https://www.google.com/maps/search/?api=1&query=Pizzeria%20il%20Portico&query_place_id=ChIJBzTy5vcZLxgRzR3MVZQfVaw | https://www.google.com/maps/search/restaurant/@-1.2792325141654115,36.76508901669314,16z?hl=en | https://lh3.googleusercontent.com/gps-cs-s/AHRPTWmnC2Yz0Z7aMzofMBAw2wl6wZ6mWmyZrCLeg4-w5pudS_hKKIU40QUsOYFFCOpSKIEkpHGOTEixLEy8vj7W2L3sWyIj87iQDl0ikgCnhz82ase-CzFwy6I9dTNQva3ERxlqZ511=w408-h306-k-no",https://www.google.com/maps/search/?api=1&query=Pizzeria%20il%20Portico&query_place_id=ChIJBzTy5vcZLxgRzR3MVZQfVaw,ChIJBzTy5vcZLxgRzR3MVZQfVaw,True
The Brick Pizzeria,Pizza restaurant,"MPQV+338, Ngong Rd, Nairobi, Kenya",,,,,,"https://www.google.com/maps/search/?api=1&query=The%20Brick%20Pizzeria&query_place_id=ChIJYQgxmS8bLxgRlsZMvkXpnkA | https://www.google.com/maps/search/restaurant/@-1.3135946628330823,36.73071708346572,16z?hl=en | https://lh3.googleusercontent.com/gps-cs-s/AHRPTWlzKh1LxZ3sCnqF_PHfBscTg8r0M28sz5W4TTuMPCp7H6JjiYFmTwqLTnuI-yaOSfjf5pEY3w4MgKsNSJJ9VkuidZBC6FZJHTILh8cxECZVkSiJj7vWHS5-Xb6KkPC6kLID8L4I2A=w408-h306-k-no",https://www.google.com/maps/search/?api=1&query=The%20Brick%20Pizzeria&query_place_id=ChIJYQgxmS8bLxgRlsZMvkXpnkA,ChIJYQgxmS8bLxgRlsZMvkXpnkA,False
Crave pizza,Pizza Takeout,"Pefa Ngando, Nairobi, Kenya",+254 708 822969,,,,,"https://www.google.com/maps/search/?api=1&query=Crave%20pizza&query_place_id=ChIJ-cdQ-NwbLxgR05Y9A_yVcyE | https://www.google.com/maps/search/restaurant/@-1.296413588499247,36.73071708346572,16z?hl=en | https://lh3.googleusercontent.com/gps-cs-s/AHRPTWlkt-NZTqKLUCQ2OlAW90BXnKC0_LVtFfZnkgtFl72O7k55kPCtugZr9EmW3vJYtNCKc_eqEvySg0ktZoaZj2oqJ56pBvtQYfpuCUzcKmFtOw-cjQW_pnZPcABXx0o5K_UIPR40CsG33JTX=w408-h544-k-no",https://www.google.com/maps/search/?api=1&query=Crave%20pizza&query_place_id=ChIJ-cdQ-NwbLxgR05Y9A_yVcyE,ChIJ-cdQ-NwbLxgR05Y9A_yVcyE,False
Italy Pizza Takeaway,Pizza Takeout,"Kirichwa Rd, Nairobi, Kenya",+254 107 585858,,,,,"https://www.google.com/maps/search/?api=1&query=Italy%20Pizza%20Takeaway&query_place_id=ChIJQzwFMLcbLxgRur_mUo5dEwU | https://www.google.com/maps/search/restaurant/@-1.293340725,36.778052200000005,17.00233553235424z?hl=en | https://lh3.googleusercontent.com/gps-cs-s/AHRPTWmn7INB86hcGQIZDHCyhNlVwgMz0GMXDRTQKwVufPuRTqbZ1OgAmEprL2H6_n8xDxnRmxXlQj_EopkfPhviiYzA9zc5x25oaxFVk-zLyiaUPuHqysmKsugd8yTSUibqhIIg6xkmST2XaKc=w408-h612-k-no",https://www.google.com/maps/search/?api=1&query=Italy%20Pizza%20Takeaway&query_place_id=ChIJQzwFMLcbLxgRur_mUo5dEwU,ChIJQzwFMLcbLxgRur_mUo5dEwU,False
Ristorante Leo,Pizza Takeout,"Leo residences, Hatheru Rd, Nairobi, Kenya",+254 721 112112,,,,,"https://www.google.com/maps/search/?api=1&query=Ristorante%20Leo&query_place_id=ChIJ5e3eiBUbLxgR7FPnzHBgNMI | https://www.google.com/maps/search/restaurant/@-1.2906210500000002,36.76305955,17.00233707681184z?hl=en | https://lh3.googleusercontent.com/gps-cs-s/AHRPTWlefQDnC5mgTPwZpHkREjeNe3acYoKl3grfEFdCpGtw9fVvEU8sj7uGws14Xuxy7Py3MF5HXhrmDdrimowINYvu7CAMC7UXRqkmFnbAnEyFV-P_6Sj1INmgwU6qYOq3eDcqwu_ehfHZD2eC=w408-h386-k-no",https://www.google.com/maps/search/?api=1&query=Ristorante%20Leo&query_place_id=ChIJ5e3eiBUbLxgR7FPnzHBgNMI,ChIJ5e3eiBUbLxgR7FPnzHBgNMI,False
"Bali's Best Resort, Nairobi Kenya",Resort hotel,"Nairobi, Kenya",+254 702 078333,,,,,"https://www.google.com/travel/lodging/clk?pc=AA80Osx6hNi5Yka30PDpJTmte6k2VswSUPqlwTVUkkG7RL0j1W3_X0WV7LrByG9MAaUAgux-btV6sT3_eT7MpuPhAYre6K7W1RnnBg2eYYUQqy33Xp_0hKZ4HD4G6lUllNIbeu12filyoGaRPa-rvBrdNEiPCJK3pdgIvrmjOGL1_6DAVL2ALuP7yTzZHeyNr1Q&pcurl=https://www.hotels.com/Hotel-Search?selected%3D17678216%26startDate%3D2026-09-19%26endDate%3D2026-09-20%26mdpcid%3DHCOM-US.META.HPA.HOTEL-ORGANIC-desktop.HOTEL%26MDPDTL%3DHTL.17678216.20260919.20260920.DDT.5.CID..AUDID.%26adults%3D2%26children%3D%26mctc%3D10%26mpf%3D42.20%26mpg%3DUSD%26mpl%3DUSD%26mpj%3D7.02%26mpr%3D0.00%26rffrid%3Dsem.hcom.US.156.024.mapresults.02.desktop-1.kwrd%3DGGMETA.17678216USen-20260919-D-ABW%3D5-camp%3D-aud%3D-N%26rateplanid%3D209654312%26mpm%3D24%26mpn%3D201880902%26mpo%3DEC%26mpp%3D1%26locale%3Den_US%26siteid%3D300000001&s=AD1XQnk5lqY4tEJYblp9LpjtYsLz | https://www.hotels.com/Hotel-Search?selected=17678216&startDate=2026-09-19&endDate=2026-09-20&mdpcid=HCOM-US.META.HPA.HOTEL-ORGANIC-desktop.HOTEL&MDPDTL=HTL.17678216.20260919.20260920.DDT.5.CID..AUDID.&adults=2&children=&mctc=10&mpf=42.20&mpg=USD&mpl=USD&mpj=7.02&mpr=0.00&rffrid=sem.hcom.US.156.024.mapresults.02.desktop-1.kwrd=GGMETA.17678216USen-20260919-D-ABW=5-camp=-aud=-N&rateplanid=209654312&mpm=24&mpn=201880902&mpo=EC&mpp=1&locale=en_US&siteid=300000001 | https://www.google.com/travel/lodging/clk?pc=AA80OsyfsPBhlEVisnJLOgQRq30zwjBYqAvjCvYrRMyDdhYNQ8WJoowdXmXVEcRLa8os3CZ4Xxfc2S7Om8vXxppPQQ5njUf1jpzJ1I2mSh79xHhYdE1yfmc72owmMQp8fQqjpyr7_JBkjkKuhNNcqXinZWd8zlyVcmHPMZRLHSzJ8L33NOLPmu8l3_0JjKSl_pxr&pcurl=https://www.expedia.com/Hotel-Search?selected%3D17678216%26startDate%3D2026-09-19%26endDate%3D2026-09-20%26MDPCID%3DUS.META.HPA.HOTEL-ORGANIC-desktop.HOTEL%26MDPDTL%3DHTL.17678216.20260919.20260920.DDT.5.CID..AUDID..RRID.bex_us_desktop%26mctc%3D10%26ct%3Dhotel%26mpg%3DUSD%26mpf%3D44.44%26mpj%3D7.02%26mpr%3D0.00%26mpl%3DUSD%26exp_pg%3Dgoogle%26langid%3Den%26ad%3D2%26tp%3D%26utm_source%3Dgoogle%26utm_medium%3Dcpc%26utm_term%3D17678216%26utm_content%3Dmapresults%26utm_campaign%3DHotelAds%26langid%3D1033%26adults%3D2%26children%3D%26rrid%3Dbex_us_desktop%26rateplanid%3D209654312%26mpm%3D24%26mpn%3D201880902%26mpo%3DEC%26mpp%3D1&s=AD1XQnkO5Vj1yec0Jdqaekg9COWN | https://www.expedia.com/Hotel-Search?selected=17678216&startDate=2026-09-19&endDate=2026-09-20&MDPCID=US.META.HPA.HOTEL-ORGANIC-desktop.HOTEL&MDPDTL=HTL.17678216.20260919.20260920.DDT.5.CID..AUDID..RRID.bex_us_desktop&mctc=10&ct=hotel&mpg=USD&mpf=44.44&mpj=7.02&mpr=0.00&mpl=USD&exp_pg=google&langid=en&ad=2&tp=&utm_source=google&utm_medium=cpc&utm_term=17678216&utm_content=mapresults&utm_campaign=HotelAds&langid=1033&adults=2&children=&rrid=bex_us_desktop&rateplanid=209654312&mpm=24&mpn=201880902&mpo=EC&mpp=1 | https://www.google.com/travel/lodging/clk?pc=AA80OsxX-y9V054R444hSdcPF16Xz7X2z8PcW8A8q54KUp8rlav-82fSBHe5crDxakhkw6Jqzn0KKumFiEtHh6hL3ClG8r8FqCLsQo2c79uH46Rzwii9o4j1b_9eZgYkQrm8-5g4My4ELi4XXlj75WWmuRxu7XfBehP7SfrnuCOHzPgJA8W_MaA&pcurl=https://us.trip.com/hotels/redirect?hotelid%3D9024242%26city%3D825%26shoppingid%3DM5XxeZbc2kqH%26adult%3D2%26children%3D0%26ages%3D%26checkin%3D2026-09-19%26checkout%3D2026-09-20%26curr%3DUSD%26Allianceid%3D15214%26Sid%3D1209572%26prid%3DLANG_US%26trip_sub1%3D19_09_2026_1_mapresults_9024242_US_desktop_default___0_0-LANG_US-landing%26hpaopts%3Dstand%5BH4sIAAAAAAAA_-Ny5WKSYBJi4mCUsuY4vWPGE0YhRiOD-4wWW-UDOGYwfnq6jGUHI9MBRqaLjLZc1xcX1Do7PGRkAAN3hxeMJ_fuWcq4gIVRisfXNKIiNSop2Si70EOBUWPO5TlX2TwYg9hcLF1dDdyiZLiYQ4NdBBe5bvv894qUgxSIpwjjJbGm5umGBmc0iXUxMnkwrmJk52I2MDIUYPrEyI9sbryJ-SQmRkMAhM_R5LQAAAA%5Dfgt%5B1%5D%26br%3D46.00%26tf%3D7.02%26display%3Dexavg%26locale%3Den_us%26crn%3D1%26roomid%3D478551115%26allianceid%3D15214%26sid%3D1209572&s=AD1XQnn_PYYT8tz709O_6bZgDSWS | https://us.trip.com/hotels/redirect?hotelid=9024242&city=825&shoppingid=M5XxeZbc2kqH&adult=2&children=0&ages=&checkin=2026-09-19&checkout=2026-09-20&curr=USD&Allianceid=15214&Sid=1209572&prid=LANG_US&trip_sub1=19_09_2026_1_mapresults_9024242_US_desktop_default___0_0-LANG_US-landing&hpaopts=stand[H4sIAAAAAAAA_-Ny5WKSYBJi4mCUsuY4vWPGE0YhRiOD-4wWW-UDOGYwfnq6jGUHI9MBRqaLjLZc1xcX1Do7PGRkAAN3hxeMJ_fuWcq4gIVRisfXNKIiNSop2Si70EOBUWPO5TlX2TwYg9hcLF1dDdyiZLiYQ4NdBBe5bvv894qUgxSIpwjjJbGm5umGBmc0iXUxMnkwrmJk52I2MDIUYPrEyI9sbryJ-SQmRkMAhM_R5LQAAAA]fgt[1]&br=46.00&tf=7.02&display=exavg&locale=en_us&crn=1&roomid=478551115&allianceid=15214&sid=1209572 | https://www.google.com/travel/lodging/clk?pc=AA80OsztAMAAthO_K4bDQhvgaQ5_n-EgrfcGgP4GFLcKKxyuW8x3IZoflmNzVdJpt0J7s_Vcg3YMVsllG4jCHpjEA0Vdo1a1NVwy2mvBddQyauOlzVk6_dWIEvtgYka7_7_FceVj4HT59FPIRKtBwzcr8ra4dyk6afnItWTim9IH0oSVtKSVmhhyCeaDNngrXaY&pcurl=https://www.orbitz.com/Hotel-Search?selected%3D17678216%26startDate%3D2026-09-19%26endDate%3D2026-09-20%26adults%3D2%26children%3D%26MDPCID%3DORBITZ-US.META.HPA.ORGANIC-desktop.HOTEL%26MDPDTL%3Dhtl.17678216.20260919.20260920.DDT.5.CID..AUDID..mapresults%26mpg%3DUSD%26mpf%3D44.44%26mpj%3D7.02%26mpr%3D0.00%26mctc%3D10%26rateplanid%3D209654312%26mpm%3D24%26mpn%3D201880902%26mpo%3DEC%26mpp%3D1&s=AD1XQnlkUB6TQ1XeJdbvPSjR4Bf6 | https://www.orbitz.com/Hotel-Search?selected=17678216&startDate=2026-09-19&endDate=2026-09-20&adults=2&children=&MDPCID=ORBITZ-US.META.HPA.ORGANIC-desktop.HOTEL&MDPDTL=htl.17678216.20260919.20260920.DDT.5.CID..AUDID..mapresults&mpg=USD&mpf=44.44&mpj=7.02&mpr=0.00&mctc=10&rateplanid=209654312&mpm=24&mpn=201880902&mpo=EC&mpp=1 | https://www.google.com/travel/lodging/clk?pc=AA80OszDmbhwvrUaTvGOOiHuZNm4jMQL466Wdqw8Wjx17TvVczemWlWEiVVqg3rasau9eTKdNdn22ugq6COFXVdplNY2amSCWRQ0D0v4vS9yUu8b7uLzCFHlvNt_xMcRwYOUZ_xFndauOhVtkfbiq-j-1fNxvBUcg-N6XiIz4nTEJUi4jx_CeHi9PZrkTQbd7Cwo&pcurl=https://www.travelocity.com/Hotel-Search?selected%3D17678216%26startDate%3D2026-09-19%26endDate%3D2026-09-20%26adults%3D2%26children%3D%26MDPCID%3Dtravelocity-US.META.HPA.ORGANIC.HOTEL%26MDPDTL%3DHTL.17678216.20260919.20260920.DDT.5.CID..AUDID..mapresults%26mpg%3DUSD%26mpf%3D44.44%26mpj%3D7.02%26mpr%3D0.00%26mctc%3D10%26rateplanid%3D209654312%26mpm%3D24%26mpn%3D201880902%26mpo%3DEC%26mpp%3D1&s=AD1XQnkGBYBtGwPW4ZU_mqPAW-St | https://www.travelocity.com/Hotel-Search?selected=17678216&startDate=2026-09-19&endDate=2026-09-20&adults=2&children=&MDPCID=travelocity-US.META.HPA.ORGANIC.HOTEL&MDPDTL=HTL.17678216.20260919.20260920.DDT.5.CID..AUDID..mapresults&mpg=USD&mpf=44.44&mpj=7.02&mpr=0.00&mctc=10&rateplanid=209654312&mpm=24&mpn=201880902&mpo=EC&mpp=1 | https://www.google.com/travel/lodging/clk?pc=AA80Osx_506cW8fYqrozHdffM9gwlw2nwbP5xZ1NAsi1eI_dgh8PYTYs8Uy37smvUEDzo-vmbjZ2IfDZHJhb-eyuRdGnHEvHA_LhWjMHdIWhzLaow3ZwHvcrc0WBsyPLXP2TjQhpM1CupNEAm1WqeTOeVAeXK6qJMHmxXjKXwwR339PJ8SaHpln9&pcurl=https://accommodation.edreams.net/Hotel-Search?selected%3D17678216%26startDate%3D2026-09-19%26endDate%3D2026-09-20%26adults%3D2%26children%3D%26mpf%3D44.44%26cur%3DUSD%26mpj%3D7.02%26MDPCID%3DeDreams-US.DPS.Edreams.MetaSearch-GHA.HOTEL%26mpl%3DUSD%26numberOfRooms%3D1%26locale%3Den_US%26rffrid%3Dh4p.hcom.US.ghaodigeo.000.000.kwrd%3D%26pos%3DEDREAMS_US%26rateplanid%3D%26mctc%3D10%26utm_medium%3Dmetasearch%26utm_campaign%3D674654%26utm_term%3Dhotel%26utm_source%3DFREEBOOKING&s=AD1XQnnpZxH1IzmHVIwL4RgaeVzv | https://accommodation.edreams.net/Hotel-Search?selected=17678216&startDate=2026-09-19&endDate=2026-09-20&adults=2&children=&mpf=44.44&cur=USD&mpj=7.02&MDPCID=eDreams-US.DPS.Edreams.MetaSearch-GHA.HOTEL&mpl=USD&numberOfRooms=1&locale=en_US&rffrid=h4p.hcom.US.ghaodigeo.000.000.kwrd=&pos=EDREAMS_US&rateplanid=&mctc=10&utm_medium=metasearch&utm_campaign=674654&utm_term=hotel&utm_source=FREEBOOKING | https://www.google.com/travel/lodging/clk?pc=AA80OszO5Y1iR3zx7VDdKI-ZTC2t-ifGFRHoZUuQKBnPigKxwv3GvmFbzptyb1SPb6gCxwtWVjoo8_-pUHU0vNUJdPZWIykPWtnmZf6XG0tAbppQePumHvSAwe59dgw9KZeWbJwrXzgnUmx-rjA3KopSQ2Y2hmtVMt_HBkBcTWagt3UX_ZT_wz8HAAmNxpOnqnBBD7GfikLtcxw7&pcurl=https://www.reservationday.com/transition/?data%3Dprice%3D37.63%2526total_price%3D44.41%2526request_id%3D13218295297876920320%2526ps%3D125358856027%2526pb%3D0-slAkZlDjP06IhVxwa_7NZkI0OjqribYKpA9sBQW_j_NsZT2sZOe06SXb2Atr3zLPqKABYQ2RDeunUEKjnjrQhLK9634G0NggjEnmBcUDUDgKoLtUz-6vjh71M5rUath9PG-qNm8sZ-5RO886voww%25253D%25253D%2526gha_rd_pull_request%3DTrue%2526alwd_rand%3Dfalse%2526gt%3D1789361921%2526sg%3DiYakb%2526ib%3Dfalse%2526all_inclusive%3Dfalse%26utm_source%3Dgha_rd%26utm_content%3Dmapresults%26currency%3DUSD%26user_country%3DUS%26verification%3Dfalse%26rate_rule_ids%3D%26date_type%3Ddefault%26rate_rule_id%3Dsignedout_desktop%26display_currency%3DUSD%26display_all_inclusive_price%3D44.41%26checkin_at%3D2026-09-19%26checkout_at%3D2026-09-20%26provider_hotel_id%3D10008672446%26provider%3Dhtl%26num_adults%3D2%26children%3D%5B%5D%26hotel_campaign%3D%26user_locale%3Den-US%26user_list_id%3D%26utm_medium%3Dorganic%26utm_id%3Dgha_organic_rd&s=AD1XQnlzVjScCfYSePwHOya5DYLh | https://www.reservationday.com/transition/?data=price=37.63&total_price=44.41&request_id=13218295297876920320&ps=125358856027&pb=0-slAkZlDjP06IhVxwa_7NZkI0OjqribYKpA9sBQW_j_NsZT2sZOe06SXb2Atr3zLPqKABYQ2RDeunUEKjnjrQhLK9634G0NggjEnmBcUDUDgKoLtUz-6vjh71M5rUath9PG-qNm8sZ-5RO886voww%3D%3D&gha_rd_pull_request=True&alwd_rand=false&gt=1789361921&sg=iYakb&ib=false&all_inclusive=false&utm_source=gha_rd&utm_content=mapresults&currency=USD&user_country=US&verification=false&rate_rule_ids=&date_type=default&rate_rule_id=signedout_desktop&display_currency=USD&display_all_inclusive_price=44.41&checkin_at=2026-09-19&checkout_at=2026-09-20&provider_hotel_id=10008672446&provider=htl&num_adults=2&children=[]&hotel_campaign=&user_locale=en-US&user_list_id=&utm_medium=organic&utm_id=gha_organic_rd | https://www.google.com/travel/lodging/clk?pc=AA80Osy9bx7MPZzBSuf_UANi2-9aQ5cxwf3ztZb88LmpQxLvhqXHfZD7ajUaWfO5hlt4bpJgMkHrqppt47qO3JuPZ5hAERTOqmF-3GctVIomM_McPk4zPFtp46iihTWLSsDDE2T6WBX2yV_WEiGBhxvqxaKkLDU9_Mbh3HmkhPA-ATrTBYqESn9jF2uQrONjUx8qCIrLigE&pcurl=https://www.cheaptickets.com/Hotel-Search?selected%3D17678216%26startDate%3D2026-09-19%26endDate%3D2026-09-20%26MDPCID%3DCHEAPTICKETS-US.META.HPA.ORGANIC-desktop.HOTEL%26langid%3D1033%26adults%3D2%26children%3D%26MDPDTL%3Dhtl.17678216.20260919.20260920.DDT.5.CID..AUDID..mapresults%26mpg%3DUSD%26mpf%3D44.44%26mpj%3D7.02%26mpr%3D0.00%26mctc%3D10%26rateplanid%3D%26rateplanid%3D209654312%26mpm%3D24%26mpn%3D201880902%26mpo%3DEC%26mpp%3D1&s=AD1XQnmTSJXyQqEyB0jQ_2ntghtd | https://www.cheaptickets.com/Hotel-Search?selected=17678216&startDate=2026-09-19&endDate=2026-09-20&MDPCID=CHEAPTICKETS-US.META.HPA.ORGANIC-desktop.HOTEL&langid=1033&adults=2&children=&MDPDTL=htl.17678216.20260919.20260920.DDT.5.CID..AUDID..mapresults&mpg=USD&mpf=44.44&mpj=7.02&mpr=0.00&mctc=10&rateplanid=&rateplanid=209654312&mpm=24&mpn=201880902&mpo=EC&mpp=1 | https://www.google.com/maps/search/?api=1&query=Bali | https://www.google.com/maps/search/Hotel/@-1.3651378858345886,36.79946094992056,16z?hl=en | https://lh3.googleusercontent.com/gps-cs-s/AHRPTWmqqCodAZqj-ND5I9SeJYoMblzeDDxfP92QlGPmh8-zvX6zVnToPZZflBzkVbM5VLxo-Ynla7SltlrDxDPUtLNwA3metCDEwbWBbC6ceeHlscZLSpLM1ljFKeZp9gAxWfzV-EJK=w408-h725-k-no",https://www.google.com/maps/search/?api=1&query=Bali's%20Best%20Resort%2C%20Nairobi%20Kenya&query_place_id=ChIJ9XQx9kAFLxgRTAa_AzqqEpY,ChIJ9XQx9kAFLxgRTAa_AzqqEpY,False
Dee & U Spa,Resort hotel,"PQ2R+QJF, Kindaruma Rd, Nairobi, Kenya",+254 720 625879,,,,,"https://www.google.com/maps/search/?api=1&query=Dee%20%26%20U%20Spa&query_place_id=ChIJkf_-pD4RLxgR2p_E_A6lm5I | https://www.google.com/maps/search/Hotel/@-1.29814652,36.7892868,17.00233279527329z?hl=en | https://streetviewpixels-pa.googleapis.com/v1/thumbnail?panoid=APzf8z2hXdZuspgTGfKUnQ&cb_client=search.gws-prod.gps&w=408&h=240&yaw=169.04488&pitch=0&thumbfov=100",https://www.google.com/maps/search/?api=1&query=Dee%20%26%20U%20Spa&query_place_id=ChIJkf_-pD4RLxgR2p_E_A6lm5I,ChIJkf_-pD4RLxgR2p_E_A6lm5I,False
Equator Resort,Resort hotel,"PQ2R+C9R, Nairobi, Kenya",,,,,,"https://www.google.com/maps/search/?api=1&query=Equator%20Resort&query_place_id=ChIJITX8N18RLxgRXmiNjjvBZ04 | https://www.google.com/maps/search/Hotel/@-1.3011517,36.7847816,17.00233107854971z?hl=en | https://streetviewpixels-pa.googleapis.com/v1/thumbnail?panoid=dwLU8HXD0FUkSVGC6cKz4w&cb_client=search.gws-prod.gps&w=408&h=240&yaw=66.64195&pitch=0&thumbfov=100",https://www.google.com/maps/search/?api=1&query=Equator%20Resort&query_place_id=ChIJITX8N18RLxgRXmiNjjvBZ04,ChIJITX8N18RLxgRXmiNjjvBZ04,False
Kent Villas,Resort hotel,"PQ2M+8FV, Greystone House, Rose Avenue, Ngong Rd, Nairobi City, Kenya",+254 20 3598202,,,,,"https://www.google.com/maps/search/?api=1&query=Kent%20Villas&query_place_id=ChIJcUd6bp4QLxgRaAtuOu_oZMU | https://www.google.com/maps/search/Hotel/@-1.29814652,36.7892868,17.00233279527329z?hl=en | https://streetviewpixels-pa.googleapis.com/v1/thumbnail?panoid=_b6qe7zFoMVeNFQs3-CGcw&cb_client=search.gws-prod.gps&w=408&h=240&yaw=172.40611&pitch=0&thumbfov=100",https://www.google.com/maps/search/?api=1&query=Kent%20Villas&query_place_id=ChIJcUd6bp4QLxgRaAtuOu_oZMU,ChIJcUd6bp4QLxgRaAtuOu_oZMU,False
Khwesa resort kitale Kiminini,Resort hotel,"Kakamega - Kitale Rd, Kiminini, Kenya",+254 722 508844,,,,,"https://www.google.com/maps/search/?api=1&query=Khwesa%20resort%20kitale%20Kiminini&query_place_id=ChIJmznyaPQRLxgRaHTMENAmcwo | https://www.google.com/maps/search/Hotel/@-1.3011517,36.7847816,17.00233107854971z?hl=en | https://lh3.googleusercontent.com/gps-cs-s/AHRPTWme8ZUSMdroTBAUQ5zWbbMBFwvTQfqlut2o03Tslzy3joo8iFPtmE6zy1GddSl3kolC_iNp7kCjWIA-3mBqOzh4mf2joEptos7OfF1yTN24100ib6MLIT49kLSOrbmOHLJZ1Hiivw=w408-h272-k-no",https://www.google.com/maps/search/?api=1&query=Khwesa%20resort%20kitale%20Kiminini&query_place_id=ChIJmznyaPQRLxgRaHTMENAmcwo,ChIJmznyaPQRLxgRaHTMENAmcwo,False
Mara Engai Wilderness Lodge,Resort hotel,"Maruti Heights, Langata Link Rd, Nairobi, Kenya",+254 726 091330,,,,,"https://www.google.com/maps/search/?api=1&query=Mara%20Engai%20Wilderness%20Lodge&query_place_id=ChIJfVyPFT4QLxgRq2pOap5VlRQ | https://www.google.com/maps/search/Hotel/@-1.3307757371669178,36.79946094992056,16z?hl=en | https://dynamic-media-cdn.tripadvisor.com/media/photo-o/10/f2/5d/90/mara-engai-lodge.jpg?w=2100&h=1400&s=1",https://www.google.com/maps/search/?api=1&query=Mara%20Engai%20Wilderness%20Lodge&query_place_id=ChIJfVyPFT4QLxgRq2pOap5VlRQ,ChIJfVyPFT4QLxgRq2pOap5VlRQ,False
Pangoni Beach Resort And Spa,Resort hotel,"Junction Chaka Place, Nairobi Central Arwings Kodhek, Chaka Rd, Nairobi, Kenya",+254 715 726094,,,,,"https://www.google.com/maps/search/?api=1&query=Pangoni%20Beach%20Resort%20And%20Spa&query_place_id=ChIJ-5d5OCURLxgRX__uQ_dqZ3g | https://www.google.com/maps/search/Hotel/@-1.2896567666666667,36.785081999999996,17.002337623631117z?hl=en | https://streetviewpixels-pa.googleapis.com/v1/thumbnail?panoid=WeJM9AJi-e1uYNX_0zfUOA&cb_client=search.gws-prod.gps&w=408&h=240&yaw=87.40024&pitch=0&thumbfov=100",https://www.google.com/maps/search/?api=1&query=Pangoni%20Beach%20Resort%20And%20Spa&query_place_id=ChIJ-5d5OCURLxgRX__uQ_dqZ3g,ChIJ-5d5OCURLxgRX__uQ_dqZ3g,False
Solace Lifestyle And Wellness Hub,Resort hotel,"Weston Hotel, Nairobi, Kenya",+254 701 449433,,,,,"https://www.google.com/maps/search/?api=1&query=Solace%20Lifestyle%20And%20Wellness%20Hub&query_place_id=ChIJdbIyg0cRLxgRstBB2O2YHg0 | https://www.google.com/maps/search/Hotel/@-1.3135946628330823,36.79946094992056,16z?hl=en | https://streetviewpixels-pa.googleapis.com/v1/thumbnail?panoid=v1GNZ8uTRDehcmixmC1bmQ&cb_client=search.gws-prod.gps&w=408&h=240&yaw=319.39816&pitch=0&thumbfov=100",https://www.google.com/maps/search/?api=1&query=Solace%20Lifestyle%20And%20Wellness%20Hub&query_place_id=ChIJdbIyg0cRLxgRstBB2O2YHg0,ChIJdbIyg0cRLxgRstBB2O2YHg0,False
The jumuia resorts,Resort hotel,"Jumuia Place, Nairobi, Lenana Rd, North, Kenya",+254 20 2663061,,,,,"https://www.google.com/maps/search/?api=1&query=The%20jumuia%20resorts&query_place_id=ChIJ1emsLvcJQBgRJR1nhDDUSME | https://www.google.com/maps/search/Hotel/@-1.296413588499247,36.78227498330685,16z?hl=en | https://streetviewpixels-pa.googleapis.com/v1/thumbnail?panoid=gwrsGSuW3ehqSbVgqi5SLw&cb_client=search.gws-prod.gps&w=408&h=240&yaw=176.76999&pitch=0&thumbfov=100",https://www.google.com/maps/search/?api=1&query=The%20jumuia%20resorts&query_place_id=ChIJ1emsLvcJQBgRJR1nhDDUSME,ChIJ1emsLvcJQBgRJR1nhDDUSME,False
Wadi Resort,Resort hotel,"PQ4R+378, Marcus Garvey Rd, Nairobi, Kenya",,,,,,"https://www.google.com/maps/search/?api=1&query=Wadi%20Resort&query_place_id=ChIJC5xFlKIQLxgR0byvnJ-oNk0 | https://www.google.com/maps/search/Hotel/@-1.29814652,36.7892868,17.00233279527329z?hl=en | https://lh3.googleusercontent.com/gps-cs-s/AHRPTWmsu6VhNd6uGw-iD2RKnwr7JjsIGpVq577V5sYYl5O4_NHZ15I6aqnaQUbRX4TDJ-gJZb6FweHfLZMPinwtZYO3lLrXtVKpOk2FfyT7UMKnGJjzb3WGf4T-1R8AkcTvImpfK1lK=w408-h543-k-no",https://www.google.com/maps/search/?api=1&query=Wadi%20Resort&query_place_id=ChIJC5xFlKIQLxgR0byvnJ-oNk0,ChIJC5xFlKIQLxgR0byvnJ-oNk0,False
1001 Nights Restaurant,Restaurant,"MQXP+JRP, Ngong Rd, Nairobi, Kenya",+254 721 782600,,,,,"https://www.google.com/maps/search/?api=1&query=1001%20Nights%20Restaurant&query_place_id=ChIJjbe9dpwQLxgRX73Tn8EQkRs | https://www.google.com/maps/search/restaurant/@-1.296413588499247,36.78227498330685,16z?hl=en | https://streetviewpixels-pa.googleapis.com/v1/thumbnail?panoid=KR7DOR6Y3j7RlSmTweV6zg&cb_client=search.gws-prod.gps&w=408&h=240&yaw=228.66345&pitch=0&thumbfov=100",https://www.google.com/maps/search/?api=1&query=1001%20Nights%20Restaurant&query_place_id=ChIJjbe9dpwQLxgRX73Tn8EQkRs,ChIJjbe9dpwQLxgRX73Tn8EQkRs,False
14 BLOOMING BEAN,Restaurant,"PQ3J+4P3, Nairobi, Kenya",+254 745 513107,,,,,"https://www.google.com/maps/search/?api=1&query=14%20BLOOMING%20BEAN&query_place_id=ChIJFfeddQAbLxgRz3KfojeLtvQ | https://www.google.com/maps/search/restaurant/@-1.3013050000000002,36.7787164,17.002330990869897z?hl=en | https://lh3.googleusercontent.com/gps-cs-s/AHRPTWnnxsEjMUabzeM-rrNm36q6qmfhJOB7DU1CiC7gW3pqq_JevVX1-BmHS7X5VRHfcfewjk7wy-ZOjhDn4rhvNOxZnBkeO_hANUJ80kltyfEDIC4Or2cUnL7d6ZGFaIKijfGB-gT9nbJgcukb=w408-h544-k-no",https://www.google.com/maps/search/?api=1&query=14%20BLOOMING%20BEAN&query_place_id=ChIJFfeddQAbLxgRz3KfojeLtvQ,ChIJFfeddQAbLxgRz3KfojeLtvQ,False
315 中泰美食,Restaurant,"PQ69+JP6, Muthangari Gardens, Nairobi, Kenya",+254 791 181818,,,,,"https://www.google.com/maps/search/?api=1&query=315%20%E4%B8%AD%E6%B3%B0%E7%BE%8E%E9%A3%9F&query_place_id=ChIJT5kTdxAaLxgRYt9aTnse4fg | https://www.google.com/maps/search/restaurant/@-1.2895935545454547,36.773318836363636,17.002337659462743z?hl=en | https://lh3.googleusercontent.com/gps-cs-s/AHRPTWknYiP6DUhtCCuAvk2oz71bzHCQvtZI4EAH50-UIXQXv_rZjiOCmPyyPxR2X9axmK0Gvi0_WbqKcvZWtgue7-q9hgck2sv7adKfpxHbx4kFmXCcGUVkOWAQDqVGd2J_MuAy2rKm5Q=w408-h725-k-no",https://www.google.com/maps/search/?api=1&query=315%20%E4%B8%AD%E6%B3%B0%E7%BE%8E%E9%A3%9F&query_place_id=ChIJT5kTdxAaLxgRYt9aTnse4fg,ChIJT5kTdxAaLxgRYt9aTnse4fg,False
7 Degrees Bar Restaurant and Lounge,Restaurant,"Naivasha Rd, off Ngong Rd, After Junction Mall, next to AFA, Nairobi, Kenya",+254 704 782214,,,,,"https://www.google.com/maps/search/?api=1&query=7%20Degrees%20Bar%20Restaurant%20and%20Lounge&query_place_id=ChIJ520tUEAaLxgRh0ZwDR5rI6U | https://www.google.com/maps/search/restaurant/@-1.296413588499247,36.76508901669314,16z?hl=en | https://lh3.googleusercontent.com/gps-cs-s/AHRPTWkCJPXIn52XVzerS5pMvgNs79AHfPXXMH1C34Ub_VNdPTLClI1gkqscUl3CW6tX2QSAdM9QqpDwV4Xki0CdZMleX-BZrypAoK_cO_gZcnt8b8X2ZvWeUq2K9UEQllgTxQZ3wtQ=w408-h306-k-no",https://www.google.com/maps/search/?api=1&query=7%20Degrees%20Bar%20Restaurant%20and%20Lounge&query_place_id=ChIJ520tUEAaLxgRh0ZwDR5rI6U,ChIJ520tUEAaLxgRh0ZwDR5rI6U,True
7th Street at Kymms Gardens,Restaurant,"PQ65+5X7, Gitanga Rd, Nairobi, Kenya",+254 721 121437,,,,,"https://www.google.com/maps/search/?api=1&query=7th%20Street%20at%20Kymms%20Gardens&query_place_id=ChIJbYDxZj0aLxgRkw7nnzFWwQU | https://www.google.com/maps/search/restaurant/@-1.292292,36.7671123,17.00233612829275z?hl=en | https://streetviewpixels-pa.googleapis.com/v1/thumbnail?panoid=sdCbVwyKkrC7GGJFQBc69g&cb_client=search.gws-prod.gps&w=408&h=240&yaw=23.592413&pitch=0&thumbfov=100",https://www.google.com/maps/search/?api=1&query=7th%20Street%20at%20Kymms%20Gardens&query_place_id=ChIJbYDxZj0aLxgRkw7nnzFWwQU,ChIJbYDxZj0aLxgRkw7nnzFWwQU,False
Abissinya Guest House And Restaurant,Restaurant,"PQ5P+VRW, Nairobi, Kenya",,,,,,"https://www.google.com/maps/search/?api=1&query=Abissinya%20Guest%20House%20And%20Restaurant&query_place_id=ChIJy1zJgqYQLxgRgv1DUFkLGLo | https://www.google.com/maps/search/restaurant/@-1.296413588499247,36.78227498330685,16z?hl=en | https://lh3.googleusercontent.com/gps-cs-s/AHRPTWnPnCeJxGWbozuBTWq3yfGa6v4XceazlP5OnUJn6Ebh_XDHEzucJ6gIg8_ynoF1-a8mS0YCCpcN_0SeH41CRcvHFb9VeB0gowjXmkKcNPtm7FenZvyFEGboN8PW8ak6z9Z5rvRB=w408-h266-k-no",https://www.google.com/maps/search/?api=1&query=Abissinya%20Guest%20House%20And%20Restaurant&query_place_id=ChIJy1zJgqYQLxgRgv1DUFkLGLo,ChIJy1zJgqYQLxgRgv1DUFkLGLo,False
Abol Cafe & Restaurant,Restaurant,"Kibera Station Rd, Nairobi, Kenya",+254 700 346860,,,,,"https://www.google.com/maps/search/?api=1&query=Abol%20Cafe%20%26%20Restaurant&query_place_id=ChIJe4-utXoaLxgRatJ7Jv-kNIw | https://www.google.com/maps/search/restaurant/@-1.3135946628330823,36.76508901669314,16z?hl=en | https://lh3.googleusercontent.com/gps-cs-s/AHRPTWmtf9bQOOCDcRnPh_IjIFSq1-gnmpc7QjkDx3cVJlx90zAMC4TKWJ7XNw2oy8GmDDrNAUe9VICaAU2MrGYU6Jl0j6P8KntKeW2HhPZTRh9uhxNnrDDDfw_y1FT8CAcI8SRQbdCsfYODmFAr=w408-h544-k-no",https://www.google.com/maps/search/?api=1&query=Abol%20Cafe%20%26%20Restaurant&query_place_id=ChIJe4-utXoaLxgRatJ7Jv-kNIw,ChIJe4-utXoaLxgRatJ7Jv-kNIw,False
African Eagle Restaurant,Restaurant,"PQ7C+6R9, Muthangari Rd, Nairobi, Kenya",+254 728 606856,,,,,"https://www.google.com/maps/search/?api=1&query=African%20Eagle%20Restaurant&query_place_id=ChIJkWNQOgUaLxgRtqeRjtJceJ8 | https://www.google.com/maps/search/restaurant/@-1.2792325141654115,36.76508901669314,16z?hl=en | https://lh3.googleusercontent.com/gps-cs-s/AHRPTWnZLSeueZkhEVLunXFJhkKujk7uZrGF3h-vL_3obnACnZXtK7neSy0btDKT2DZ0Mtn7bK6CN7jcIcDKD9fhohUqBQiL3zfxxEyMTSuRedAHVeXaeWnfkrLlHOce7khP4zg8pcg=w408-h306-k-no",https://www.google.com/maps/search/?api=1&query=African%20Eagle%20Restaurant&query_place_id=ChIJkWNQOgUaLxgRtqeRjtJceJ8,ChIJkWNQOgUaLxgRtqeRjtJceJ8,False
Agenda Bar & Restaurant,Restaurant,"Ngong Rd, North, Kenya",+254 722 704258,,,,,"https://www.google.com/maps/search/?api=1&query=Agenda%20Bar%20%26%20Restaurant&query_place_id=ChIJY-5T65kQLxgRHR-KERGpX94 | https://www.google.com/maps/search/restaurant/@-1.296413588499247,36.78227498330685,16z?hl=en | https://streetviewpixels-pa.googleapis.com/v1/thumbnail?panoid=zt4v3ParVWbJe2TzLMYMzg&cb_client=search.gws-prod.gps&w=408&h=240&yaw=342.291&pitch=0&thumbfov=100",https://www.google.com/maps/search/?api=1&query=Agenda%20Bar%20%26%20Restaurant&query_place_id=ChIJY-5T65kQLxgRHR-KERGpX94,ChIJY-5T65kQLxgRHR-KERGpX94,False
AKINYI FAST FOOD,Restaurant,"Nairobi, Kenya",,,,,,"https://www.google.com/maps/search/?api=1&query=AKINYI%20FAST%20FOOD&query_place_id=ChIJV-YncJ4aLxgRNdIj5aREEjY | https://www.google.com/maps/search/restaurant/@-1.3307757371669178,36.78227498330685,16z?hl=en | https://streetviewpixels-pa.googleapis.com/v1/thumbnail?panoid=P4F9BHZFPNCQJcAoMgPFcQ&cb_client=search.gws-prod.gps&w=408&h=240&yaw=115.60717&pitch=0&thumbfov=100",https://www.google.com/maps/search/?api=1&query=AKINYI%20FAST%20FOOD&query_place_id=ChIJV-YncJ4aLxgRNdIj5aREEjY,ChIJV-YncJ4aLxgRNdIj5aREEjY,False
AL-SULTAN steak house,Restaurant,"Kilimani, Kenya",+254 143 550639,,,,,"https://www.google.com/maps/search/?api=1&query=AL-SULTAN%20steak%20house&query_place_id=ChIJSSA2JfcRLxgRoxgqqghRvTY | https://www.google.com/maps/search/restaurant/@-1.2986442,36.77959205,17.00233251124554z?hl=en | https://lh3.googleusercontent.com/gps-cs-s/AHRPTWleven4AzziEy0FLqn3ufmjuMsLrxLS7S3tVX9FSBVIH374xNFjuJh7fw6vnG1y975l-gkkd3dFpQq5d-wh7CBozvTO04KjYrysCLh9gi9LwQgyX7jPTtEmHGGgubMl6AIz741ONyBEN39C=w408-h727-k-no",https://www.google.com/maps/search/?api=1&query=AL-SULTAN%20steak%20house&query_place_id=ChIJSSA2JfcRLxgRoxgqqghRvTY,ChIJSSA2JfcRLxgRoxgqqghRvTY,False
Alfajiri Restaurant,Restaurant,"Maalim Juma Rd, Nairobi, Kenya",,,,,,"https://www.google.com/maps/search/?api=1&query=Alfajiri%20Restaurant&query_place_id=ChIJvSaEMq4QLxgRmK7NMHzT4vg | https://www.google.com/maps/search/restaurant/@-1.2792325141654115,36.78227498330685,16z?hl=en | https://lh3.googleusercontent.com/gps-cs-s/AHRPTWkNHQR3bHDwT8WwyZcwyL9uXJpl83vA2sJkCUPWXygvPYw88f3he0-n4S-8wXKOB84bX57yEVBuMhQ3B6wjLVXJj-Ual8zIws1WZdmTk7f7gmwAcUnLkLa3_yBgEJiLENmA3btLKw=w408-h306-k-no",https://www.google.com/maps/search/?api=1&query=Alfajiri%20Restaurant&query_place_id=ChIJvSaEMq4QLxgRmK7NMHzT4vg,ChIJvSaEMq4QLxgRmK7NMHzT4vg,False
Alpenhofs Bar & Restaurant,Restaurant,"MQXP+HG9, Nairobi, Kenya",,,,,,"https://www.google.com/maps/search/?api=1&query=Alpenhofs%20Bar%20%26%20Restaurant&query_place_id=ChIJTxXjbpwQLxgRPS4_Qs7nQC0 | https://www.google.com/maps/search/restaurant/@-1.296413588499247,36.78227498330685,16z?hl=en",https://www.google.com/maps/search/?api=1&query=Alpenhofs%20Bar%20%26%20Restaurant&query_place_id=ChIJTxXjbpwQLxgRPS4_Qs7nQC0,ChIJTxXjbpwQLxgRPS4_Qs7nQC0,False
Alsulimany restaurant and café,Restaurant,"Wood Ave, Nairobi, Kenya",,,,,,"https://www.google.com/maps/search/?api=1&query=Alsulimany%20restaurant%20and%20caf%C3%A9&query_place_id=ChIJ44gEbgARLxgRElwca8lMiY8 | https://www.google.com/maps/search/restaurant/@-1.296413588499247,36.78227498330685,16z?hl=en | https://lh3.googleusercontent.com/gps-cs-s/AHRPTWkYMBTUGM14OgJc_zZczgK6-AHvD1DVkyHSf33mEvosx-XkhiA_0bvktshbZibnOLhkUf3Z5FqDaHqlD09dIWcRThaId6-AfeygQyarDv3kr_PKzzT5s-uqFLwmOnhXmIVMgdGUqjeEIa-S=w408-h544-k-no",https://www.google.com/maps/search/?api=1&query=Alsulimany%20restaurant%20and%20caf%C3%A9&query_place_id=ChIJ44gEbgARLxgRElwca8lMiY8,ChIJ44gEbgARLxgRElwca8lMiY8,False
Altindag Restaurant and Lounge,Restaurant,"909 James Gichuru Road, Nairobi, Kenya",+254 773 344011,,,,,"https://www.google.com/maps/search/?api=1&query=Altindag%20Restaurant%20and%20Lounge&query_place_id=ChIJnypNBwAbLxgRBFl75b7iipo | https://www.google.com/maps/search/restaurant/@-1.2792325141654115,36.74790305007943,16z?hl=en",https://www.google.com/maps/search/?api=1&query=Altindag%20Restaurant%20and%20Lounge&query_place_id=ChIJnypNBwAbLxgRBFl75b7iipo,ChIJnypNBwAbLxgRBFl75b7iipo,False
Amara’s Kitchen,Restaurant,"Amara’s Kitchen, Liberty Centre Area, Ngong Rd, Nairobi, Kenya",+254 791 447609,,,,,"https://www.google.com/maps/search/?api=1&query=Amara%E2%80%99s%20Kitchen&query_place_id=ChIJsUvYbgAbLxgRWMX7x0YbdWs | https://www.google.com/maps/search/restaurant/@-1.30206825,36.7531745,17.002330554175863z?hl=en | https://lh3.googleusercontent.com/gps-cs-s/AHRPTWnuiO8twOC4YzGYdEshCYTakmrxhX1uZttCGpBco06oAzDdiIg2WZ9useSINgPEnbtLSsrH1isVE0VvCMRRgTYrGi_kM6Ot7jI6ObPFXPS0ev-UrTWfat0zzodEHbzY6HmTGLWNJBlNyM9y=w408-h544-k-no",https://www.google.com/maps/search/?api=1&query=Amara%E2%80%99s%20Kitchen&query_place_id=ChIJsUvYbgAbLxgRWMX7x0YbdWs,ChIJsUvYbgAbLxgRWMX7x0YbdWs,False
ANPA Restaurant,Restaurant,"Woodlands Ln, Nairobi, Kenya",+254 721 431501,,,,,"https://www.google.com/maps/search/?api=1&query=ANPA%20Restaurant&query_place_id=ChIJhWq9b74QLxgRhUkpFG0PfXc | https://www.google.com/maps/search/restaurant/@-1.296413588499247,36.79946094992056,16z?hl=en | https://lh3.googleusercontent.com/gps-cs-s/AHRPTWlAbHazHTWDKcNFoPz_5sP0jDKONWn_OmKR2PDkTP6KczoQQ2EUXJgzQHjeerzM9expinHTjmw7aHR1ySKEoZnbLHd-la53W1BaPVOWDVV8kneHp3gDyA-dSvbk42htmtf5v68a=w408-h306-k-no",https://www.google.com/maps/search/?api=1&query=ANPA%20Restaurant&query_place_id=ChIJhWq9b74QLxgRhUkpFG0PfXc,ChIJhWq9b74QLxgRhUkpFG0PfXc,False
ANTO'S CUTE KITCHEN,Restaurant,"MQXF+2MJ, Joseph Kangethe Rd, Nairobi, Kenya",,,,,,"https://www.google.com/maps/search/?api=1&query=ANTO | https://www.google.com/maps/search/restaurant/@-1.2999357,36.7739766,17.00233177367389z?hl=en | https://streetviewpixels-pa.googleapis.com/v1/thumbnail?panoid=JHV_L9EitemwllYhlqGHIQ&cb_client=search.gws-prod.gps&w=408&h=240&yaw=241.08916&pitch=0&thumbfov=100",https://www.google.com/maps/search/?api=1&query=ANTO'S%20CUTE%20KITCHEN&query_place_id=ChIJgakl93AaLxgRuzPzc1OPGUY,ChIJgakl93AaLxgRuzPzc1OPGUY,False
APPLEMUNCH RESTAURANT,Restaurant,"MPVQ+F72, Ngong Rd, Nairobi, Kenya",,,,,,"https://www.google.com/maps/search/?api=1&query=APPLEMUNCH%20RESTAURANT&query_place_id=ChIJwaUa2KwbLxgRq502kHq4Zzw | https://www.google.com/maps/search/restaurant/@-1.3135946628330823,36.74790305007943,16z?hl=en | https://streetviewpixels-pa.googleapis.com/v1/thumbnail?panoid=h5VeorPq8WYJKASsyNRgfw&cb_client=search.gws-prod.gps&w=408&h=240&yaw=355.75943&pitch=0&thumbfov=100",https://www.google.com/maps/search/?api=1&query=APPLEMUNCH%20RESTAURANT&query_place_id=ChIJwaUa2KwbLxgRq502kHq4Zzw,ChIJwaUa2KwbLxgRq502kHq4Zzw,False
Area 51 bar & restaurant,Restaurant,"Nairobi, Kenya",+254 733 870707,,,,,"https://www.google.com/maps/search/?api=1&query=Area%2051%20bar%20%26%20restaurant&query_place_id=ChIJlUANT0wRLxgRUJ6MWq0wSMQ | https://www.google.com/maps/search/restaurant/@-1.3135946628330823,36.78227498330685,16z?hl=en | https://lh3.googleusercontent.com/gps-cs-s/AHRPTWmFwLL2JeHnxz5AYhpMfGRsJaM8kMyGoPObhDwJc9HayeVEvZHVI5leLKeSyit90EhB6xgAttkExUmmpNyM7S6Yv7GKLf_90oz7UvAise5uycuTIz2uOuo5aHjAmrO2L_ndP_Bf0xH7Wsw=w408-h389-k-no",https://www.google.com/maps/search/?api=1&query=Area%2051%20bar%20%26%20restaurant&query_place_id=ChIJlUANT0wRLxgRUJ6MWq0wSMQ,ChIJlUANT0wRLxgRUJ6MWq0wSMQ,False
Arirang Restaurant,Restaurant,"Kilimani KINDARUMA RD, OFF Rose Ave, Ngong, Kenya",+254 20 2720292,,,,,"https://www.google.com/maps/search/?api=1&query=Arirang%20Restaurant&query_place_id=ChIJRZhtSTERLxgR8uq0imkpcbs | https://www.google.com/maps/search/restaurant/@-1.296413588499247,36.78227498330685,16z?hl=en | https://streetviewpixels-pa.googleapis.com/v1/thumbnail?panoid=PcyPrszhB-EltLgbPVhpjQ&cb_client=search.gws-prod.gps&w=408&h=240&yaw=90.00911&pitch=0&thumbfov=100",https://www.google.com/maps/search/?api=1&query=Arirang%20Restaurant&query_place_id=ChIJRZhtSTERLxgR8uq0imkpcbs,ChIJRZhtSTERLxgR8uq0imkpcbs,False
Atlantig Restaurants and lounge,Restaurant,"909 James Gichuru Road, Nairobi, Kenya",,,,,,"https://www.google.com/maps/search/?api=1&query=Atlantig%20Restaurants%20and%20lounge&query_place_id=ChIJBbqsdQAbLxgRjAiNNYKZtVk | https://www.google.com/maps/search/restaurant/@-1.2792325141654115,36.74790305007943,16z?hl=en | https://lh3.googleusercontent.com/gps-cs-s/AHRPTWnEQhR_6yQWaumcBkcL0Zz1RnHkVGI_7Nb9LtqUQZRmE8YZ5tERLydF64NHcOuT5aweOU_8E6DUftlhQIcChGKEXcWLAIEfYXCJBfMPSOoDFRxdbxyY9xMtT6KqKtFvafIHf-DCSJ0lcxKS=w408-h544-k-no",https://www.google.com/maps/search/?api=1&query=Atlantig%20Restaurants%20and%20lounge&query_place_id=ChIJBbqsdQAbLxgRjAiNNYKZtVk,ChIJBbqsdQAbLxgRjAiNNYKZtVk,False
Azuri Cafe And Restaurant,Restaurant,"Starehe, Kenya",+254 714 746255,,,,,"https://www.google.com/maps/search/?api=1&query=Azuri%20Cafe%20And%20Restaurant&query_place_id=ChIJMzHHiYQRLxgR2aEV3HtxprY | https://www.google.com/maps/search/restaurant/@-1.296413588499247,36.78227498330685,16z?hl=en | https://streetviewpixels-pa.googleapis.com/v1/thumbnail?panoid=grQ51g5QFIJKPM3fNPiFrg&cb_client=search.gws-prod.gps&w=408&h=240&yaw=300.7128&pitch=0&thumbfov=100",https://www.google.com/maps/search/?api=1&query=Azuri%20Cafe%20And%20Restaurant&query_place_id=ChIJMzHHiYQRLxgR2aEV3HtxprY,ChIJMzHHiYQRLxgR2aEV3HtxprY,False
Bab Al Yemen restaurant Kenya,Restaurant,"Muringa Groove, Nairobi, Kenya",+254 118 066322,,,,,"https://www.google.com/maps/search/?api=1&query=Bab%20Al%20Yemen%20restaurant%20Kenya&query_place_id=ChIJcxH7y4MbLxgRE5dPKl6u0XY | https://www.google.com/maps/search/restaurant/@-1.296413588499247,36.76508901669314,16z?hl=en | https://lh3.googleusercontent.com/gps-cs-s/AHRPTWkdTqMbTNaG5JUH711pFQZauFgYt-z7SqMMP0rw7-MO_GVo4jTCxw6ov4GtqGQCUPJllIl_mbLQktMopuig1Sfoz6BLZzdnWOEoZfGrnynhPcfC1S2roNli8Eh5WJbuR_ixSWk4fma-ksk=w408-h408-k-no",https://www.google.com/maps/search/?api=1&query=Bab%20Al%20Yemen%20restaurant%20Kenya&query_place_id=ChIJcxH7y4MbLxgRE5dPKl6u0XY,ChIJcxH7y4MbLxgRE5dPKl6u0XY,False
BABU'S TOP FRYZ,Restaurant,"Nairobi, Kenya",,,,,,"https://www.google.com/maps/search/?api=1&query=BABU | https://www.google.com/maps/search/restaurant/@-1.3135946628330823,36.76508901669314,16z?hl=en | https://streetviewpixels-pa.googleapis.com/v1/thumbnail?panoid=00DkPpwIDZczHeYLyIHU7g&cb_client=search.gws-prod.gps&w=408&h=240&yaw=191.18715&pitch=0&thumbfov=100",https://www.google.com/maps/search/?api=1&query=BABU'S%20TOP%20FRYZ&query_place_id=ChIJ9wRj-n0aLxgR6sTpx8YC6bc,ChIJ9wRj-n0aLxgR6sTpx8YC6bc,False
BACKYARD BOWL RESTAURANT,Restaurant,"PQ4X+26P, Argwings Kodhek Rd, Nairobi, Kenya",,,,,,"https://www.google.com/maps/search/?api=1&query=BACKYARD%20BOWL%20RESTAURANT&query_place_id=ChIJvzUC4r0QLxgR1xqE5__Od9Q | https://www.google.com/maps/search/restaurant/@-1.296413588499247,36.79946094992056,16z?hl=en | https://streetviewpixels-pa.googleapis.com/v1/thumbnail?panoid=6hnGkQCQiAi33hNam_Ha-g&cb_client=search.gws-prod.gps&w=408&h=240&yaw=170.7763&pitch=0&thumbfov=100",https://www.google.com/maps/search/?api=1&query=BACKYARD%20BOWL%20RESTAURANT&query_place_id=ChIJvzUC4r0QLxgR1xqE5__Od9Q,ChIJvzUC4r0QLxgR1xqE5__Od9Q,False
Backyard jamhuri,Restaurant,"MQWC+F86, Nairobi, Kenya",,,,,,"https://www.google.com/maps/search/?api=1&query=Backyard%20jamhuri&query_place_id=ChIJjXLooF4bLxgR8xF6TKB6Uh4 | https://www.google.com/maps/search/restaurant/@-1.3135946628330823,36.76508901669314,16z?hl=en | https://lh3.googleusercontent.com/gps-cs-s/AHRPTWk55mJyymBtEIOqgIJzaXYKRRqwBAObzujsd64ABNddhC5_wQTruLbVrvksAG6zB_6vFsOQ-619YbAgL0uEI5vOB31J62XIdFYddLZrDHErEwyiEfc_FyXLsPa1RbHnQrnrg66_=w408-h306-k-no",https://www.google.com/maps/search/?api=1&query=Backyard%20jamhuri&query_place_id=ChIJjXLooF4bLxgR8xF6TKB6Uh4,ChIJjXLooF4bLxgR8xF6TKB6Uh4,False
Bamba Fries 1 & Tosha,Restaurant,"MQGP+PMR, Kitengela Rd, Nairobi, Kenya",,,,,,"https://www.google.com/maps/search/?api=1&query=Bamba%20Fries%201%20%26%20Tosha&query_place_id=ChIJM6KVHHQQLxgRZqrybJ_R6Kw | https://www.google.com/maps/search/restaurant/@-1.3307757371669178,36.78227498330685,16z?hl=en | https://streetviewpixels-pa.googleapis.com/v1/thumbnail?panoid=wYY2IOWpbdYuVPSCudzWzQ&cb_client=search.gws-prod.gps&w=408&h=240&yaw=342.39142&pitch=0&thumbfov=100",https://www.google.com/maps/search/?api=1&query=Bamba%20Fries%201%20%26%20Tosha&query_place_id=ChIJM6KVHHQQLxgRZqrybJ_R6Kw,ChIJM6KVHHQQLxgRZqrybJ_R6Kw,False
Baraza Restaurant,Restaurant,"Kilimani St. Vincet Comboni Road Shalom House Dagoreti North, Kenya",+254 20 2746000,,,,,"https://www.google.com/maps/search/?api=1&query=Baraza%20Restaurant&query_place_id=ChIJJ6R2I60bLxgR1_9XWseXdY0 | https://www.google.com/maps/search/restaurant/@-1.296413588499247,36.76508901669314,16z?hl=en",https://www.google.com/maps/search/?api=1&query=Baraza%20Restaurant&query_place_id=ChIJJ6R2I60bLxgR1_9XWseXdY0,ChIJJ6R2I60bLxgR1_9XWseXdY0,False
Barizi Cuts & Restaurant,Restaurant,"Nairobi, Kenya",,,,,,"https://www.google.com/maps/search/?api=1&query=Barizi%20Cuts%20%26%20Restaurant&query_place_id=ChIJNTRPGmkQLxgRtHyp-doe0cc | https://www.google.com/maps/search/restaurant/@-1.3135946628330823,36.79946094992056,16z?hl=en | https://streetviewpixels-pa.googleapis.com/v1/thumbnail?panoid=b6hvKcyRzfEAAtrFJf5sXg&cb_client=search.gws-prod.gps&w=408&h=240&yaw=191.75177&pitch=0&thumbfov=100",https://www.google.com/maps/search/?api=1&query=Barizi%20Cuts%20%26%20Restaurant&query_place_id=ChIJNTRPGmkQLxgRtHyp-doe0cc,ChIJNTRPGmkQLxgRtHyp-doe0cc,False
Batians Peak Restaurant,Restaurant,"PQ4V+962 batian lane, Nairobi, Kenya",,,,,,"https://www.google.com/maps/search/?api=1&query=Batians%20Peak%20Restaurant&query_place_id=ChIJNzMmXCsRLxgRTNj1MeWZsH8 | https://www.google.com/maps/search/restaurant/@-1.296413588499247,36.78227498330685,16z?hl=en",https://www.google.com/maps/search/?api=1&query=Batians%20Peak%20Restaurant&query_place_id=ChIJNzMmXCsRLxgRTNj1MeWZsH8,ChIJNzMmXCsRLxgRTNj1MeWZsH8,False
BEAVER NANNIES & CATERING,Restaurant,"Nairobi, Kenya",,,,,,"https://www.google.com/maps/search/?api=1&query=BEAVER%20NANNIES%20%26%20CATERING&query_place_id=ChIJ65BhAHsaLxgRpPZX28QC_Xc | https://www.google.com/maps/search/restaurant/@-1.3135946628330823,36.76508901669314,16z?hl=en | https://streetviewpixels-pa.googleapis.com/v1/thumbnail?panoid=mxxxEAwf_z1cISsgd1HsLg&cb_client=search.gws-prod.gps&w=408&h=240&yaw=208.42992&pitch=0&thumbfov=100",https://www.google.com/maps/search/?api=1&query=BEAVER%20NANNIES%20%26%20CATERING&query_place_id=ChIJ65BhAHsaLxgRpPZX28QC_Xc,ChIJ65BhAHsaLxgRpPZX28QC_Xc,False
Beef Choma,Restaurant,"MQXJ+72Q, Nairobi, Kenya",,,,,,"https://www.google.com/maps/search/?api=1&query=Beef%20Choma&query_place_id=ChIJ3c6zs3caLxgR1jdCoeFbKRc | https://www.google.com/maps/search/restaurant/@-1.2999357,36.7739766,17.00233177367389z?hl=en | https://streetviewpixels-pa.googleapis.com/v1/thumbnail?panoid=DXVFKraQdEcxIIlZVkKvJA&cb_client=search.gws-prod.gps&w=408&h=240&yaw=354.09488&pitch=0&thumbfov=100",https://www.google.com/maps/search/?api=1&query=Beef%20Choma&query_place_id=ChIJ3c6zs3caLxgR1jdCoeFbKRc,ChIJ3c6zs3caLxgR1jdCoeFbKRc,False
Bells pub & Restaurant,Restaurant,"PQ3M+G94, Muringa Rd, Nairobi, Kenya",+254 61 2034092,,,,,"https://www.google.com/maps/search/?api=1&query=Bells%20pub%20%26%20Restaurant&query_place_id=ChIJn_ozUeYRLxgRmHI3aoX1NLE | https://www.google.com/maps/search/restaurant/@-1.293340725,36.778052200000005,17.00233553235424z?hl=en | https://streetviewpixels-pa.googleapis.com/v1/thumbnail?panoid=jsgWk82N2YYHNsLFFPdGyg&cb_client=search.gws-prod.gps&w=408&h=240&yaw=152.24953&pitch=0&thumbfov=100",https://www.google.com/maps/search/?api=1&query=Bells%20pub%20%26%20Restaurant&query_place_id=ChIJn_ozUeYRLxgRmHI3aoX1NLE,ChIJn_ozUeYRLxgRmHI3aoX1NLE,False
BEULAH DISHES,Restaurant,"Langata Rd, Nairobi, Kenya",,,,,,"https://www.google.com/maps/search/?api=1&query=BEULAH%20DISHES&query_place_id=ChIJYXmx37QaLxgRFkuI9qayc1A | https://www.google.com/maps/search/restaurant/@-1.3479568115007532,36.76508901669314,16z?hl=en | https://streetviewpixels-pa.googleapis.com/v1/thumbnail?panoid=vlII5AexAmMb12jp8TA5Tg&cb_client=search.gws-prod.gps&w=408&h=240&yaw=350.37558&pitch=0&thumbfov=100",https://www.google.com/maps/search/?api=1&query=BEULAH%20DISHES&query_place_id=ChIJYXmx37QaLxgRFkuI9qayc1A,ChIJYXmx37QaLxgRFkuI9qayc1A,False
BHAJIA HOUSE,Restaurant,"Nairobi, Kenya",,,,,,"https://www.google.com/maps/search/?api=1&query=BHAJIA%20HOUSE&query_place_id=ChIJyQh-B3UQLxgRAva57LAj_Mg | https://www.google.com/maps/search/restaurant/@-1.3307757371669178,36.78227498330685,16z?hl=en | https://streetviewpixels-pa.googleapis.com/v1/thumbnail?panoid=_3WkNT5E755n9W1qmblFHA&cb_client=search.gws-prod.gps&w=408&h=240&yaw=302.3339&pitch=0&thumbfov=100",https://www.google.com/maps/search/?api=1&query=BHAJIA%20HOUSE&query_place_id=ChIJyQh-B3UQLxgRAva57LAj_Mg,ChIJyQh-B3UQLxgRAva57LAj_Mg,False
BIRUK RESTAURANT,Restaurant,"Shopping Centre, Kibera Station Rd, Nairobi, Kenya",+254 791 855558,,,,,"https://www.google.com/maps/search/?api=1&query=BIRUK%20RESTAURANT&query_place_id=ChIJ5_eC-uUbLxgRYMug3xjBH0g | https://www.google.com/maps/search/restaurant/@-1.296413588499247,36.76508901669314,16z?hl=en | https://lh3.googleusercontent.com/gps-cs-s/AHRPTWnGkxk9dqQnDGc_s-xHvSOlIVEzQkrBVvo_e6JaJc3zyMhqtOekntAuld4Ms56itBTCg9B4hJCuwhHN8t2AJzK_VxYMJ0EqCCXH2lV5nEi5YsOqyhpJ4scFVANWTNQGLdpYJNlSga3NZ8Rb=w408-h306-k-no",https://www.google.com/maps/search/?api=1&query=BIRUK%20RESTAURANT&query_place_id=ChIJ5_eC-uUbLxgRYMug3xjBH0g,ChIJ5_eC-uUbLxgRYMug3xjBH0g,False
Blue Bands Bar & Restaurant,Restaurant,"PQ25+F62, Karandini Rd, Nairobi City, Kenya",,,,,,"https://www.google.com/maps/search/?api=1&query=Blue%20Bands%20Bar%20%26%20Restaurant&query_place_id=ChIJzbHrpkEaLxgRd7te1RLdEjs | https://www.google.com/maps/search/restaurant/@-1.296413588499247,36.76508901669314,16z?hl=en | https://streetviewpixels-pa.googleapis.com/v1/thumbnail?panoid=hZvnlhBagrG8zzO82ThM1w&cb_client=search.gws-prod.gps&w=408&h=240&yaw=83.17144&pitch=0&thumbfov=100",https://www.google.com/maps/search/?api=1&query=Blue%20Bands%20Bar%20%26%20Restaurant&query_place_id=ChIJzbHrpkEaLxgRd7te1RLdEjs,ChIJzbHrpkEaLxgRd7te1RLdEjs,False
Boliana Restaurant,Restaurant,"PQ6P+7QM, Nairobi, Kenya",,,,,,"https://www.google.com/maps/search/?api=1&query=Boliana%20Restaurant&query_place_id=ChIJVYVCewARLxgRtXziL2Yt1qU | https://www.google.com/maps/search/restaurant/@-1.296413588499247,36.78227498330685,16z?hl=en | https://streetviewpixels-pa.googleapis.com/v1/thumbnail?panoid=43MUNiHXp65Wx4TRu14ZiQ&cb_client=search.gws-prod.gps&w=408&h=240&yaw=348.68173&pitch=0&thumbfov=100",https://www.google.com/maps/search/?api=1&query=Boliana%20Restaurant&query_place_id=ChIJVYVCewARLxgRtXziL2Yt1qU,ChIJVYVCewARLxgRtXziL2Yt1qU,False
BOMA CHICKEN POINT,Restaurant,"Nairobi, Kenya",,,,,,"https://www.google.com/maps/search/?api=1&query=BOMA%20CHICKEN%20POINT&query_place_id=ChIJMUn-A30aLxgRXbcCcrfvx4M | https://www.google.com/maps/search/restaurant/@-1.3135946628330823,36.76508901669314,16z?hl=en | https://streetviewpixels-pa.googleapis.com/v1/thumbnail?panoid=elMIvXkFDEE5Sw2N6-CWcg&cb_client=search.gws-prod.gps&w=408&h=240&yaw=41.9579&pitch=0&thumbfov=100",https://www.google.com/maps/search/?api=1&query=BOMA%20CHICKEN%20POINT&query_place_id=ChIJMUn-A30aLxgRXbcCcrfvx4M,ChIJMUn-A30aLxgRXbcCcrfvx4M,False
Bongene Restaurant,Restaurant,"PQ76+V5P, Nairobi, Kenya",,,,,,"https://www.google.com/maps/search/?api=1&query=Bongene%20Restaurant&query_place_id=ChIJqQdbpxgaLxgRdlhBbpWQOrw | https://www.google.com/maps/search/restaurant/@-1.2792325141654115,36.76508901669314,16z?hl=en | https://streetviewpixels-pa.googleapis.com/v1/thumbnail?panoid=YS91kNC1Oes97Nqwo3OC4A&cb_client=search.gws-prod.gps&w=408&h=240&yaw=54.951397&pitch=0&thumbfov=100",https://www.google.com/maps/search/?api=1&query=Bongene%20Restaurant&query_place_id=ChIJqQdbpxgaLxgRdlhBbpWQOrw,ChIJqQdbpxgaLxgRdlhBbpWQOrw,False
Books Fast,Restaurant,"PQ26+RV2, Riara Rd, Nairobi City, Kenya",,,,,,"https://www.google.com/maps/search/?api=1&query=Books%20Fast&query_place_id=ChIJ--e48WoaLxgR7Rk7s9GIcXM | https://www.google.com/maps/search/restaurant/@-1.2983534384615385,36.76283634615385,17.002332677197412z?hl=en",https://www.google.com/maps/search/?api=1&query=Books%20Fast&query_place_id=ChIJ--e48WoaLxgR7Rk7s9GIcXM,ChIJ--e48WoaLxgR7Rk7s9GIcXM,False
Bounjour Restaurant,Restaurant,"MQXQ+XG3, Jamhuri Cres, Nairobi City, Kenya",,,,,,"https://www.google.com/maps/search/?api=1&query=Bounjour%20Restaurant&query_place_id=ChIJkZvDwpsQLxgR3-xDjsD60go | https://www.google.com/maps/search/restaurant/@-1.296413588499247,36.78227498330685,16z?hl=en",https://www.google.com/maps/search/?api=1&query=Bounjour%20Restaurant&query_place_id=ChIJkZvDwpsQLxgR3-xDjsD60go,ChIJkZvDwpsQLxgR3-xDjsD60go,False
Branzino Coffee & Bistro,Restaurant,"Gitanga Rd, Nairobi, Kenya",+254 758 254364,,,,,"https://www.google.com/maps/search/?api=1&query=Branzino%20Coffee%20%26%20Bistro&query_place_id=ChIJrc4PhPUbLxgRleBv6nZk4nA | https://www.google.com/maps/search/restaurant/@-1.296413588499247,36.76508901669314,16z?hl=en | https://lh3.googleusercontent.com/gps-cs-s/AHRPTWnI6dvEcttPT2HJBHkdK_X1HmnZbM7vpwkQprkyHNGh2vFH7bf47hJ7hd-afcJHl6Zvs9R9B5-T8uyMXOmCBAuUZMa0qAuBy5MS2iVFtffwUl2NQfu0bgGn_-PDzGXUyyHL-vzNfQ=w408-h272-k-no",https://www.google.com/maps/search/?api=1&query=Branzino%20Coffee%20%26%20Bistro&query_place_id=ChIJrc4PhPUbLxgRleBv6nZk4nA,ChIJrc4PhPUbLxgRleBv6nZk4nA,True
BRICKHOUSE WOODFIRE KITCHEN,Restaurant,"Langata Rd, Nairobi, Kenya",+254 794 946056,,,,,"https://www.google.com/maps/search/?api=1&query=BRICKHOUSE%20WOODFIRE%20KITCHEN&query_place_id=ChIJDbkmQL0bLxgRk9yHv1E1RnQ | https://www.google.com/maps/search/restaurant/@-1.3479568115007532,36.74790305007943,16z?hl=en | https://lh3.googleusercontent.com/gps-cs-s/AHRPTWkUWA0nj1p18wx3zXEkxSkM-qTc-Al6qHvitg0Ix3T2VHuAr3iaUyHi3tce5XiANK1eiTiX9FwGexRPySaSi92ItVxn2wkvNs7ZUX1YNIh4ydkqx38uB527MA8UcRRzCwWwlFAU=w408-h408-k-no",https://www.google.com/maps/search/?api=1&query=BRICKHOUSE%20WOODFIRE%20KITCHEN&query_place_id=ChIJDbkmQL0bLxgRk9yHv1E1RnQ,ChIJDbkmQL0bLxgRk9yHv1E1RnQ,False
Brimming Vessels,Restaurant,"Westfield Mall, Mbaazi Rd, Nairobi, Kenya",+254 720 516880,,,,,"https://www.google.com/maps/search/?api=1&query=Brimming%20Vessels&query_place_id=ChIJs2N_VgEbLxgRbr0EvsugPfE | https://www.google.com/maps/search/restaurant/@-1.2955217,36.7736869,17.002334291465527z?hl=en | https://lh3.googleusercontent.com/gps-cs-s/AHRPTWkXWbt8XtTUubUz7Yo_fms1KpWunsrjHza2D1SLxnu136C8t5K0b1RAvN9GH-kLiFdsMwJZG8ZgyILL_8NqAsw7Ns4cp8iPUtdy-A7yjVEd_XhlCr8qxbHuR74LoVz0XWDGaMJ4a3K0PWCH=w408-h724-k-no",https://www.google.com/maps/search/?api=1&query=Brimming%20Vessels&query_place_id=ChIJs2N_VgEbLxgRbr0EvsugPfE,ChIJs2N_VgEbLxgRbr0EvsugPfE,False
Brookwell Bakers & Fries,Restaurant,"MQXF+5JM, Joseph Kangethe Rd, Nairobi, Kenya",,,,,,"https://www.google.com/maps/search/?api=1&query=Brookwell%20Bakers%20%26%20Fries&query_place_id=ChIJeZaM_3AaLxgRFhkrwngnTqM | https://www.google.com/maps/search/restaurant/@-1.2999357,36.7739766,17.00233177367389z?hl=en | https://streetviewpixels-pa.googleapis.com/v1/thumbnail?panoid=EakC2ko7pin0IxiIWm6q_A&cb_client=search.gws-prod.gps&w=408&h=240&yaw=234.61807&pitch=0&thumbfov=100",https://www.google.com/maps/search/?api=1&query=Brookwell%20Bakers%20%26%20Fries&query_place_id=ChIJeZaM_3AaLxgRFhkrwngnTqM,ChIJeZaM_3AaLxgRFhkrwngnTqM,False
Buddy's Bar & Restaurant,Restaurant,"MQQH+FH6, Kibera Dr, Nairobi, Kenya",,,,,,"https://www.google.com/maps/search/?api=1&query=Buddy | https://www.google.com/maps/search/restaurant/@-1.3135946628330823,36.76508901669314,16z?hl=en | https://streetviewpixels-pa.googleapis.com/v1/thumbnail?panoid=liO3jORXRCy8wMTamtGZQg&cb_client=search.gws-prod.gps&w=408&h=240&yaw=152.16457&pitch=0&thumbfov=100",https://www.google.com/maps/search/?api=1&query=Buddy's%20Bar%20%26%20Restaurant&query_place_id=ChIJmYoUKX4aLxgRNBDZUDx4ZwM,ChIJmYoUKX4aLxgRNBDZUDx4ZwM,False
BUMPS RESTAURANT AND GRILL,Restaurant,"Hardy, Nairobi, Kenya",+254 724 599201,,,,,"https://www.google.com/maps/search/?api=1&query=BUMPS%20RESTAURANT%20AND%20GRILL&query_place_id=ChIJ-dgnAuwFLxgR1A5dOcEX6M0 | https://www.google.com/maps/search/restaurant/@-1.3651378858345886,36.76508901669314,16z?hl=en | https://lh3.googleusercontent.com/gps-cs-s/AHRPTWnX2D3shf1vBMJV-SbMWC8-1aWvMeHlDKBrBcda73t9bU8sENRAzEoTm9yc0NpjfIyTb6HAzQ6FxG9Hx3RWkq41mDjo1voKirSrUcDrBCsLZJzON-qd-x_305DEvkbCzq5csH0=w408-h544-k-no",https://www.google.com/maps/search/?api=1&query=BUMPS%20RESTAURANT%20AND%20GRILL&query_place_id=ChIJ-dgnAuwFLxgR1A5dOcEX6M0,ChIJ-dgnAuwFLxgR1A5dOcEX6M0,False
Cactus Bar And Restaurant,Restaurant,"45022 Lenana Rd, Nairobi, Kenya",+254 723 667460,,,,,"https://www.google.com/maps/search/?api=1&query=Cactus%20Bar%20And%20Restaurant&query_place_id=ChIJr4Y7zLsQLxgRlGHG2YSMLHo | https://www.google.com/maps/search/restaurant/@-1.296413588499247,36.79946094992056,16z?hl=en | https://streetviewpixels-pa.googleapis.com/v1/thumbnail?panoid=ZJhFd0z6sJZlq8a0ECXOLg&cb_client=search.gws-prod.gps&w=408&h=240&yaw=176.24298&pitch=0&thumbfov=100",https://www.google.com/maps/search/?api=1&query=Cactus%20Bar%20And%20Restaurant&query_place_id=ChIJr4Y7zLsQLxgRlGHG2YSMLHo,ChIJr4Y7zLsQLxgRlGHG2YSMLHo,False
Cafe Galana,Restaurant,"PQ5M+M6X, Nairobi, Kenya",+254 720 013882,,,,,"https://www.google.com/maps/search/?api=1&query=Cafe%20Galana&query_place_id=ChIJ4f54cqcQLxgR4vEL7k37to0 | https://www.google.com/maps/search/restaurant/@-1.293340725,36.778052200000005,17.00233553235424z?hl=en | https://lh3.googleusercontent.com/gps-cs-s/AHRPTWmExzgmV0l7wCXI-d-TmAJNMUth-Rgf78ctfGdyKS3H_zbcDwgc-6-7xhSxcXrt6Ko-rJ99H77DSqU5_EsgPE89JvSzhIFfnhXK2d-W1335rJMWsdPTn4or8OsKeBhipE7yVtvJ=w408-h612-k-no",https://www.google.com/maps/search/?api=1&query=Cafe%20Galana&query_place_id=ChIJ4f54cqcQLxgR4vEL7k37to0,ChIJ4f54cqcQLxgR4vEL7k37to0,False
Cafeteria,Restaurant,"MQGF+RVJ, Nairobi, Kenya",,,,,,"https://www.google.com/maps/search/?api=1&query=Cafeteria&query_place_id=ChIJm5g-2psaLxgRRZHNRPNj-pk | https://www.google.com/maps/search/restaurant/@-1.3307757371669178,36.78227498330685,16z?hl=en",https://www.google.com/maps/search/?api=1&query=Cafeteria&query_place_id=ChIJm5g-2psaLxgRRZHNRPNj-pk,ChIJm5g-2psaLxgRRZHNRPNj-pk,False
Café Golis,Restaurant,"MQXJ+V5F, Ngong Rd, Nairobi, Kenya",,,,,,"https://www.google.com/maps/search/?api=1&query=Caf%C3%A9%20Golis&query_place_id=ChIJgYeaJgAbLxgRSA65kEkwHxM | https://www.google.com/maps/search/restaurant/@-1.2986442,36.77959205,17.00233251124554z?hl=en | https://lh3.googleusercontent.com/gps-cs-s/AHRPTWlXO928hPNpAvwGJcbaaWqp4gRbSdb-BUK_c-1LBklAJkPznN1BN9Ff2gTKN3aW-Gmd0Kuu_cperYInGDQy6ENLNfDqty--6UPLW2Yca7ArJ5PUvFk9RT0JXw7WiYZnaTMVQ4Ii2rZFeYmf=w426-h240-k-no",https://www.google.com/maps/search/?api=1&query=Caf%C3%A9%20Golis&query_place_id=ChIJgYeaJgAbLxgRSA65kEkwHxM,ChIJgYeaJgAbLxgRSA65kEkwHxM,False
CALIFONIA RESTAURANT & CATERERS,Restaurant,"MQQQ+2JV, Sheikh Mahmoud Rd, Nairobi, Kenya",,,,,,"https://www.google.com/maps/search/?api=1&query=CALIFONIA%20RESTAURANT%20%26%20CATERERS&query_place_id=ChIJxYWCvn0QLxgRCmexnkUM50c | https://www.google.com/maps/search/restaurant/@-1.3135946628330823,36.79946094992056,16z?hl=en | https://streetviewpixels-pa.googleapis.com/v1/thumbnail?panoid=cNw2kdKoU3Vs7dFAuEHrLA&cb_client=search.gws-prod.gps&w=408&h=240&yaw=31.838291&pitch=0&thumbfov=100",https://www.google.com/maps/search/?api=1&query=CALIFONIA%20RESTAURANT%20%26%20CATERERS&query_place_id=ChIJxYWCvn0QLxgRCmexnkUM50c,ChIJxYWCvn0QLxgRCmexnkUM50c,False
California Hotel,Restaurant,"Mji wa Kale, Maboko Rd, Mvita, Kenya",+254 725 961791,,,,,"https://www.google.com/maps/search/?api=1&query=California%20Hotel&query_place_id=ChIJ19EQ_XQQLxgRfw8Ozfq3e9U | https://www.google.com/maps/search/restaurant/@-1.3307757371669178,36.78227498330685,16z?hl=en | https://lh3.googleusercontent.com/gps-cs-s/AHRPTWmBjemXJP-cPM7nt3AVwzcz2q3RCjrKOS_N-SWAU0TaLr7hct_59U3eiMtBWP3eWXPG4UPZHIv2KbpVb_T3eg_5N3L8y-tIQiWWfvJs-MpZUdK9knbVd13ZAPfN2iJRJaoqkR_XLXBX6D6c=w408-h720-k-no",https://www.google.com/maps/search/?api=1&query=California%20Hotel&query_place_id=ChIJ19EQ_XQQLxgRfw8Ozfq3e9U,ChIJ19EQ_XQQLxgRfw8Ozfq3e9U,False
Calito's,Restaurant,"Nairobi, Kenya",,,,,,"https://www.google.com/maps/search/?api=1&query=Calito | https://www.google.com/maps/search/restaurant/@-1.3479568115007532,36.76508901669314,16z?hl=en | https://streetviewpixels-pa.googleapis.com/v1/thumbnail?panoid=ZHt9cXHCXz2cc-OzNTIWpA&cb_client=search.gws-prod.gps&w=408&h=240&yaw=254.34663&pitch=0&thumbfov=100",https://www.google.com/maps/search/?api=1&query=Calito's&query_place_id=ChIJj2FByrQaLxgRjlbbB0gydqM,ChIJj2FByrQaLxgRjlbbB0gydqM,False
Canteen,Restaurant,"MQGF+XP2, Nairobi, Kenya",,,,,,"https://www.google.com/maps/search/?api=1&query=Canteen&query_place_id=ChIJNWBizpsaLxgRUymRQCxJCsE | https://www.google.com/maps/search/restaurant/@-1.3307757371669178,36.78227498330685,16z?hl=en",https://www.google.com/maps/search/?api=1&query=Canteen&query_place_id=ChIJNWBizpsaLxgRUymRQCxJCsE,ChIJNWBizpsaLxgRUymRQCxJCsE,False
CAPEX COMMERCIAL KITCHEN,Restaurant,"Nairobi, Kenya",,,,,,"https://www.google.com/maps/search/?api=1&query=CAPEX%20COMMERCIAL%20KITCHEN&query_place_id=ChIJZ68BQkQaLxgRQ8yVj2EgJa8 | https://www.google.com/maps/search/restaurant/@-1.30206825,36.7531745,17.002330554175863z?hl=en | https://streetviewpixels-pa.googleapis.com/v1/thumbnail?panoid=htTlcxY4ID27w0KdtZTxig&cb_client=search.gws-prod.gps&w=408&h=240&yaw=39.888813&pitch=0&thumbfov=100",https://www.google.com/maps/search/?api=1&query=CAPEX%20COMMERCIAL%20KITCHEN&query_place_id=ChIJZ68BQkQaLxgRQ8yVj2EgJa8,ChIJZ68BQkQaLxgRQ8yVj2EgJa8,False
Capitol Dishes,Restaurant,"MPWW+WPG, Nairobi, Kenya",,,,,,"https://www.google.com/maps/search/?api=1&query=Capitol%20Dishes&query_place_id=ChIJwwJAsE8aLxgRMP83VE-J8K4 | https://www.google.com/maps/search/restaurant/@-1.30206825,36.7531745,17.002330554175863z?hl=en | https://streetviewpixels-pa.googleapis.com/v1/thumbnail?panoid=c0jiOAzsFEjn7H7-7ebceQ&cb_client=search.gws-prod.gps&w=408&h=240&yaw=89.654366&pitch=0&thumbfov=100",https://www.google.com/maps/search/?api=1&query=Capitol%20Dishes&query_place_id=ChIJwwJAsE8aLxgRMP83VE-J8K4,ChIJwwJAsE8aLxgRMP83VE-J8K4,False
Capricorn Bar & Restaurant,Restaurant,"Ngong Road, next to Prestige Plaza P box 12146-00400 Nairobi KE, Kenya",+254 721 577002,,,,,"https://www.google.com/maps/search/?api=1&query=Capricorn%20Bar%20%26%20Restaurant&query_place_id=ChIJ3QAHeT8RLxgRsXMfoRdSQPA | https://www.google.com/maps/search/restaurant/@-1.296413588499247,36.78227498330685,16z?hl=en | https://lh3.googleusercontent.com/gps-cs-s/AHRPTWkhfi5bUJ4FMg4g2Or0S29R4UKim-fZEKiy5VcLWaCx1ziYaCC2e7hYgD4SPUyTOaLCxrJ7cgmgvp88VegpFHorLdihjZ5h5PRJ5eNQp5P0VQ9_QcxTLNeDI-SOsCiFZoP73Sjm=w426-h240-k-no",https://www.google.com/maps/search/?api=1&query=Capricorn%20Bar%20%26%20Restaurant&query_place_id=ChIJ3QAHeT8RLxgRsXMfoRdSQPA,ChIJ3QAHeT8RLxgRsXMfoRdSQPA,False
Captain Grill,Restaurant,"PQ7C+6QP, Nairobi, Kenya",+254 714 078825,,,,,"https://www.google.com/maps/search/?api=1&query=Captain%20Grill&query_place_id=ChIJLbLVFhEaLxgR5bHHGDd1wQA | https://www.google.com/maps/search/restaurant/@-1.2895935545454547,36.773318836363636,17.002337659462743z?hl=en | https://lh3.googleusercontent.com/gps-cs-s/AHRPTWklHIuB2bX44u7myygXx2GZAWXCZ41eXauMYKnOpt_S9l3_7EnPzAeBA5LQHbVTdpjvMl8Uj6GRULmffrFzE0CtizfJ7VE4pWdKdgrhQubASwiPMFoNZcJrME3I9125ISesAVid=w426-h240-k-no",https://www.google.com/maps/search/?api=1&query=Captain%20Grill&query_place_id=ChIJLbLVFhEaLxgR5bHHGDd1wQA,ChIJLbLVFhEaLxgR5bHHGDd1wQA,False
Castros Pub & Restaurant,Restaurant,"CHINA CENTRE, Kilimani NGONG, Nairobi, Kenya",+254 711 239563,,,,,"https://www.google.com/maps/search/?api=1&query=Castros%20Pub%20%26%20Restaurant&query_place_id=ChIJ5-1zRqIRLxgRfo0nidY02YE | https://www.google.com/maps/search/restaurant/@-1.296413588499247,36.79946094992056,16z?hl=en | https://streetviewpixels-pa.googleapis.com/v1/thumbnail?panoid=Y4vNp2gtK4n8T9bKtZWJOw&cb_client=search.gws-prod.gps&w=408&h=240&yaw=167.63176&pitch=0&thumbfov=100",https://www.google.com/maps/search/?api=1&query=Castros%20Pub%20%26%20Restaurant&query_place_id=ChIJ5-1zRqIRLxgRfo0nidY02YE,ChIJ5-1zRqIRLxgRfo0nidY02YE,False
Cavana Restaurant & Car Wash,Restaurant,"Thompson Estate, Ole Odume road, Kenya",+254 759 416620,,,,,"https://www.google.com/maps/search/?api=1&query=Cavana%20Restaurant%20%26%20Car%20Wash&query_place_id=ChIJNbAQfdcbLxgRKGy0LuIwYfg | https://www.google.com/maps/search/restaurant/@-1.296413588499247,36.78227498330685,16z?hl=en | https://lh3.googleusercontent.com/gps-cs-s/AHRPTWloPeVr7K-DDRAjJxV7bYIi2bS962RcZYia6g1zX2uTTJ_bOH4AB2LmKmUWRjJch-T27MYWlKW_jFFD0jpAEQrBIIFjZ02GM1wypRdSeCN0GKY8WsjT5yUDq4nRoVZ8B-wsKNNh=w408-h306-k-no",https://www.google.com/maps/search/?api=1&query=Cavana%20Restaurant%20%26%20Car%20Wash&query_place_id=ChIJNbAQfdcbLxgRKGy0LuIwYfg,ChIJNbAQfdcbLxgRKGy0LuIwYfg,False
Cecy Bar And Restaurant,Restaurant,"Ground Floor Langata Rd, Nairobi, Kenya",+254 718 287430,,,,,"https://www.google.com/maps/search/?api=1&query=Cecy%20Bar%20And%20Restaurant&query_place_id=ChIJLYAxvWkQLxgRjGzV2O_JEWU | https://www.google.com/maps/search/restaurant/@-1.3135946628330823,36.79946094992056,16z?hl=en | https://lh3.googleusercontent.com/gps-proxy/ALd4DhGqLrkafWxtCBKXuOYoaLFLb3FpOf4Yg6fTIaSYHVNoPAl2YvJQlKa5XJnoXf_E2P2gc0-7eQGV3pW9F5pnqs3nhQM4OXs5tVJ0OJ3_QM8_jn2oFZGq8CbXXVahisZ9eCPK00wFc_sEh3TH3V_NkcVOy7C10v70fTXnqXNj_y_fnke1gHmHh6YO7jj-K4lI4yhXDw=w426-h240-k-no",https://www.google.com/maps/search/?api=1&query=Cecy%20Bar%20And%20Restaurant&query_place_id=ChIJLYAxvWkQLxgRjGzV2O_JEWU,ChIJLYAxvWkQLxgRjGzV2O_JEWU,False
Chap Dee' Bistro,Restaurant,"PQ5J+6RG, Nairobi, Kenya",,,,,,"https://www.google.com/maps/search/?api=1&query=Chap%20Dee | https://www.google.com/maps/search/restaurant/@-1.293340725,36.778052200000005,17.00233553235424z?hl=en | https://lh3.googleusercontent.com/gps-cs-s/AHRPTWm8hF9HNJfKSdpFU74V1qjq8wxJODyJONQ_6Rn6QkZNR8ju-YDhSOgJwD9GveQfrxZBhWit0Aw-07-KqMD4dvGpG3cTI_-Orn9--MpeeXHuhxu4WFTo8pLu7mKanocdSY4PJoGz-g=w426-h240-k-no",https://www.google.com/maps/search/?api=1&query=Chap%20Dee'%20Bistro&query_place_id=ChIJsxMpVacQLxgRYF-SxiXd7Nk,ChIJsxMpVacQLxgRYF-SxiXd7Nk,False
Check Point Bar & Restaurant,Restaurant,"MQQG+H28, Kibera Dr, Nairobi City, Kenya",,,,,,"https://www.google.com/maps/search/?api=1&query=Check%20Point%20Bar%20%26%20Restaurant&query_place_id=ChIJA5t8kH0aLxgRVgAbUtdRXDI | https://www.google.com/maps/search/restaurant/@-1.3135946628330823,36.76508901669314,16z?hl=en | https://streetviewpixels-pa.googleapis.com/v1/thumbnail?panoid=5eWZk_F1MnweOZamDfJ12A&cb_client=search.gws-prod.gps&w=408&h=240&yaw=245.12007&pitch=0&thumbfov=100",https://www.google.com/maps/search/?api=1&query=Check%20Point%20Bar%20%26%20Restaurant&query_place_id=ChIJA5t8kH0aLxgRVgAbUtdRXDI,ChIJA5t8kH0aLxgRVgAbUtdRXDI,False
Chef & Chef,Restaurant,"PQ2F+FM6, Nairobi, Kenya",+254 723 459636,,,,,"https://www.google.com/maps/search/?api=1&query=Chef%20%26%20Chef&query_place_id=ChIJKad4tnMaLxgRE0aed8t-cv4 | https://www.google.com/maps/search/restaurant/@-1.2955217,36.7736869,17.002334291465527z?hl=en | https://lh3.googleusercontent.com/gps-cs-s/AHRPTWnt0qaMSpXvH0FqBTN1WlSDQZIqUPA_4zIOyXeeMLWK_EaKAj4vnTjqOki5-Cxhb2LcAx5PAm_PrETsya81KC_iy3pPQ3FgnGBdFUg2UBx4tS0KYIhTi-ep-xIoRpsU46EzRbwP=w408-h306-k-no",https://www.google.com/maps/search/?api=1&query=Chef%20%26%20Chef&query_place_id=ChIJKad4tnMaLxgRE0aed8t-cv4,ChIJKad4tnMaLxgRE0aed8t-cv4,False
Chicken Palace,Restaurant,"MPXW+7PC, Igiria.Kirui Rd, Nairobi, Kenya",,,,,,"https://www.google.com/maps/search/?api=1&query=Chicken%20Palace&query_place_id=ChIJp4bV_E4aLxgRMOX7ObWb44I | https://www.google.com/maps/search/restaurant/@-1.30206825,36.7531745,17.002330554175863z?hl=en | https://streetviewpixels-pa.googleapis.com/v1/thumbnail?panoid=49MFuhfkbGuvQL16v6U5BA&cb_client=search.gws-prod.gps&w=408&h=240&yaw=75.344826&pitch=0&thumbfov=100",https://www.google.com/maps/search/?api=1&query=Chicken%20Palace&query_place_id=ChIJp4bV_E4aLxgRMOX7ObWb44I,ChIJp4bV_E4aLxgRMOX7ObWb44I,False
Chinese Asian Pot kitchen,Restaurant,"Suna road of, Ngong Rd, Nairobi, Kenya",+254 721 423614,,,,,"https://www.google.com/maps/search/?api=1&query=Chinese%20Asian%20Pot%20kitchen&query_place_id=ChIJyTGhv_8bLxgRYVuq6WbyhyI | https://www.google.com/maps/search/restaurant/@-1.2999357,36.7739766,17.00233177367389z?hl=en | https://lh3.googleusercontent.com/gps-cs-s/AHRPTWmU5nFh8-VyY2ZGbC-htUj-v0ZXurPhi7f_KA6-xluI10MRpFnY6K1GGNokhbhy-E_sZZwtIEIwZOXrF0GVb8pRyKhpUXGjFX4-ymM8Q8a4LYAZYcC-z7ZeEM0FopYHIbUmPYqV=w408-h307-k-no",https://www.google.com/maps/search/?api=1&query=Chinese%20Asian%20Pot%20kitchen&query_place_id=ChIJyTGhv_8bLxgRYVuq6WbyhyI,ChIJyTGhv_8bLxgRYVuq6WbyhyI,False
Chini ya Ova,Restaurant,"Lumte Bar, Shopping Complex, Kitengela Rd, Nairobi, Kenya",+254 722 724502,,,,,"https://www.google.com/maps/search/?api=1&query=Chini%20ya%20Ova&query_place_id=ChIJ4WnN4lMRLxgRaVNMyjRXVpo | https://www.google.com/maps/search/restaurant/@-1.3307757371669178,36.78227498330685,16z?hl=en | https://lh3.googleusercontent.com/gps-cs-s/AHRPTWm75gcqIuoloO-8x3N8YM38S70zRoGYGaJ4lwN8CsHOzB4rUluVx0w3BH1fCNA-kCGsydRFN5Ytn3TFhyey45hQ2x-fhec6yDhqwHB2bETWdg1jZMRi-RDBF-EpNWdGMce35DY3=w408-h277-k-no",https://www.google.com/maps/search/?api=1&query=Chini%20ya%20Ova&query_place_id=ChIJ4WnN4lMRLxgRaVNMyjRXVpo,ChIJ4WnN4lMRLxgRaVNMyjRXVpo,False
"Chips Point Restaurant, Ngando",Restaurant,"MPWW+RP9, Igiria.Kirui Rd, Nairobi, Kenya",,,,,,"https://www.google.com/maps/search/?api=1&query=Chips%20Point%20Restaurant%2C%20Ngando&query_place_id=ChIJBZy-TE4aLxgRdREbfZApo-s | https://www.google.com/maps/search/restaurant/@-1.296413588499247,36.74790305007943,16z?hl=en | https://lh3.googleusercontent.com/gps-cs-s/AHRPTWmHGDijQPCmDDqA6ad-9s_vKiBqF4ouaCQaRJ_8ukZuVXM_X5Lxh994UaaTyB_K5fPDYW-lL0IY1vckVhpe3xn91tLlieiqTSBH78eKpyW52V-Lhv2imWj_Wliwotmk5HWRG8VLDGOL9wZz=w408-h543-k-no",https://www.google.com/maps/search/?api=1&query=Chips%20Point%20Restaurant%2C%20Ngando&query_place_id=ChIJBZy-TE4aLxgRdREbfZApo-s,ChIJBZy-TE4aLxgRdREbfZApo-s,False
Chocolate City Bar & Restaurant,Restaurant,"MQ56+7R8, Langata Rd, Nairobi, Kenya",+254 799 816578,,,,,"https://www.google.com/maps/search/?api=1&query=Chocolate%20City%20Bar%20%26%20Restaurant&query_place_id=ChIJQUwuwucbLxgRsjX6yMXef2Q | https://www.google.com/maps/search/restaurant/@-1.3479568115007532,36.74790305007943,16z?hl=en | https://lh3.googleusercontent.com/gps-cs-s/AHRPTWkqyYPJp5MBQvFEEPmBeX4-ezY4njElKzJ4wINBQK83pEbbCb2F2jMiHpSfPtdlJBYw2-hbluaQRove81HDq6-nrcB6VQML5O0MKVtUEc0Pnez3ltoo8u8JokFy9DZfBjmQ3Chu=w408-h306-k-no",https://www.google.com/maps/search/?api=1&query=Chocolate%20City%20Bar%20%26%20Restaurant&query_place_id=ChIJQUwuwucbLxgRsjX6yMXef2Q,ChIJQUwuwucbLxgRsjX6yMXef2Q,True
Chocolate City Bar & Restaurant Kileleshwa,Restaurant,"Mbooni Rd, Nairobi, Kenya",+254 703 827955,,,,,"https://www.google.com/maps/search/?api=1&query=Chocolate%20City%20Bar%20%26%20Restaurant%20Kileleshwa&query_place_id=ChIJG6KGVgAbLxgRky_VjqAuBvc | https://www.google.com/maps/search/restaurant/@-1.296413588499247,36.76508901669314,16z?hl=en | https://lh3.googleusercontent.com/gps-cs-s/AHRPTWl92mCoKlfY13RvaYHv5h8MCm_eYTfqSzi46sblWHcjf0LqeLZCZk0pcNdzawAoeDkIB9ns6gvXIP4Ar93Ll7NPj6qMHW2z1v4VcgKzXBn8-dkAP78t-dhLyVbfqOwSmDl-tvRkv83ojbpO=w408-h272-k-no",https://www.google.com/maps/search/?api=1&query=Chocolate%20City%20Bar%20%26%20Restaurant%20Kileleshwa&query_place_id=ChIJG6KGVgAbLxgRky_VjqAuBvc,ChIJG6KGVgAbLxgRky_VjqAuBvc,False
Choma Zone Grill,Restaurant,"PQ25+HF8, Naivasha Rd, Nairobi City, Kenya",,,,,,"https://www.google.com/maps/search/?api=1&query=Choma%20Zone%20Grill&query_place_id=ChIJyRcFtEEaLxgRJS_DBWkPGUg | https://www.google.com/maps/search/restaurant/@-1.30206825,36.7531745,17.002330554175863z?hl=en | https://streetviewpixels-pa.googleapis.com/v1/thumbnail?panoid=WY037j5WLk3P66_oB0cAxw&cb_client=search.gws-prod.gps&w=408&h=240&yaw=188.6466&pitch=0&thumbfov=100",https://www.google.com/maps/search/?api=1&query=Choma%20Zone%20Grill&query_place_id=ChIJyRcFtEEaLxgRJS_DBWkPGUg,ChIJyRcFtEEaLxgRJS_DBWkPGUg,False
Cinnamon Stix Restaurant,Restaurant,"MQGM+489, Academy Rd, Nairobi, Kenya",+254 722 608515,,,,,"https://www.google.com/maps/search/?api=1&query=Cinnamon%20Stix%20Restaurant&query_place_id=ChIJwUeKoXUQLxgRN89ElBJSPI0 | https://www.google.com/maps/search/restaurant/@-1.3307757371669178,36.78227498330685,16z?hl=en | https://streetviewpixels-pa.googleapis.com/v1/thumbnail?panoid=qeDCKfORzXigP1ClSTk-Pg&cb_client=search.gws-prod.gps&w=408&h=240&yaw=356.5247&pitch=0&thumbfov=100",https://www.google.com/maps/search/?api=1&query=Cinnamon%20Stix%20Restaurant&query_place_id=ChIJwUeKoXUQLxgRN89ElBJSPI0,ChIJwUeKoXUQLxgRN89ElBJSPI0,False
CINQ RESTAURANT AND LOUNGE,Restaurant,"PQ6C+GHG, Muthangari Rd, Nairobi, Kenya",,,,,,"https://www.google.com/maps/search/?api=1&query=CINQ%20RESTAURANT%20AND%20LOUNGE&query_place_id=ChIJqQUwDjQbLxgRvECgCMcZ39U | https://www.google.com/maps/search/restaurant/@-1.296413588499247,36.76508901669314,16z?hl=en | https://lh3.googleusercontent.com/gps-cs-s/AHRPTWkuyYRrvQrFXquzkUji8UCFvLUsNGJuzB-TfPZK39C6AG19uIpeRZHKLZNptqdjnL9XyEFqpQEMybKyrRjfYaXi1KFD2rFFyq9GpdFXHok23JRipSnjXuE5-o4Hk_P9sZUTFcbyFQ=w426-h240-k-no",https://www.google.com/maps/search/?api=1&query=CINQ%20RESTAURANT%20AND%20LOUNGE&query_place_id=ChIJqQUwDjQbLxgRvECgCMcZ39U,ChIJqQUwDjQbLxgRvECgCMcZ39U,True
Citygate restaurant,Restaurant,"75187, Kenya",+254 702 375771,,,,,"https://www.google.com/maps/search/?api=1&query=Citygate%20restaurant&query_place_id=ChIJ74WG5-QRLxgRGZUKoy_uI6M | https://www.google.com/maps/search/restaurant/@-1.296413588499247,36.79946094992056,16z?hl=en | https://lh3.googleusercontent.com/gps-cs-s/AHRPTWnDOEZnpYdZ7gtS_XusNXoCqb1PEmCP_EE0WJeUIhxUgEEX6BV3_zRgE8c8_TSZrqWwoV5t4f8JYVG87NoBhqg-ql4x1p4ivizDYhVrhLEACg5ibJIzqZy78GHo4XhQyf56J0rg=w408-h544-k-no",https://www.google.com/maps/search/?api=1&query=Citygate%20restaurant&query_place_id=ChIJ74WG5-QRLxgRGZUKoy_uI6M,ChIJ74WG5-QRLxgRGZUKoy_uI6M,False
Cityside Bar & Restaurant,Restaurant,"PP4Q+HM6, Gr Flr Next to Riruta Police Station, Kinyanjui Rd, North, Kenya",+254 722 561715,,,,,"https://www.google.com/maps/search/?api=1&query=Cityside%20Bar%20%26%20Restaurant&query_place_id=ChIJGZURSDEbLxgRFrSAQkrA5Rg | https://www.google.com/maps/search/restaurant/@-1.296413588499247,36.73071708346572,16z?hl=en | https://streetviewpixels-pa.googleapis.com/v1/thumbnail?panoid=sS-ud_O34FBAcKWXUdCWkQ&cb_client=search.gws-prod.gps&w=408&h=240&yaw=41.150555&pitch=0&thumbfov=100",https://www.google.com/maps/search/?api=1&query=Cityside%20Bar%20%26%20Restaurant&query_place_id=ChIJGZURSDEbLxgRFrSAQkrA5Rg,ChIJGZURSDEbLxgRFrSAQkrA5Rg,False
Clairemont Gardens,Restaurant,"Ndemi Rd, Starehe, Kenya",+254 720 226860,,,,,"https://www.google.com/maps/search/?api=1&query=Clairemont%20Gardens&query_place_id=ChIJF7O7TSwbLxgRr2RzPD-22oE | https://www.google.com/maps/search/restaurant/@-1.293340725,36.778052200000005,17.00233553235424z?hl=en | https://lh3.googleusercontent.com/gps-cs-s/AHRPTWmNL_GzbqvWgaoa6J6WT8XP2iokabhxRcHndksKttaBDBzsncjVZ6Dtxq6U3znP6ho8zC_172NTNVKjJwMYo7aG8aRZA_qx7zz0Uoy4ij9IApNVQeJb1tkqFabDwzB_EoSVvCGbmQ=w408-h306-k-no",https://www.google.com/maps/search/?api=1&query=Clairemont%20Gardens&query_place_id=ChIJF7O7TSwbLxgRr2RzPD-22oE,ChIJF7O7TSwbLxgRr2RzPD-22oE,False
CLEAN SHADE RESTAURANT AND BUTCHERY,Restaurant,"Nairobi, Kenya",+254 724 747368,,,,,"https://www.google.com/maps/search/?api=1&query=CLEAN%20SHADE%20RESTAURANT%20AND%20BUTCHERY&query_place_id=ChIJBXZWVjwbLxgRxML2k4XSFq0 | https://www.google.com/maps/search/restaurant/@-1.296413588499247,36.74790305007943,16z?hl=en | https://lh3.googleusercontent.com/gps-cs-s/AHRPTWm74oFk2Qv_WmTAKbdrodBZE3_sKgOBii1SiVVxdcIWSlk84ETLR7WOBlNKJjri8J9Yvh7k2rBSK367wqWLuNDs1H4VJBjPIIG6UThrZ0vHzz665b4sFGb6UkSKApPoiyzCN1yR4GbVHhNV=w408-h306-k-no",https://www.google.com/maps/search/?api=1&query=CLEAN%20SHADE%20RESTAURANT%20AND%20BUTCHERY&query_place_id=ChIJBXZWVjwbLxgRxML2k4XSFq0,ChIJBXZWVjwbLxgRxML2k4XSFq0,False
Closed Restaurant,Restaurant,"Ring Rd, Nairobi, Kenya",+254 723 866606,,,,,"https://www.google.com/maps/search/?api=1&query=Closed%20Restaurant&query_place_id=ChIJTxvffyAbLxgRxCbiEqDBrsA | https://www.google.com/maps/search/restaurant/@-1.296413588499247,36.79946094992056,16z?hl=en",https://www.google.com/maps/search/?api=1&query=Closed%20Restaurant&query_place_id=ChIJTxvffyAbLxgRxCbiEqDBrsA,ChIJTxvffyAbLxgRxCbiEqDBrsA,True
Cloud20 Restaurant & Cafe,Restaurant,"PQ6R+7V4, Kasuku Ln &, Lenana Rd, Nairobi, Kenya",+254 717 273590,,,,,"https://www.google.com/maps/search/?api=1&query=Cloud20%20Restaurant%20%26%20Cafe&query_place_id=ChIJU0va8rkRLxgRhxr19Sy-3Lg | https://www.google.com/maps/search/restaurant/@-1.296413588499247,36.78227498330685,16z?hl=en | https://lh3.googleusercontent.com/gps-cs-s/AHRPTWn2o5lticQo0frAeV1U1IeYni7MWUmZvpCjj3tTvUpxfDkzAXYgnYGfHTfyJ1dVnulw5hqc3iB4vP4OkOoq6_KvaqMuZHLa_gy6dRSj15kSjiHSEstJ9pGESqHx135gcgvVVfDUmA=w426-h240-k-no",https://www.google.com/maps/search/?api=1&query=Cloud20%20Restaurant%20%26%20Cafe&query_place_id=ChIJU0va8rkRLxgRhxr19Sy-3Lg,ChIJU0va8rkRLxgRhxr19Sy-3Lg,False
Club Fluxx and Restaurant,Restaurant,"Nairobi, Kenya",+254 711 567631,,,,,"https://www.google.com/maps/search/?api=1&query=Club%20Fluxx%20and%20Restaurant&query_place_id=ChIJb3nLSrkbLxgRCXQUaltVDCU | https://www.google.com/maps/search/restaurant/@-1.3135946628330823,36.76508901669314,16z?hl=en | https://lh3.googleusercontent.com/gps-cs-s/AHRPTWmOdQipc2pWVFKZouHZKaBRafzBZsqcw359n6CfADi7v3hYy75Xwp6ug-3C2t0YZ-cssCL3jGVTwgaqpi2RFPQW8o-MNo0GtR2jd2uBzrWmoOpXVzH89U3x6NTVbVRHKj0c70k=w408-h306-k-no",https://www.google.com/maps/search/?api=1&query=Club%20Fluxx%20and%20Restaurant&query_place_id=ChIJb3nLSrkbLxgRCXQUaltVDCU,ChIJb3nLSrkbLxgRCXQUaltVDCU,False
Club Texas,Restaurant,"MQX4+WRR, Nairobi, Kenya",,,,,,"https://www.google.com/maps/search/?api=1&query=Club%20Texas&query_place_id=ChIJ9SpQfUEaLxgRr_74FfSTF8Q | https://www.google.com/maps/search/restaurant/@-1.30206825,36.7531745,17.002330554175863z?hl=en | https://streetviewpixels-pa.googleapis.com/v1/thumbnail?panoid=3G4TKyFcCjbJlt74H6fJ0w&cb_client=search.gws-prod.gps&w=408&h=240&yaw=346.14493&pitch=0&thumbfov=100",https://www.google.com/maps/search/?api=1&query=Club%20Texas&query_place_id=ChIJ9SpQfUEaLxgRr_74FfSTF8Q,ChIJ9SpQfUEaLxgRr_74FfSTF8Q,False
Coco Jambo Nyama Choma,Restaurant,"PQ7C+28P, Nairobi, Kenya",,,,,,"https://www.google.com/maps/search/?api=1&query=Coco%20Jambo%20Nyama%20Choma&query_place_id=ChIJl5-AthoaLxgR54IO1zXO2Zg | https://www.google.com/maps/search/restaurant/@-1.2895935545454547,36.773318836363636,17.002337659462743z?hl=en",https://www.google.com/maps/search/?api=1&query=Coco%20Jambo%20Nyama%20Choma&query_place_id=ChIJl5-AthoaLxgR54IO1zXO2Zg,ChIJl5-AthoaLxgR54IO1zXO2Zg,False
Coco Jambo Valley Arcade,Restaurant,"PQ5C+243, Korosho Rd, Nairobi, Kenya",+254 798 935550,,,,,"https://www.google.com/maps/search/?api=1&query=Coco%20Jambo%20Valley%20Arcade&query_place_id=ChIJyR_FGhIaLxgR-b-0VDTAEYw | https://www.google.com/maps/search/restaurant/@-1.2895935545454547,36.773318836363636,17.002337659462743z?hl=en | https://lh3.googleusercontent.com/gps-cs-s/AHRPTWlMKB4nFP2BuiVE1Ehq3cSoLRhUpMurFPzBPELcaDnvGHBfhzD6WhSTgRfDt_KnODd6JdwB05-go14n9E9svG7dGX3Zgelij2rP9snIYcwJy1xu1HDDvgXIiFv1FLJ3aiaFg3lI=w426-h240-k-no",https://www.google.com/maps/search/?api=1&query=Coco%20Jambo%20Valley%20Arcade&query_place_id=ChIJyR_FGhIaLxgR-b-0VDTAEYw,ChIJyR_FGhIaLxgR-b-0VDTAEYw,False
Come And Eat Restaurant,Restaurant,"PQ4V+J9R, Argwings Kodhek Rd, Nairobi, Kenya",,,,,,"https://www.google.com/maps/search/?api=1&query=Come%20And%20Eat%20Restaurant&query_place_id=ChIJ6WN02rwQLxgRPA_TA4cqWk0 | https://www.google.com/maps/search/restaurant/@-1.296413588499247,36.78227498330685,16z?hl=en | https://lh3.googleusercontent.com/gps-cs-s/AHRPTWlQfq6sPg6QBwn5tNWsm--5nK0nXtC7xwCs-u-rEX2NVSniGr7ylQAu4NBrGDzG36qnw0z64IYVaDHqIhi4x6zFyMNLKlzd9vpdJMvc819Bn-dILDIljabLvHPNDiWiI3vsSGSu=w408-h544-k-no",https://www.google.com/maps/search/?api=1&query=Come%20And%20Eat%20Restaurant&query_place_id=ChIJ6WN02rwQLxgRPA_TA4cqWk0,ChIJ6WN02rwQLxgRPA_TA4cqWk0,False
Congo West Bar & Restaurant,Restaurant,"Macharia Rd, Nairobi, Kenya",+254 720 962199,,,,,"https://www.google.com/maps/search/?api=1&query=Congo%20West%20Bar%20%26%20Restaurant&query_place_id=ChIJIyLrMzsaLxgRXLL27UZQ-zE | https://www.google.com/maps/search/restaurant/@-1.296413588499247,36.76508901669314,16z?hl=en | https://lh3.googleusercontent.com/gps-cs-s/AHRPTWnYLfj8QlKIBVsnjCAceNgYwFcol7le8cdCIeCRjvNKtcqDaM4x_C3lYv5Ya3ADa_M2yknZwLaMEjdanJHCOjxL3SwiqblhLn7lWJCuqsKgcAx-5eVmeksgOINWqq6rx26Xd3o=w408-h883-k-no",https://www.google.com/maps/search/?api=1&query=Congo%20West%20Bar%20%26%20Restaurant&query_place_id=ChIJIyLrMzsaLxgRXLL27UZQ-zE,ChIJIyLrMzsaLxgRXLL27UZQ-zE,False
Conogo Fastfoods,Restaurant,"MQGP+PMP, Kitengela Rd, Nairobi, Kenya",,,,,,"https://www.google.com/maps/search/?api=1&query=Conogo%20Fastfoods&query_place_id=ChIJbw6qBHQQLxgRSJDH5ybwHsk | https://www.google.com/maps/search/restaurant/@-1.3307757371669178,36.78227498330685,16z?hl=en | https://streetviewpixels-pa.googleapis.com/v1/thumbnail?panoid=dQnkj5cw4XirDb089S7H6Q&cb_client=search.gws-prod.gps&w=408&h=240&yaw=320.18573&pitch=0&thumbfov=100",https://www.google.com/maps/search/?api=1&query=Conogo%20Fastfoods&query_place_id=ChIJbw6qBHQQLxgRSJDH5ybwHsk,ChIJbw6qBHQQLxgRSJDH5ybwHsk,False
Container City Musina bar,Restaurant,"MQWJ+WF5, Nairobi, Kenya",+254 724 957883,,,,,"https://www.google.com/maps/search/?api=1&query=Container%20City%20Musina%20bar&query_place_id=ChIJF8-F5ncaLxgRyk0_29GamYA | https://www.google.com/maps/search/restaurant/@-1.2999357,36.7739766,17.00233177367389z?hl=en | https://streetviewpixels-pa.googleapis.com/v1/thumbnail?panoid=OfZ_-aQ0JWVjisUEqXOmew&cb_client=search.gws-prod.gps&w=408&h=240&yaw=56.409397&pitch=0&thumbfov=100",https://www.google.com/maps/search/?api=1&query=Container%20City%20Musina%20bar&query_place_id=ChIJF8-F5ncaLxgRyk0_29GamYA,ChIJF8-F5ncaLxgRyk0_29GamYA,False
COVO BAR & RESTAURANT,Restaurant,"PQ4W+2RQ, Argwings Kodhek Cl, Nairobi, Kenya",,,,,,"https://www.google.com/maps/search/?api=1&query=COVO%20BAR%20%26%20RESTAURANT&query_place_id=ChIJmYfScgARLxgR0Kd5Ak43qqk | https://www.google.com/maps/search/restaurant/@-1.296413588499247,36.79946094992056,16z?hl=en | http://t0.gstatic.com/images?q=tbn:ANd9GcT-clXYYWs_wMBmEUQ7CSU2mQ2qRcmutFsIjA8CZnRKzzWG0zRJ",https://www.google.com/maps/search/?api=1&query=COVO%20BAR%20%26%20RESTAURANT&query_place_id=ChIJmYfScgARLxgR0Kd5Ak43qqk,ChIJmYfScgARLxgR0Kd5Ak43qqk,False
Cox Fast Foods Nairobi Kenya,Restaurant,"MQVH+H3Q, Nairobi, Kenya",+254 792 306284,,,,,"https://www.google.com/maps/search/?api=1&query=Cox%20Fast%20Foods%20Nairobi%20Kenya&query_place_id=ChIJS-_ZoyYbLxgRVfylmL3feIg | https://www.google.com/maps/search/restaurant/@-1.3135946628330823,36.76508901669314,16z?hl=en | https://streetviewpixels-pa.googleapis.com/v1/thumbnail?panoid=L8iMwiv9B0Ecl2MDU0WoNw&cb_client=search.gws-prod.gps&w=408&h=240&yaw=270.65457&pitch=0&thumbfov=100",https://www.google.com/maps/search/?api=1&query=Cox%20Fast%20Foods%20Nairobi%20Kenya&query_place_id=ChIJS-_ZoyYbLxgRVfylmL3feIg,ChIJS-_ZoyYbLxgRVfylmL3feIg,False
Crystals Bar And Restaurant,Restaurant,"Ground Floor Langata Rd, Nairobi, Kenya",+254 702 890059,,,,,"https://www.google.com/maps/search/?api=1&query=Crystals%20Bar%20And%20Restaurant&query_place_id=ChIJ5fOtomkQLxgRGyx8_v7ZjlM | https://www.google.com/maps/search/restaurant/@-1.3307757371669178,36.78227498330685,16z?hl=en | https://lh3.googleusercontent.com/gps-cs-s/AHRPTWl83xvpHqNQf3lxz28NVecyArTq2vFbSVCbEGm6fz5aB3oLQRhutia0XQ2KGsSiEDszR0ItYloLm2wc3HWxyVHkMERBmvAZSq4JS8cLtjqPolMXgfXwmBvE53SVcLIzWays5H2_=w408-h544-k-no",https://www.google.com/maps/search/?api=1&query=Crystals%20Bar%20And%20Restaurant&query_place_id=ChIJ5fOtomkQLxgRGyx8_v7ZjlM,ChIJ5fOtomkQLxgRGyx8_v7ZjlM,False
D's Takeaway,Restaurant,"PQ59+J47, Nairobi, Kenya",+254 792 171322,,,,,"https://www.google.com/maps/search/?api=1&query=D | https://www.google.com/maps/search/restaurant/@-1.2895935545454547,36.773318836363636,17.002337659462743z?hl=en | https://lh3.googleusercontent.com/gps-cs-s/AHRPTWnNXj8B0_uaJq5vVqqMnZJG7q89ayW2r_QggB5EtUTwiIiQWpbEZIaduN6Wgbtv4hco5aVSoWH9LU9f6IsE645HlQwuF2o5G5SWtNwsK5jfl9riRSBgapmoP-BrAvqaaob4O00=w408-h507-k-no",https://www.google.com/maps/search/?api=1&query=D's%20Takeaway&query_place_id=ChIJz4DkEREaLxgRN1zSkBKGBj8,ChIJz4DkEREaLxgRN1zSkBKGBj8,False
Daddy Star Chips,Restaurant,"Nairobi, Kenya",,,,,,"https://www.google.com/maps/search/?api=1&query=Daddy%20Star%20Chips&query_place_id=ChIJ2Ra18XwaLxgRws3mNf7gk50 | https://www.google.com/maps/search/restaurant/@-1.3135946628330823,36.76508901669314,16z?hl=en | https://streetviewpixels-pa.googleapis.com/v1/thumbnail?panoid=tjq0Gh-gQIXV8MmoFq2xhg&cb_client=search.gws-prod.gps&w=408&h=240&yaw=109.73063&pitch=0&thumbfov=100",https://www.google.com/maps/search/?api=1&query=Daddy%20Star%20Chips&query_place_id=ChIJ2Ra18XwaLxgRws3mNf7gk50,ChIJ2Ra18XwaLxgRws3mNf7gk50,False
Damera Restaurant And Club,Restaurant,"Green House Building, Adams Corner, Near Tuskys Supermarket, Ngong Rd, Nairobi, Kenya",+254 713 872563,,,,,"https://www.google.com/maps/search/?api=1&query=Damera%20Restaurant%20And%20Club&query_place_id=ChIJKwJ39Z0QLxgRt0YT4ScW-wc | https://www.google.com/maps/search/restaurant/@-1.296413588499247,36.78227498330685,16z?hl=en | https://lh3.googleusercontent.com/gps-proxy/ALd4DhHQiRvl-vc7xMN1CHD9js9nUwxEhkvlBFDtO0RPrUMN5z5Yf-fbG02oQ10cOWpKSFedasd-ryOWbyveN6A3WnCB5AR9NQ1CabQ0kXsXfpVJPkfRgunaUIVu8u3sb3x-nxW0ovDeWYrBaFxK3v3ZNv6w1wLP46DOG6qNEk09WK0zIoiWoUUKfVvOlhm5wsvDqpX5X38=w408-h306-k-no",https://www.google.com/maps/search/?api=1&query=Damera%20Restaurant%20And%20Club&query_place_id=ChIJKwJ39Z0QLxgRt0YT4ScW-wc,ChIJKwJ39Z0QLxgRt0YT4ScW-wc,False
Darbar E Tandoor,Restaurant,"Junction Mall, Ngong Rd, Nairobi, Kenya",+254 720 258859,,,,,"https://www.google.com/maps/search/?api=1&query=Darbar%20E%20Tandoor&query_place_id=ChIJp-kGKtYbLxgRy2H02k2CjCc | https://www.google.com/maps/search/restaurant/@-1.2983534384615385,36.76283634615385,17.002332677197412z?hl=en",https://www.google.com/maps/search/?api=1&query=Darbar%20E%20Tandoor&query_place_id=ChIJp-kGKtYbLxgRy2H02k2CjCc,ChIJp-kGKtYbLxgRy2H02k2CjCc,False
Dash Restaurant,Restaurant,"MRR6+7JX, Nairobi, Kenya",,,,,,"https://www.google.com/maps/search/?api=1&query=Dash%20Restaurant&query_place_id=ChIJLUjIrPcQLxgRrnwe6LB7eVE | https://www.google.com/maps/search/restaurant/@-1.3135946628330823,36.81664691653427,16z?hl=en | https://streetviewpixels-pa.googleapis.com/v1/thumbnail?panoid=7iT6SAAGLMPIczFQfP8k0Q&cb_client=search.gws-prod.gps&w=408&h=240&yaw=156.51608&pitch=0&thumbfov=100",https://www.google.com/maps/search/?api=1&query=Dash%20Restaurant&query_place_id=ChIJLUjIrPcQLxgRrnwe6LB7eVE,ChIJLUjIrPcQLxgRrnwe6LB7eVE,False
Dau Swahili Restaurant,Restaurant,"Kingara Rd, Nairobi, Kenya",+254 702 279325,,,,,"https://www.google.com/maps/search/?api=1&query=Dau%20Swahili%20Restaurant&query_place_id=ChIJcUunScUbLxgRPSsOPf1Wcz0 | https://www.google.com/maps/search/restaurant/@-1.296413588499247,36.76508901669314,16z?hl=en | https://lh3.googleusercontent.com/gps-cs-s/AHRPTWkuV6BLWIRJwkKhxHpFHdWu9637vMEp8pKh6jpF-gkFp9yIJp9-8n6qG66pBP-mXtaLoHmFQGf83A7qxTLkRZilgY7DXYBy4IRny1VwNNXOKug__XPYLtSPLSsfvFLtv6l3dLLCAOomFHOh=w426-h240-k-no",https://www.google.com/maps/search/?api=1&query=Dau%20Swahili%20Restaurant&query_place_id=ChIJcUunScUbLxgRPSsOPf1Wcz0,ChIJcUunScUbLxgRPSsOPf1Wcz0,False
Deans Restaurant,Restaurant,"off Kungu Karumba Rd, Nairobi, Kenya",,,,,,"https://www.google.com/maps/search/?api=1&query=Deans%20Restaurant&query_place_id=ChIJnVxDlHUQLxgR1fk8WtXl974 | https://www.google.com/maps/search/restaurant/@-1.3307757371669178,36.78227498330685,16z?hl=en | https://streetviewpixels-pa.googleapis.com/v1/thumbnail?panoid=b7eTNaVStib3nUykFM_3SQ&cb_client=search.gws-prod.gps&w=408&h=240&yaw=313.95303&pitch=0&thumbfov=100",https://www.google.com/maps/search/?api=1&query=Deans%20Restaurant&query_place_id=ChIJnVxDlHUQLxgR1fk8WtXl974,ChIJnVxDlHUQLxgR1fk8WtXl974,False
Deero Restaurant & Cafe,Restaurant,"Studio House, Marcus Garvey Rd, Nairobi, Kenya",+254 797 687473,,,,,"https://www.google.com/maps/search/?api=1&query=Deero%20Restaurant%20%26%20Cafe&query_place_id=ChIJtfIpklcRLxgRJez01D7PyN0 | https://www.google.com/maps/search/restaurant/@-1.296413588499247,36.78227498330685,16z?hl=en | https://lh3.googleusercontent.com/gps-cs-s/AHRPTWlXCbE0O1WbcQTQZPKwbl67MyncSngyGR4GNukTe1UE1_skRyo8ekvS3lJN5FXbaZW3JsadhGc6BjSJTWfEEDOfe8L7dO_L2Wq9yU8MSaM-z8-aPmOLxVIDj9Pw-ucAg4I_4-zZ=w408-h544-k-no",https://www.google.com/maps/search/?api=1&query=Deero%20Restaurant%20%26%20Cafe&query_place_id=ChIJtfIpklcRLxgRJez01D7PyN0,ChIJtfIpklcRLxgRJez01D7PyN0,False
Delta Foods,Restaurant,"MQGQ+MPH, Nairobi, Kenya",,,,,,"https://www.google.com/maps/search/?api=1&query=Delta%20Foods&query_place_id=ChIJWUygJx4RLxgRZkbS0i-SCDE | https://www.google.com/maps/search/restaurant/@-1.3307757371669178,36.78227498330685,16z?hl=en | https://streetviewpixels-pa.googleapis.com/v1/thumbnail?panoid=gbbR2ZN8WdybNPZVIBDh7w&cb_client=search.gws-prod.gps&w=408&h=240&yaw=211.97647&pitch=0&thumbfov=100",https://www.google.com/maps/search/?api=1&query=Delta%20Foods&query_place_id=ChIJWUygJx4RLxgRZkbS0i-SCDE,ChIJWUygJx4RLxgRZkbS0i-SCDE,False
Dennis Pritt Lounge,Restaurant,"Denis Pritt Rd, Nairobi, Kenya",+254 720 178886,,,,,"https://www.google.com/maps/search/?api=1&query=Dennis%20Pritt%20Lounge&query_place_id=ChIJKfTtUagQLxgRCbD7LQruBjA | https://www.google.com/maps/search/restaurant/@-1.2792325141654115,36.78227498330685,16z?hl=en | https://lh3.googleusercontent.com/gps-cs-s/AHRPTWn-i7iG21_Pkak5qBKiETWx_9Fk2B4mGFEDdxgmsQDlza7fYEFE5PEVyfUSwTT8Im6oekv1E6NYCYjdpeapxy_IxStvFLd0iDJy58kdPtgvEbOQevBkcEy8fW_W4aIvFN4NdYYyfw=w426-h240-k-no",https://www.google.com/maps/search/?api=1&query=Dennis%20Pritt%20Lounge&query_place_id=ChIJKfTtUagQLxgRCbD7LQruBjA,ChIJKfTtUagQLxgRCbD7LQruBjA,False
Dimples Lounge,Restaurant,"PQ4F+VRQ, Ole Odume Road, Nairobi, Kenya",+254 722 457995,,,,,"https://www.google.com/maps/search/?api=1&query=Dimples%20Lounge&query_place_id=ChIJCV_WC4sbLxgRPN5kRCl6LQM | https://www.google.com/maps/search/restaurant/@-1.2955217,36.7736869,17.002334291465527z?hl=en | https://streetviewpixels-pa.googleapis.com/v1/thumbnail?panoid=5ET263b7dI6jL8eVQaOVeQ&cb_client=search.gws-prod.gps&w=408&h=240&yaw=179.31444&pitch=0&thumbfov=100",https://www.google.com/maps/search/?api=1&query=Dimples%20Lounge&query_place_id=ChIJCV_WC4sbLxgRPN5kRCl6LQM,ChIJCV_WC4sbLxgRPN5kRCl6LQM,False
Diner's Grill,Restaurant,"PQ6Q+5R4, Lenana Rd, Nairobi, Kenya",+254 707 711999,,,,,"https://www.google.com/maps/search/?api=1&query=Diner | https://www.google.com/maps/search/restaurant/@-1.296413588499247,36.79946094992056,16z?hl=en | https://lh3.googleusercontent.com/gps-cs-s/AHRPTWkeA6F8dVccJ-5Gc51RnJl8I8pv4ht_qS-UviKWJb0H9KSDl5HrIkFqVpKfKnt-tPC8-W_Zd_coEwXoocKJtQwDFImxUX9O-xm_-Ywd8ktCzcqjNJ59xyFBsAxf05Vqm_AGNKuS=w408-h544-k-no",https://www.google.com/maps/search/?api=1&query=Diner's%20Grill&query_place_id=ChIJUaEPpKUQLxgRxr11hQNKbuE,ChIJUaEPpKUQLxgRxr11hQNKbuE,False
Dinning hall ground floor,Restaurant,"Nairobi, Kenya",,,,,,"https://www.google.com/maps/search/?api=1&query=Dinning%20hall%20ground%20floor&query_place_id=ChIJPw57BzwFLxgRhYAq0Key1yI | https://www.google.com/maps/search/restaurant/@-1.3479568115007532,36.74790305007943,16z?hl=en",https://www.google.com/maps/search/?api=1&query=Dinning%20hall%20ground%20floor&query_place_id=ChIJPw57BzwFLxgRhYAq0Key1yI,ChIJPw57BzwFLxgRhYAq0Key1yI,False
Divino Restaurant & Wine Bar,Restaurant,"122 Argwings Kodhek Rd, Nairobi, Kenya",+254 724 970297,,,,,"https://www.google.com/maps/search/?api=1&query=Divino%20Restaurant%20%26%20Wine%20Bar&query_place_id=ChIJ0Vp3M9EbLxgRBf1jifDmabs | https://www.google.com/maps/search/restaurant/@-1.296413588499247,36.78227498330685,16z?hl=en | https://streetviewpixels-pa.googleapis.com/v1/thumbnail?panoid=iDGIwNlu0CI8hqs5791kzw&cb_client=search.gws-prod.gps&w=408&h=240&yaw=0.19636945&pitch=0&thumbfov=100",https://www.google.com/maps/search/?api=1&query=Divino%20Restaurant%20%26%20Wine%20Bar&query_place_id=ChIJ0Vp3M9EbLxgRBf1jifDmabs,ChIJ0Vp3M9EbLxgRBf1jifDmabs,False
Dots Restaurant,Restaurant,"Nairobi, Kenya",+254 706 385053,,,,,"https://www.google.com/maps/search/?api=1&query=Dots%20Restaurant&query_place_id=ChIJO56S0DIbLxgR6w1t3Otxyxo | https://www.google.com/maps/search/restaurant/@-1.3135946628330823,36.76508901669314,16z?hl=en | https://streetviewpixels-pa.googleapis.com/v1/thumbnail?panoid=QskgNwDN4dgeoqEbRfvD2w&cb_client=search.gws-prod.gps&w=408&h=240&yaw=65.510506&pitch=0&thumbfov=100",https://www.google.com/maps/search/?api=1&query=Dots%20Restaurant&query_place_id=ChIJO56S0DIbLxgR6w1t3Otxyxo,ChIJO56S0DIbLxgR6w1t3Otxyxo,False
Double Dragon,Restaurant,"The Junction Shopping Mall, Mutu-ini Ngong Rd, Dagoretti South, Kenya",+254 722 739143,,,,,"https://www.google.com/maps/search/?api=1&query=Double%20Dragon&query_place_id=ChIJV4zZWNUbLxgR2EYtQBdR1t4 | https://www.google.com/maps/search/restaurant/@-1.296413588499247,36.76508901669314,16z?hl=en | https://lh3.googleusercontent.com/gps-cs-s/AHRPTWlATbMScSUXyycBx5uSZ97AqqUZ3iLUAOBSQH60m0y1sroJdBE5Yw81JjkgpcBHV89Ts6B9JM90qunN18NcLtz8LDdnpSKezjU2DLgcDVjC5-amORPzQshUap_RbfU-aFpIm1U-=w408-h306-k-no",https://www.google.com/maps/search/?api=1&query=Double%20Dragon&query_place_id=ChIJV4zZWNUbLxgR2EYtQBdR1t4,ChIJV4zZWNUbLxgR2EYtQBdR1t4,False
EBBIE'S Carribean Style,Restaurant,"PQ59+P25, Mbaazi Rd, Nairobi, Kenya",+254 732 847770,,,,,"https://www.google.com/maps/search/?api=1&query=EBBIE | https://www.google.com/maps/search/restaurant/@-1.2895935545454547,36.773318836363636,17.002337659462743z?hl=en | https://lh3.googleusercontent.com/gps-cs-s/AHRPTWkL5JKfBz9faFOQ1r9Rivv12krJQJMWzpy8LBm_a9CTz7eJyLjyQl28ymxXbMy0LXQI4rTttvlReP1gFqJasJJFxpqF-dJnt8Y7NfcwR2pBb41IPRtASj4hQR8ejja4G354yklO=w408-h544-k-no",https://www.google.com/maps/search/?api=1&query=EBBIE'S%20Carribean%20Style&query_place_id=ChIJacB7q5cbLxgR3owlmfIQiMM,ChIJacB7q5cbLxgR3owlmfIQiMM,False
Ebenezer clean water suppliers,Restaurant,"PQ64+6PR, Sohali City, Kenya",+254 713 289873,,,,,"https://www.google.com/maps/search/?api=1&query=Ebenezer%20clean%20water%20suppliers&query_place_id=ChIJ1znBeyAbLxgRqgOmx7SeKqE | https://www.google.com/maps/search/restaurant/@-1.2906210500000002,36.76305955,17.00233707681184z?hl=en | https://streetviewpixels-pa.googleapis.com/v1/thumbnail?panoid=0zp-7gwqaTQO2RBJd_6XLw&cb_client=search.gws-prod.gps&w=408&h=240&yaw=0.20981038&pitch=0&thumbfov=100",https://www.google.com/maps/search/?api=1&query=Ebenezer%20clean%20water%20suppliers&query_place_id=ChIJ1znBeyAbLxgRqgOmx7SeKqE,ChIJ1znBeyAbLxgRqgOmx7SeKqE,False
Eden Homes Limited,Restaurant,"MQX8+X83, Woodly, Kenya",,,,,,"https://www.google.com/maps/search/?api=1&query=Eden%20Homes%20Limited&query_place_id=ChIJ1d6uqZ0bLxgRAJWkD2u-6-c | https://www.google.com/maps/search/restaurant/@-1.2983534384615385,36.76283634615385,17.002332677197412z?hl=en | https://streetviewpixels-pa.googleapis.com/v1/thumbnail?panoid=n7XmFSs-DVdl1tJQNhJogg&cb_client=search.gws-prod.gps&w=408&h=240&yaw=203.8756&pitch=0&thumbfov=100",https://www.google.com/maps/search/?api=1&query=Eden%20Homes%20Limited&query_place_id=ChIJ1d6uqZ0bLxgRAJWkD2u-6-c,ChIJ1d6uqZ0bLxgRAJWkD2u-6-c,False
"Edens Pot Restaurant-Upper-Hill, Nairobi",Restaurant,"Prof. Nelson Awori Center, Ralph Bunche Rd, Nairobi, Kenya",+254 725 722225,,,,,"https://www.google.com/maps/search/?api=1&query=Edens%20Pot%20Restaurant-Upper-Hill%2C%20Nairobi&query_place_id=ChIJJS4cTMIRLxgRDCqEVvDuim8 | https://www.google.com/maps/search/restaurant/@-1.296413588499247,36.79946094992056,16z?hl=en | https://streetviewpixels-pa.googleapis.com/v1/thumbnail?panoid=fYgo38uFbPhYsAw87PuLMw&cb_client=search.gws-prod.gps&w=408&h=240&yaw=66.668144&pitch=0&thumbfov=100",https://www.google.com/maps/search/?api=1&query=Edens%20Pot%20Restaurant-Upper-Hill%2C%20Nairobi&query_place_id=ChIJJS4cTMIRLxgRDCqEVvDuim8,ChIJJS4cTMIRLxgRDCqEVvDuim8,False
Elegant Executive Restaurant,Restaurant,"PQ2J+88, Ngong Rd, Nairobi, Kenya",+254 720 245561,,,,,"https://www.google.com/maps/search/?api=1&query=Elegant%20Executive%20Restaurant&query_place_id=ChIJw2jg7DsbLxgRVPSXRTP35Ys | https://www.google.com/maps/search/restaurant/@-1.296413588499247,36.78227498330685,16z?hl=en | https://lh3.googleusercontent.com/gps-cs-s/AHRPTWnqHh68GoZd-JE9s3dN-89Rm5RaV3N5R6n21NqX_rO5AZLgVJcvBZOHjJgKeIA9NUWIuoHbYKy3N7lDvgdU7bORb24nL3H4R0Nmyza6GCpBMIViAIiQCoXWrj2A73Lh4BSSEt5Y=w408-h302-k-no",https://www.google.com/maps/search/?api=1&query=Elegant%20Executive%20Restaurant&query_place_id=ChIJw2jg7DsbLxgRVPSXRTP35Ys,ChIJw2jg7DsbLxgRVPSXRTP35Ys,False
Eltaju Bistro,Restaurant,"PQ6F+2FF Westfield Mall, Gitanga Rd, Nairobi, Kenya",+254 700 611134,,,,,"https://www.google.com/maps/search/?api=1&query=Eltaju%20Bistro&query_place_id=ChIJ0cyuRYYbLxgR8Bb8mkvRws0 | https://www.google.com/maps/search/restaurant/@-1.293340725,36.778052200000005,17.00233553235424z?hl=en | https://lh3.googleusercontent.com/gps-cs-s/AHRPTWleDw3RSugvzPQX6qEqal0bYoczu6fi59NbJK5SwHpaOpTfIg_l5oscTAyjfwyxUJuIM1T1WMGTh-YKBoKSfi87UFhpaArd_cxSFpcsG0Cc_xCtsyBm28WJlk6XO_xJqlAG5hhg=w408-h306-k-no",https://www.google.com/maps/search/?api=1&query=Eltaju%20Bistro&query_place_id=ChIJ0cyuRYYbLxgR8Bb8mkvRws0,ChIJ0cyuRYYbLxgR8Bb8mkvRws0,False
Emmys Restaurant And Pub,Restaurant,"Kilimani Ngong Rd Adams Arcade, Nairobi, Kenya",+254 714 610378,,,,,"https://www.google.com/maps/search/?api=1&query=Emmys%20Restaurant%20And%20Pub&query_place_id=ChIJ71XDMe8bLxgRhiHVEpURzKg | https://www.google.com/maps/search/restaurant/@-1.296413588499247,36.78227498330685,16z?hl=en | https://streetviewpixels-pa.googleapis.com/v1/thumbnail?panoid=62xXKypVY3qArEge8qR3zw&cb_client=search.gws-prod.gps&w=408&h=240&yaw=87.967514&pitch=0&thumbfov=100",https://www.google.com/maps/search/?api=1&query=Emmys%20Restaurant%20And%20Pub&query_place_id=ChIJ71XDMe8bLxgRhiHVEpURzKg,ChIJ71XDMe8bLxgRhiHVEpURzKg,False
Enat Ethiopian Restaurant,Restaurant,"PQ3Q+9PH, George Padmore Road, Nairobi, Kenya",+254 717 160891,,,,,"https://www.google.com/maps/search/?api=1&query=Enat%20Ethiopian%20Restaurant&query_place_id=ChIJQ2ossOQRLxgRKuFz1_J06oE | https://www.google.com/maps/search/restaurant/@-1.296413588499247,36.78227498330685,16z?hl=en | https://streetviewpixels-pa.googleapis.com/v1/thumbnail?panoid=2KfNJmFe8tm29G-VcUzIGg&cb_client=search.gws-prod.gps&w=408&h=240&yaw=186.69601&pitch=0&thumbfov=100",https://www.google.com/maps/search/?api=1&query=Enat%20Ethiopian%20Restaurant&query_place_id=ChIJQ2ossOQRLxgRKuFz1_J06oE,ChIJQ2ossOQRLxgRKuFz1_J06oE,False
Eunique Bites,Restaurant,"MQFQ+7Q6, Kitengela Rd, Nairobi, Kenya",,,,,,"https://www.google.com/maps/search/?api=1&query=Eunique%20Bites&query_place_id=ChIJefGy0gwQLxgRyZQrCZw58ls | https://www.google.com/maps/search/restaurant/@-1.3307757371669178,36.78227498330685,16z?hl=en | https://streetviewpixels-pa.googleapis.com/v1/thumbnail?panoid=SrrNWsRu0rHsS82c1KNwNA&cb_client=search.gws-prod.gps&w=408&h=240&yaw=310.12167&pitch=0&thumbfov=100",https://www.google.com/maps/search/?api=1&query=Eunique%20Bites&query_place_id=ChIJefGy0gwQLxgRyZQrCZw58ls,ChIJefGy0gwQLxgRyZQrCZw58ls,False
Evan's Lounge,Restaurant,"Hendred Avenue, Behind rubis Valley Arcade, Nairobi, Kenya",+254 703 273199,,,,,"https://www.google.com/maps/search/?api=1&query=Evan | https://www.google.com/maps/search/restaurant/@-1.293340725,36.778052200000005,17.00233553235424z?hl=en | https://lh3.googleusercontent.com/gps-cs-s/AHRPTWlRVNvOBHhbAjiOSkqWUV4Dg_nKnQ1eRM5_5Zox2LKffUnkk6AhF9yK9odQAQRp7pwpTY48q8HYpx0NOmuBg4jtRZjGrdySNhO11OGgwKTl_nvcVzz41EHRuqDc_9nnVU1PjLYt6A=w408-h457-k-no",https://www.google.com/maps/search/?api=1&query=Evan's%20Lounge&query_place_id=ChIJ_clcV-kbLxgR-8l4JeD73eU,ChIJ_clcV-kbLxgR-8l4JeD73eU,False
Eze restaurant,Restaurant,"PQ3M+FP7, Nairobi, Kenya",,,,,,"https://www.google.com/maps/search/?api=1&query=Eze%20restaurant&query_place_id=ChIJH3RYewARLxgRyPz6Wv-aqbs | https://www.google.com/maps/search/restaurant/@-1.296413588499247,36.78227498330685,16z?hl=en | https://streetviewpixels-pa.googleapis.com/v1/thumbnail?panoid=NGMn4bC6WwanWT8F-rChsw&cb_client=search.gws-prod.gps&w=408&h=240&yaw=21.363243&pitch=0&thumbfov=100",https://www.google.com/maps/search/?api=1&query=Eze%20restaurant&query_place_id=ChIJH3RYewARLxgRyPz6Wv-aqbs,ChIJH3RYewARLxgRyPz6Wv-aqbs,False
FARAJA JUNIOR SNACKS PLACH,Restaurant,"Nairobi, Kenya",,,,,,"https://www.google.com/maps/search/?api=1&query=FARAJA%20JUNIOR%20SNACKS%20PLACH&query_place_id=ChIJM9SiUoEaLxgRZlwnHA38R3g | https://www.google.com/maps/search/restaurant/@-1.3135946628330823,36.76508901669314,16z?hl=en | https://streetviewpixels-pa.googleapis.com/v1/thumbnail?panoid=MgpIauX9YbH14xU-T5TtaA&cb_client=search.gws-prod.gps&w=408&h=240&yaw=339.40076&pitch=0&thumbfov=100",https://www.google.com/maps/search/?api=1&query=FARAJA%20JUNIOR%20SNACKS%20PLACH&query_place_id=ChIJM9SiUoEaLxgRZlwnHA38R3g,ChIJM9SiUoEaLxgRZlwnHA38R3g,False
Farmline Restaurant,Restaurant,"MRH2+9W8, Nairobi, Kenya",,,,,,"https://www.google.com/maps/search/?api=1&query=Farmline%20Restaurant&query_place_id=ChIJPdUdwWkQLxgRa69FhC06tzI | https://www.google.com/maps/search/restaurant/@-1.3135946628330823,36.81664691653427,16z?hl=en",https://www.google.com/maps/search/?api=1&query=Farmline%20Restaurant&query_place_id=ChIJPdUdwWkQLxgRa69FhC06tzI,ChIJPdUdwWkQLxgRa69FhC06tzI,False
Fast&Nutritious Restaurant,Restaurant,"Bethel Business Center, Nairobi, Kenya",+254 783 573312,,,,,"https://www.google.com/maps/search/?api=1&query=Fast%26Nutritious%20Restaurant&query_place_id=ChIJJX-Vj5gRLxgRXYzNs7OlOy4 | https://www.google.com/maps/search/restaurant/@-1.3307757371669178,36.81664691653427,16z?hl=en | https://lh3.googleusercontent.com/gps-cs-s/AHRPTWkwVaRJy968tNQw2xPNJwc-DLNO4Gk0TRe-w7DEd0-7LZA6qqnEdn5gf3vhICMhiIc_GeZnMiLjPta43fEvsFz1XeXmdKjgwnEfdvFQmZVzGsO0b5wEV_CApBQ4ZXEf0FMft3I=w426-h240-k-no",https://www.google.com/maps/search/?api=1&query=Fast%26Nutritious%20Restaurant&query_place_id=ChIJJX-Vj5gRLxgRXYzNs7OlOy4,ChIJJX-Vj5gRLxgRXYzNs7OlOy4,False
Feel Good Restaurant,Restaurant,"PQ5Q+864, Nairobi, Kenya",,,,,,"https://www.google.com/maps/search/?api=1&query=Feel%20Good%20Restaurant&query_place_id=ChIJ68o9CKQQLxgRjfFKUE7eCtY | https://www.google.com/maps/search/restaurant/@-1.296413588499247,36.78227498330685,16z?hl=en | https://lh3.googleusercontent.com/gps-cs-s/AHRPTWn5Y9LLtbtq6mCwrTNWLWu5oEGHMYCibOGON9X7iNAhGFEgFkPrsw819Em_oPaqUnAeHQbyo9MjtzMcmyiw0peQm-XMA6QeTzLgT-m-6DuK99AOggBdAd9idTL0_FDAzYlkTl3mKQ=w408-h544-k-no",https://www.google.com/maps/search/?api=1&query=Feel%20Good%20Restaurant&query_place_id=ChIJ68o9CKQQLxgRjfFKUE7eCtY,ChIJ68o9CKQQLxgRjfFKUE7eCtY,False
Felix Pub & Restaurant,Restaurant,"Nairobi, Kenya",+254 723 884288,,,,,"https://www.google.com/maps/search/?api=1&query=Felix%20Pub%20%26%20Restaurant&query_place_id=ChIJcaV-rPcQLxgRu5qEt2--5HI | https://www.google.com/maps/search/restaurant/@-1.3135946628330823,36.81664691653427,16z?hl=en | https://streetviewpixels-pa.googleapis.com/v1/thumbnail?panoid=qmyICIPqjLy0OQegrwfeBw&cb_client=search.gws-prod.gps&w=408&h=240&yaw=265.70682&pitch=0&thumbfov=100",https://www.google.com/maps/search/?api=1&query=Felix%20Pub%20%26%20Restaurant&query_place_id=ChIJcaV-rPcQLxgRu5qEt2--5HI,ChIJcaV-rPcQLxgRu5qEt2--5HI,False
Fever Tree Lounge (Acacia Court),Restaurant,"Flash Flats, Nairobi, Kenya",,,,,,"https://www.google.com/maps/search/?api=1&query=Fever%20Tree%20Lounge%20(Acacia%20Court)&query_place_id=ChIJ9at6D_kbLxgRM-X-DwUrvo0 | https://www.google.com/maps/search/restaurant/@-1.2983534384615385,36.76283634615385,17.002332677197412z?hl=en | https://lh3.googleusercontent.com/gps-cs-s/AHRPTWkYN0v4pWFii6C6_PwRzBy8OeNeQEXjnCghXY3SDsXoNm9pi5csZOYGcRkteN1Z_w48jXz6enXdiejk_c3lEjYLj1pRdecdYe94EvW6jblv11EYOrix5cRsJQyL_z1-h494st5m2Q=w408-h725-k-no",https://www.google.com/maps/search/?api=1&query=Fever%20Tree%20Lounge%20(Acacia%20Court)&query_place_id=ChIJ9at6D_kbLxgRM-X-DwUrvo0,ChIJ9at6D_kbLxgRM-X-DwUrvo0,False
Fez Bbq,Restaurant,"Kilimani Ngong Rd Junction Mall, Ngong Rd, Nairobi, Kenya",+254 723 339227,,,,,"https://www.google.com/maps/search/?api=1&query=Fez%20Bbq&query_place_id=ChIJ1VAJ92oaLxgRziBy2IaAD-g | https://www.google.com/maps/search/restaurant/@-1.296413588499247,36.74790305007943,16z?hl=en | https://lh3.googleusercontent.com/gps-cs-s/AHRPTWkAKMQt0pVWIoPpWfwvJMczzVE9R4GI0p_cYN2Aksvnpj7MNSd8IAumtGzLnOn65PrRENkAZMSMrPqH1bfWuf3eeVpo7D1nCXL1T5wRpU2s7YR17bd2rH9wv-LgwUN24JWUUppyURYXZsws=w408-h544-k-no",https://www.google.com/maps/search/?api=1&query=Fez%20Bbq&query_place_id=ChIJ1VAJ92oaLxgRziBy2IaAD-g,ChIJ1VAJ92oaLxgRziBy2IaAD-g,False
Fidel Ethiopian Restaurant,Restaurant,"George Padmore Road, Nairobi, Kenya",+254 743 540438,,,,,"https://www.google.com/maps/search/?api=1&query=Fidel%20Ethiopian%20Restaurant&query_place_id=ChIJL3lfCUARLxgRnAQX06GSsns | https://www.google.com/maps/search/restaurant/@-1.296413588499247,36.78227498330685,16z?hl=en | https://lh3.googleusercontent.com/gps-cs-s/AHRPTWl5z1BsFYraKu-ngB9UxtkKbnMosefegz4GBa5zqrlyZwoK9k9V3U9dMtbqJcyysRKQVIQaWEPvUQiXuRkSG3YWnNgyZiYHu2iD3J9q1U-x1_SNbztM0x6t1S4lGjPr8YopmCnBtg=w408-h929-k-no",https://www.google.com/maps/search/?api=1&query=Fidel%20Ethiopian%20Restaurant&query_place_id=ChIJL3lfCUARLxgRnAQX06GSsns,ChIJL3lfCUARLxgRnAQX06GSsns,False
Fine Breeze Bar And Grill,Restaurant,"Naivasha Rd, Nairobi, Kenya",+254 723 280720,,,,,"https://www.google.com/maps/search/?api=1&query=Fine%20Breeze%20Bar%20And%20Grill&query_place_id=ChIJM81srkEaLxgRTuzYUuglJkE | https://www.google.com/maps/search/restaurant/@-1.296413588499247,36.74790305007943,16z?hl=en | https://lh3.googleusercontent.com/gps-cs-s/AHRPTWmHVNmrnxQjFB4mjCN6Rn0cdFu5zEWaWdcizorAZymfEyFqFxfA3w82ehWjwn0fpzZ6U4eQ-pGO_NPcMA7o2306lcWDzuw_G5pO4omzueBmj_Bdg8Z4nF91skoLjYJy9zFoObJb=w408-h306-k-no",https://www.google.com/maps/search/?api=1&query=Fine%20Breeze%20Bar%20And%20Grill&query_place_id=ChIJM81srkEaLxgRTuzYUuglJkE,ChIJM81srkEaLxgRTuzYUuglJkE,False
Fish Bay,Restaurant,"PQ24+H7J, Nairobi, Kenya",,,,,,"https://www.google.com/maps/search/?api=1&query=Fish%20Bay&query_place_id=ChIJpVSJZ4sbLxgRHcK_nCo5rZ4 | https://www.google.com/maps/search/restaurant/@-1.296413588499247,36.74790305007943,16z?hl=en | https://lh3.googleusercontent.com/gps-cs-s/AHRPTWmZ6voPYqGmLmHSBV7vfKV59ML0FJeKlI0-NVzjGFMpUsfLMCLMOjA3I24n_Udolnn3PkJ3hjvwrgIeC7QBQ-pVeggNF1i2lIW087NpwEU0zWYmYuN3DOvbWghUHd7U358eDtDs=w408-h544-k-no",https://www.google.com/maps/search/?api=1&query=Fish%20Bay&query_place_id=ChIJpVSJZ4sbLxgRHcK_nCo5rZ4,ChIJpVSJZ4sbLxgRHcK_nCo5rZ4,False
FIVE STAR MEAT POINT & HOTEL,Restaurant,"MQGP+RVR, Kitengela Rd, Nairobi, Kenya",,,,,,"https://www.google.com/maps/search/?api=1&query=FIVE%20STAR%20MEAT%20POINT%20%26%20HOTEL&query_place_id=ChIJZQBOqnYQLxgRkOgHsuy-MBg | https://www.google.com/maps/search/restaurant/@-1.3307757371669178,36.78227498330685,16z?hl=en | https://streetviewpixels-pa.googleapis.com/v1/thumbnail?panoid=F_UU3TX8zQ0hYY2TYEbGSg&cb_client=search.gws-prod.gps&w=408&h=240&yaw=163.90294&pitch=0&thumbfov=100",https://www.google.com/maps/search/?api=1&query=FIVE%20STAR%20MEAT%20POINT%20%26%20HOTEL&query_place_id=ChIJZQBOqnYQLxgRkOgHsuy-MBg,ChIJZQBOqnYQLxgRkOgHsuy-MBg,False
Five Wings,Restaurant,"PQ2F+JJP, Ole Dume Rd, Nairobi, Kenya",+254 713 743268,,,,,"https://www.google.com/maps/search/?api=1&query=Five%20Wings&query_place_id=ChIJAfVVmqYbLxgRs5-ARNTJuHs | https://www.google.com/maps/search/restaurant/@-1.2955217,36.7736869,17.002334291465527z?hl=en | https://streetviewpixels-pa.googleapis.com/v1/thumbnail?panoid=ARYJz3fSgq2OC6s3PP27MA&cb_client=search.gws-prod.gps&w=408&h=240&yaw=29.453407&pitch=0&thumbfov=100",https://www.google.com/maps/search/?api=1&query=Five%20Wings&query_place_id=ChIJAfVVmqYbLxgRs5-ARNTJuHs,ChIJAfVVmqYbLxgRs5-ARNTJuHs,False
Flame Flavours Grilled Chicken-Kilimani,Restaurant,"Argwings Kodhek Rd, North, Kenya",+254 704 153392,,,,,"https://www.google.com/maps/search/?api=1&query=Flame%20Flavours%20Grilled%20Chicken-Kilimani&query_place_id=ChIJmyOnezsRLxgRfl9I5Wt6QnQ | https://www.google.com/maps/search/restaurant/@-1.293340725,36.778052200000005,17.00233553235424z?hl=en | https://lh3.googleusercontent.com/gps-cs-s/AHRPTWk8myiWKOhOIbHHBtMo945HcISIAPsEMq6yUxQE7oAIBhYkkCDtoZ375AqRIJENZIimvQ9flpp8ApRAw7Td9iuG4GnBfLiPAqqSkjapzHgKuVzTnVkRjFkJyvpwj5TYs-JMye_6kQ=w408-h306-k-no",https://www.google.com/maps/search/?api=1&query=Flame%20Flavours%20Grilled%20Chicken-Kilimani&query_place_id=ChIJmyOnezsRLxgRfl9I5Wt6QnQ,ChIJmyOnezsRLxgRfl9I5Wt6QnQ,False
Foxy Kitchen,Restaurant,"MQX4+XGX, Karandini Rd, Nairobi, Kenya",,,,,,"https://www.google.com/maps/search/?api=1&query=Foxy%20Kitchen&query_place_id=ChIJCWeCYEEaLxgRDFbP-aK5T2c | https://www.google.com/maps/search/restaurant/@-1.30206825,36.7531745,17.002330554175863z?hl=en | https://streetviewpixels-pa.googleapis.com/v1/thumbnail?panoid=RjockExCdcAGMEjPwGDsxQ&cb_client=search.gws-prod.gps&w=408&h=240&yaw=341.10962&pitch=0&thumbfov=100",https://www.google.com/maps/search/?api=1&query=Foxy%20Kitchen&query_place_id=ChIJCWeCYEEaLxgRDFbP-aK5T2c,ChIJCWeCYEEaLxgRDFbP-aK5T2c,False
Freedom Fast Food,Restaurant,"24 Maboko Rd, Nairobi, Kenya",,,,,,"https://www.google.com/maps/search/?api=1&query=Freedom%20Fast%20Food&query_place_id=ChIJn6_CB3UQLxgRBpIVITorVWY | https://www.google.com/maps/search/restaurant/@-1.3307757371669178,36.78227498330685,16z?hl=en | https://streetviewpixels-pa.googleapis.com/v1/thumbnail?panoid=wJ-TUwWNFywPR4e9cUFVLw&cb_client=search.gws-prod.gps&w=408&h=240&yaw=217.3446&pitch=0&thumbfov=100",https://www.google.com/maps/search/?api=1&query=Freedom%20Fast%20Food&query_place_id=ChIJn6_CB3UQLxgRBpIVITorVWY,ChIJn6_CB3UQLxgRBpIVITorVWY,False
FRESH KENYAN TILAPIA,Restaurant,"Nairobi, Kenya",,,,,,"https://www.google.com/maps/search/?api=1&query=FRESH%20KENYAN%20TILAPIA&query_place_id=ChIJIf6lPocaLxgRkGM9kZgFa3U | https://www.google.com/maps/search/restaurant/@-1.3135946628330823,36.76508901669314,16z?hl=en | https://streetviewpixels-pa.googleapis.com/v1/thumbnail?panoid=YLw5BX4a8UHaaafNTEgkaA&cb_client=search.gws-prod.gps&w=408&h=240&yaw=302.19836&pitch=0&thumbfov=100",https://www.google.com/maps/search/?api=1&query=FRESH%20KENYAN%20TILAPIA&query_place_id=ChIJIf6lPocaLxgRkGM9kZgFa3U,ChIJIf6lPocaLxgRkGM9kZgFa3U,False
Frezia Foods,Restaurant,"MQGP+9CH, Kitengela Rd, Nairobi, Kenya",,,,,,"https://www.google.com/maps/search/?api=1&query=Frezia%20Foods&query_place_id=ChIJZVKLanQQLxgRgo9FJpm7to0 | https://www.google.com/maps/search/restaurant/@-1.3307757371669178,36.78227498330685,16z?hl=en | https://streetviewpixels-pa.googleapis.com/v1/thumbnail?panoid=C4hvXV8bl1mKNukm0XhBSg&cb_client=search.gws-prod.gps&w=408&h=240&yaw=145.97878&pitch=0&thumbfov=100",https://www.google.com/maps/search/?api=1&query=Frezia%20Foods&query_place_id=ChIJZVKLanQQLxgRgo9FJpm7to0,ChIJZVKLanQQLxgRgo9FJpm7to0,False
Fridahs Jikoni restaurant,Restaurant,"MQW9+7X8, Kibera Station Rd, Nairobi, Kenya",+254 710 263708,,,,,"https://www.google.com/maps/search/?api=1&query=Fridahs%20Jikoni%20restaurant&query_place_id=ChIJKwhBbgAbLxgR-GlVWWY9V2o | https://www.google.com/maps/search/restaurant/@-1.296413588499247,36.76508901669314,16z?hl=en | https://streetviewpixels-pa.googleapis.com/v1/thumbnail?panoid=a2NDSkTweabLB-7VCQNwxA&cb_client=search.gws-prod.gps&w=408&h=240&yaw=300.27423&pitch=0&thumbfov=100",https://www.google.com/maps/search/?api=1&query=Fridahs%20Jikoni%20restaurant&query_place_id=ChIJKwhBbgAbLxgR-GlVWWY9V2o,ChIJKwhBbgAbLxgR-GlVWWY9V2o,False
Friends Bar And Restaurant,Restaurant,"Nairobi Central Naivasha Rd Josem Trust place, Nairobi, Kenya",+254 788 194514,,,,,"https://www.google.com/maps/search/?api=1&query=Friends%20Bar%20And%20Restaurant&query_place_id=ChIJPb8Z-DEaLxgRU5IeQN7RrOE | https://www.google.com/maps/search/restaurant/@-1.296413588499247,36.73071708346572,16z?hl=en | https://lh3.googleusercontent.com/gps-proxy/ALd4DhGzzzCmM0ELDjthmd-0BToAI3PRfVz5AtrU9544c_akcehnCtvWcAFkQHsp-WeJSsqyD_6Kg3NMmhyLG6tG7enqW3HU6Ir1EFYkiqRfV5hEVGO1Ky__H0OB0lfI0RxA_Y5Y6mp4DgNP32huFlRR2-SY64-fyVLrRLmTT9TyuDQEqwhZ6sExFQ16IDdQDT0sEr7JbA=w408-h306-k-no",https://www.google.com/maps/search/?api=1&query=Friends%20Bar%20And%20Restaurant&query_place_id=ChIJPb8Z-DEaLxgRU5IeQN7RrOE,ChIJPb8Z-DEaLxgRU5IeQN7RrOE,False
Fry'z Inn,Restaurant,"PP4W+WJP, Kinyanjui Rd, Nairobi, Kenya",+254 740 076711,,,,,"https://www.google.com/maps/search/?api=1&query=Fry | https://www.google.com/maps/search/restaurant/@-1.296413588499247,36.74790305007943,16z?hl=en | https://lh3.googleusercontent.com/gps-cs-s/AHRPTWn8HDLPDZ5u7dEivMOAAY5Yy4dGznEo_wfeyuJNR0s76nY-KkR_Apq9T_XxbAQjvlYZJVqkqDChklAMmi8p2aIy1BTDZoNut2iSJhHDKx3tZ5XIGRuhB4gDWoqzI6WdqqzwDpPIHa1sXD0=w408-h306-k-no",https://www.google.com/maps/search/?api=1&query=Fry'z%20Inn&query_place_id=ChIJv-mG0zYaLxgRT0a-0a9soD4,ChIJv-mG0zYaLxgRT0a-0a9soD4,False
FryDays Chicken,Restaurant,"Kingara Rd, Nairobi, Kenya",+254 112 914064,,,,,"https://www.google.com/maps/search/?api=1&query=FryDays%20Chicken&query_place_id=ChIJA2ARP_kbLxgRbCfy8rI3m9g | https://www.google.com/maps/search/restaurant/@-1.292292,36.7671123,17.00233612829275z?hl=en | https://lh3.googleusercontent.com/gps-cs-s/AHRPTWlQSPrVkOVPVeRTw2LcBdTTT4VvTmgQA2nuFJ8ztAKFxS4iLhGjDIMQA7Dy5sB2waTKMQhMqdlIFAH3PeLwI--3W8IaYME-miU21Q49LThTTObShqV8SnW-L2d0ox-j1FUuHh9X5wVweDs-=w408-h306-k-no",https://www.google.com/maps/search/?api=1&query=FryDays%20Chicken&query_place_id=ChIJA2ARP_kbLxgRbCfy8rI3m9g,ChIJA2ARP_kbLxgRbCfy8rI3m9g,False
Garden BAR & Restaurant,Restaurant,"PQ9F+H2M, Nairobi, Kenya",+254 745 709370,,,,,"https://www.google.com/maps/search/?api=1&query=Garden%20BAR%20%26%20Restaurant&query_place_id=ChIJa_kqzpgbLxgRqUI8QU-E78I | https://www.google.com/maps/search/restaurant/@-1.2792325141654115,36.76508901669314,16z?hl=en | https://lh3.googleusercontent.com/gps-cs-s/AHRPTWnGghYctzulw0JxAHBwRMVAIouwMSSwG3_QMOAOOcfwQ5wDOKoycl3GqKg0-8fZUDJrQ28c_3RiSZ8z1qn4FLTueB5FPijdszzRE2ettlnAxF1ALyLPBo5pY8Kl696MIweHaUrH=w408-h306-k-no",https://www.google.com/maps/search/?api=1&query=Garden%20BAR%20%26%20Restaurant&query_place_id=ChIJa_kqzpgbLxgRqUI8QU-E78I,ChIJa_kqzpgbLxgRqUI8QU-E78I,False
Garvey's Restaurant,Restaurant,"PQ3R+F4Q, George Padmore Road, Nairobi, Kenya",,,,,,"https://www.google.com/maps/search/?api=1&query=Garvey | https://www.google.com/maps/search/restaurant/@-1.296413588499247,36.78227498330685,16z?hl=en | https://lh3.googleusercontent.com/gps-cs-s/AHRPTWm7LTFSJL4R5v7JgX-J2edzeWQZeflEDEs2_TbwW7EKwVswrOdchn-AJb_gsQMOFnp6FGfo1yoK5TmmsIQEM28CyKlRfOZ4EMYDud1wgAW24XyJhL-kf-uEe-oZD6XodqbWTmTk=w408-h306-k-no",https://www.google.com/maps/search/?api=1&query=Garvey's%20Restaurant&query_place_id=ChIJWfAPcwARLxgRsn38rTAh6NU,ChIJWfAPcwARLxgRsn38rTAh6NU,False
Gateway Restaurant,Restaurant,"MRM5+P3W, Raila Odinga Wy, Nairobi, Kenya",+254 710 904228,,,,,"https://www.google.com/maps/search/?api=1&query=Gateway%20Restaurant&query_place_id=ChIJm4_UFVwQLxgRsS7OE9VA52k | https://www.google.com/maps/search/restaurant/@-1.3135946628330823,36.81664691653427,16z?hl=en",https://www.google.com/maps/search/?api=1&query=Gateway%20Restaurant&query_place_id=ChIJm4_UFVwQLxgRsS7OE9VA52k,ChIJm4_UFVwQLxgRsS7OE9VA52k,False
Gaytaa جايطة,Restaurant,"PQ4P+3H9, Wood Ave, Nairobi, Kenya",+254 794 462647,,,,,"https://www.google.com/maps/search/?api=1&query=Gaytaa%20%D8%AC%D8%A7%D9%8A%D8%B7%D8%A9&query_place_id=ChIJazaJUwARLxgR-xKmg6Z5TQc | https://www.google.com/maps/search/restaurant/@-1.2986442,36.77959205,17.00233251124554z?hl=en | https://lh3.googleusercontent.com/gps-cs-s/AHRPTWlQLZgQb7aGdi0ia0svfHTDmMF6qD5qfSQ-Bb7zlSxr8nSG3tvMcoUJLVcJ7CUdM8y7o1Wgf4UE-PX4Fs_BfaXECFlkfyYVEBc7PNK-TkUAXnFGZdDYkSIigDRztvzu8mwXv3kK2xrPlC4=w408-h306-k-no",https://www.google.com/maps/search/?api=1&query=Gaytaa%20%D8%AC%D8%A7%D9%8A%D8%B7%D8%A9&query_place_id=ChIJazaJUwARLxgR-xKmg6Z5TQc,ChIJazaJUwARLxgR-xKmg6Z5TQc,False
GG's Italian Pizzeria,Restaurant,"Vanga Rd, Nairobi, Kenya",+254 793 929981,,,,,"https://www.google.com/maps/search/?api=1&query=GG | https://www.google.com/maps/search/restaurant/@-1.296413588499247,36.76508901669314,16z?hl=en | https://lh3.googleusercontent.com/gps-cs-s/AHRPTWljn6z1tU7KROerynsEj1e5Ro8e0rg93L4Xsbv85GNXt9Lb_ByLpBt7oXyscO29lMknSkvhOAj5kRdV4LStsK5bo-8TWFrnvJ__Uz0xewgj_E4iInbjyHT0DyvNfylJ04yLU51CYg=w408-h544-k-no",https://www.google.com/maps/search/?api=1&query=GG's%20Italian%20Pizzeria&query_place_id=ChIJI7VbifIXLxgRe3CmQiFSsto,ChIJI7VbifIXLxgRe3CmQiFSsto,True
GHOST BURGERS,Restaurant,"PQ58+5W7 Westfield Mall, Mbaazi Rd, Nairobi, Kenya",+254 795 692258,,,,,"https://www.google.com/maps/search/?api=1&query=GHOST%20BURGERS&query_place_id=ChIJ7yakGAAbLxgRzyCZJt1bUZc | https://www.google.com/maps/search/restaurant/@-1.2955217,36.7736869,17.002334291465527z?hl=en | https://lh3.googleusercontent.com/gps-cs-s/AHRPTWnaKz9f0c2OsKi2454EUGZXwPmcp6IU6M72PbxQc65rPJUagD0n4hy0lXBWjfoUh8nh35kqGAui2qbAYer9v3QYfESTWT7enSKdpmZAavoaYDodff1MPJ2hc2wmNk3ogS4UXCyv0naxA9A0=w408-h544-k-no",https://www.google.com/maps/search/?api=1&query=GHOST%20BURGERS&query_place_id=ChIJ7yakGAAbLxgRzyCZJt1bUZc,ChIJ7yakGAAbLxgRzyCZJt1bUZc,False
Globecca Swiss Restaurant,Restaurant,"PQ3Q+634, Ring Rd, Nairobi, Kenya",,,,,,"https://www.google.com/maps/search/?api=1&query=Globecca%20Swiss%20Restaurant&query_place_id=ChIJ80hYefYRLxgRih_XkO8y4Ps | https://www.google.com/maps/search/restaurant/@-1.296413588499247,36.78227498330685,16z?hl=en | https://lh3.googleusercontent.com/gps-cs-s/AHRPTWkH5FvM4quB7kOT8Bha6FwKqzdAbZaH0UtJN2DT5s2wX2EslW-MUpTGJgLeq9VPnlNd18HEQf7WUqQkveGpsRZ7ov8pm_uuCtLVnX76Jk32Xagkfvml6ikthTqLePbr0fb7okXzUQ=w408-h553-k-no",https://www.google.com/maps/search/?api=1&query=Globecca%20Swiss%20Restaurant&query_place_id=ChIJ80hYefYRLxgRih_XkO8y4Ps,ChIJ80hYefYRLxgRih_XkO8y4Ps,False
Golden Bites Nairobi,Restaurant,"Ngong Rd, Nairobi, Kenya",+254 757 832373,,,,,"https://www.google.com/maps/search/?api=1&query=Golden%20Bites%20Nairobi&query_place_id=ChIJ4zPCRVUbLxgRyzTXSOpjfgk | https://www.google.com/maps/search/restaurant/@-1.30206825,36.7531745,17.002330554175863z?hl=en | https://lh3.googleusercontent.com/gps-cs-s/AHRPTWkGJtBm55JkH7zsNBAY7YnsA5LI0Z-6U54LADD-ONQ4giylhpAGZiWwm-zQjM7gFU2eohr_hKuKe_uuIs02L5hcDBQlvUdPGZyOcVimisiUQ170V4is33tjxdKHvy-alPdZK0jM6r1bQcIy=w408-h408-k-no",https://www.google.com/maps/search/?api=1&query=Golden%20Bites%20Nairobi&query_place_id=ChIJ4zPCRVUbLxgRyzTXSOpjfgk,ChIJ4zPCRVUbLxgRyzTXSOpjfgk,False
Golden French Fries,Restaurant,"Nairobi, Kenya",,,,,,"https://www.google.com/maps/search/?api=1&query=Golden%20French%20Fries&query_place_id=ChIJ-6lFmYAaLxgRKoqh_b0gYQA | https://www.google.com/maps/search/restaurant/@-1.3135946628330823,36.76508901669314,16z?hl=en | https://streetviewpixels-pa.googleapis.com/v1/thumbnail?panoid=iETZnrl5WlsfTzxCEN9nJg&cb_client=search.gws-prod.gps&w=408&h=240&yaw=50.76679&pitch=0&thumbfov=100",https://www.google.com/maps/search/?api=1&query=Golden%20French%20Fries&query_place_id=ChIJ-6lFmYAaLxgRKoqh_b0gYQA,ChIJ-6lFmYAaLxgRKoqh_b0gYQA,False
Golden Heart Salon,Restaurant,"MQPH+X64, Nairobi City, Kenya",,,,,,"https://www.google.com/maps/search/?api=1&query=Golden%20Heart%20Salon&query_place_id=ChIJLShR6oAaLxgRRSb8dmqpej8 | https://www.google.com/maps/search/restaurant/@-1.3135946628330823,36.76508901669314,16z?hl=en | https://streetviewpixels-pa.googleapis.com/v1/thumbnail?panoid=GFqxtIwcgcfeXj3hjlTkXw&cb_client=search.gws-prod.gps&w=408&h=240&yaw=148.59096&pitch=0&thumbfov=100",https://www.google.com/maps/search/?api=1&query=Golden%20Heart%20Salon&query_place_id=ChIJLShR6oAaLxgRRSb8dmqpej8,ChIJLShR6oAaLxgRRSb8dmqpej8,False
Golden plate restaurant,Restaurant,"KASNEB, Kasneb Towers, P. O. Box 41362 Matumbato Cl, Nairobi, Kenya",,,,,,"https://www.google.com/maps/search/?api=1&query=Golden%20plate%20restaurant&query_place_id=ChIJQdU3zD8RLxgR29iAwaYW0WI | https://www.google.com/maps/search/restaurant/@-1.296413588499247,36.79946094992056,16z?hl=en | https://lh3.googleusercontent.com/gps-cs-s/AHRPTWkoqirBnAOr_5cJKyxx2BHFZvL2LaQw1jL2kFbHyhgExJZnJ_KcTo-HlHhKEvDoRXP5x1xKdfLYy9qdCQZf7Rvj5-QoQCM7LDgDQWgNCRGbDub6zuZmoL_01BstQi6Qg_n7pyzK=w408-h306-k-no",https://www.google.com/maps/search/?api=1&query=Golden%20plate%20restaurant&query_place_id=ChIJQdU3zD8RLxgR29iAwaYW0WI,ChIJQdU3zD8RLxgR29iAwaYW0WI,False
Golding Chinese Restaurant,Restaurant,"Nairobi, Kenya",+254 112 777999,,,,,"https://www.google.com/maps/search/?api=1&query=Golding%20Chinese%20Restaurant&query_place_id=ChIJS8IxUKMQLxgRXt5E0EkKulQ | https://www.google.com/maps/search/restaurant/@-1.296413588499247,36.78227498330685,16z?hl=en | https://lh3.googleusercontent.com/gps-cs-s/AHRPTWlmvALqDebaNohqoM6vcTMSG1g4c5gSKflUekMi7oHRXQUGbP8Myt4w_vB2j8qgJ9CJNaioxdrhhATWlStR1oAwrhqql4a1ZoJquhbGPG9Ysihs-GNu5m4zxAn1MmQ_ybftebY-2g=w408-h272-k-no",https://www.google.com/maps/search/?api=1&query=Golding%20Chinese%20Restaurant&query_place_id=ChIJS8IxUKMQLxgRXt5E0EkKulQ,ChIJS8IxUKMQLxgRXt5E0EkKulQ,False
Gossip Ultra Lounge And Restaurant,Restaurant,"Galana Rd, Nairobi, Kenya",+254 700 655212,,,,,"https://www.google.com/maps/search/?api=1&query=Gossip%20Ultra%20Lounge%20And%20Restaurant&query_place_id=ChIJE-WLs3gRLxgRcHeXl6TB_9g | https://www.google.com/maps/search/restaurant/@-1.296413588499247,36.78227498330685,16z?hl=en | https://streetviewpixels-pa.googleapis.com/v1/thumbnail?panoid=G9fSYIr9HSKkF2b1Qlmuew&cb_client=search.gws-prod.gps&w=408&h=240&yaw=272.94205&pitch=0&thumbfov=100",https://www.google.com/maps/search/?api=1&query=Gossip%20Ultra%20Lounge%20And%20Restaurant&query_place_id=ChIJE-WLs3gRLxgRcHeXl6TB_9g,ChIJE-WLs3gRLxgRcHeXl6TB_9g,False
Gracious Fish Point,Restaurant,"MQFR+G36, Kitengela Rd, Nairobi, Kenya",,,,,,"https://www.google.com/maps/search/?api=1&query=Gracious%20Fish%20Point&query_place_id=ChIJt45a2HIQLxgRKhVQSY8GXe8 | https://www.google.com/maps/search/restaurant/@-1.3307757371669178,36.78227498330685,16z?hl=en | https://streetviewpixels-pa.googleapis.com/v1/thumbnail?panoid=hi1drc-H1BHTw7KzXkvLQw&cb_client=search.gws-prod.gps&w=408&h=240&yaw=276.37976&pitch=0&thumbfov=100",https://www.google.com/maps/search/?api=1&query=Gracious%20Fish%20Point&query_place_id=ChIJt45a2HIQLxgRKhVQSY8GXe8,ChIJt45a2HIQLxgRKhVQSY8GXe8,False
Gras Wispering Traders,Restaurant,"MQXJ+733, Lagiri Rd, Nairobi, Kenya",,,,,,"https://www.google.com/maps/search/?api=1&query=Gras%20Wispering%20Traders&query_place_id=ChIJCbq_s3caLxgRMxQqSneHJ1g | https://www.google.com/maps/search/restaurant/@-1.2999357,36.7739766,17.00233177367389z?hl=en | https://streetviewpixels-pa.googleapis.com/v1/thumbnail?panoid=I-pO6gUZTvARqFsuoesu6Q&cb_client=search.gws-prod.gps&w=408&h=240&yaw=340.7755&pitch=0&thumbfov=100",https://www.google.com/maps/search/?api=1&query=Gras%20Wispering%20Traders&query_place_id=ChIJCbq_s3caLxgRMxQqSneHJ1g,ChIJCbq_s3caLxgRMxQqSneHJ1g,False
Green Hut Bar & Restaurant,Restaurant,"MQVP+3FV, Nairobi, Kenya",+254 726 635370,,,,,"https://www.google.com/maps/search/?api=1&query=Green%20Hut%20Bar%20%26%20Restaurant&query_place_id=ChIJ5fa25oMQLxgRz9ebtSzSjok | https://www.google.com/maps/search/restaurant/@-1.3135946628330823,36.78227498330685,16z?hl=en | https://lh3.googleusercontent.com/gps-cs-s/AHRPTWnWi7mjRkRAuLTmRdPfDujK8wksCHMd_r5XcKb12obSwVvrL0GlGkn04jtcekAD_gXgOp5Cfy5AEGRL80kVoYcUFV3w_L3Fh9cRjnsNauy8UCd4Xwscto0A3WVFWBT-6XJpZqFJ=w408-h306-k-no",https://www.google.com/maps/search/?api=1&query=Green%20Hut%20Bar%20%26%20Restaurant&query_place_id=ChIJ5fa25oMQLxgRz9ebtSzSjok,ChIJ5fa25oMQLxgRz9ebtSzSjok,False
Grubz Restaurant,Restaurant,"off Kungu Karumba Rd, Nairobi, Kenya",,,,,,"https://www.google.com/maps/search/?api=1&query=Grubz%20Restaurant&query_place_id=ChIJRzH6xHUQLxgRUWfrgxgqmw0 | https://www.google.com/maps/search/restaurant/@-1.3307757371669178,36.78227498330685,16z?hl=en | https://streetviewpixels-pa.googleapis.com/v1/thumbnail?panoid=w3QWKaLmktVZQselehVSaw&cb_client=search.gws-prod.gps&w=408&h=240&yaw=333.62814&pitch=0&thumbfov=100",https://www.google.com/maps/search/?api=1&query=Grubz%20Restaurant&query_place_id=ChIJRzH6xHUQLxgRUWfrgxgqmw0,ChIJRzH6xHUQLxgRUWfrgxgqmw0,False
Half London Pork Centre And Restaurant,Restaurant,"Nairobi, Kenya",,,,,,"https://www.google.com/maps/search/?api=1&query=Half%20London%20Pork%20Centre%20And%20Restaurant&query_place_id=ChIJdQp1mnwaLxgRFYmtaPgEWRw | https://www.google.com/maps/search/restaurant/@-1.3135946628330823,36.76508901669314,16z?hl=en | https://streetviewpixels-pa.googleapis.com/v1/thumbnail?panoid=bQHnSNMWZz4QrfgrktBykQ&cb_client=search.gws-prod.gps&w=408&h=240&yaw=270.8107&pitch=0&thumbfov=100",https://www.google.com/maps/search/?api=1&query=Half%20London%20Pork%20Centre%20And%20Restaurant&query_place_id=ChIJdQp1mnwaLxgRFYmtaPgEWRw,ChIJdQp1mnwaLxgRFYmtaPgEWRw,False
Hamisi Vesper Bar & Restaurant,Restaurant,"Olympic Shopping Centre, P.O. Box 73396, Nairobi, Kenya",+254 20 3864959,,,,,"https://www.google.com/maps/search/?api=1&query=Hamisi%20Vesper%20Bar%20%26%20Restaurant&query_place_id=ChIJAceH_ZoQLxgRmuYfFv3py4g | https://www.google.com/maps/search/restaurant/@-1.296413588499247,36.78227498330685,16z?hl=en | https://streetviewpixels-pa.googleapis.com/v1/thumbnail?panoid=XUpl7uF1CjV6m-JDm1ER9A&cb_client=search.gws-prod.gps&w=408&h=240&yaw=69.044426&pitch=0&thumbfov=100",https://www.google.com/maps/search/?api=1&query=Hamisi%20Vesper%20Bar%20%26%20Restaurant&query_place_id=ChIJAceH_ZoQLxgRmuYfFv3py4g,ChIJAceH_ZoQLxgRmuYfFv3py4g,False
Hamptons Apartments,Restaurant,"Ole Dume Rd, Nairobi, Kenya",,,,,,"https://www.google.com/maps/search/?api=1&query=Hamptons%20Apartments&query_place_id=ChIJj1nCTMcbLxgRfunY5kcmPiQ | https://www.google.com/maps/search/restaurant/@-1.2955217,36.7736869,17.002334291465527z?hl=en | https://dynamic-media-cdn.tripadvisor.com/media/photo-o/07/9f/78/58/the-hamptons.jpg?w=1600&h=1200&s=1",https://www.google.com/maps/search/?api=1&query=Hamptons%20Apartments&query_place_id=ChIJj1nCTMcbLxgRfunY5kcmPiQ,ChIJj1nCTMcbLxgRfunY5kcmPiQ,False
Hani’s house,Restaurant,"PQ2F+WRC, Ole Dume Rd, Nairobi, Kenya",,,,,,"https://www.google.com/maps/search/?api=1&query=Hani%E2%80%99s%20house&query_place_id=ChIJ6edoFAobLxgR33G-JXPy5uo | https://www.google.com/maps/search/restaurant/@-1.2955217,36.7736869,17.002334291465527z?hl=en | https://streetviewpixels-pa.googleapis.com/v1/thumbnail?panoid=UM8-JO9ewZaTgGxA7Ev5hA&cb_client=search.gws-prod.gps&w=408&h=240&yaw=99.1122&pitch=0&thumbfov=100",https://www.google.com/maps/search/?api=1&query=Hani%E2%80%99s%20house&query_place_id=ChIJ6edoFAobLxgR33G-JXPy5uo,ChIJ6edoFAobLxgR33G-JXPy5uo,False
Hankook Garden Restaurant(Big Mama),Restaurant,"Kindaruma Rd, Nairobi, Kenya",+254 734 240012,,,,,"https://www.google.com/maps/search/?api=1&query=Hankook%20Garden%20Restaurant(Big%20Mama)&query_place_id=ChIJi52Z6HgRLxgRExFdVmL9iQY | https://www.google.com/maps/search/restaurant/@-1.296413588499247,36.78227498330685,16z?hl=en | https://streetviewpixels-pa.googleapis.com/v1/thumbnail?panoid=QyWr0S_whIQXaLpPSn1-tA&cb_client=search.gws-prod.gps&w=408&h=240&yaw=169.14659&pitch=0&thumbfov=100",https://www.google.com/maps/search/?api=1&query=Hankook%20Garden%20Restaurant(Big%20Mama)&query_place_id=ChIJi52Z6HgRLxgRExFdVmL9iQY,ChIJi52Z6HgRLxgRExFdVmL9iQY,False
Happiness And Love Restaurant,Restaurant,"George Padmore Road, North, Kenya",+254 787 332057,,,,,"https://www.google.com/maps/search/?api=1&query=Happiness%20And%20Love%20Restaurant&query_place_id=ChIJ82owjpgQLxgRFnNh0KIb7mY | https://www.google.com/maps/search/restaurant/@-1.296413588499247,36.78227498330685,16z?hl=en | https://lh3.googleusercontent.com/gps-cs-s/AHRPTWm-GtTwXDMi4HcfpQysPxWNBwIaDqCRad3L3XbOARW5p0UUF5LuRGjf6qqaGNJFcywYm3twTdTy7XrZxH8XCXVxK885UVfE2l0sT9M61IeZe2bmz5SygwkE9F18DWWNAIcbYAPW=w408-h544-k-no",https://www.google.com/maps/search/?api=1&query=Happiness%20And%20Love%20Restaurant&query_place_id=ChIJ82owjpgQLxgRFnNh0KIb7mY,ChIJ82owjpgQLxgRFnNh0KIb7mY,False
Happiness Coffee Lounge,Restaurant,"PQ5C+97Q, Korosho Rd, Nairobi, Kenya",,,,,,"https://www.google.com/maps/search/?api=1&query=Happiness%20Coffee%20Lounge&query_place_id=ChIJcSkRhGkbLxgRBh4LWSb512w | https://www.google.com/maps/search/restaurant/@-1.2955217,36.7736869,17.002334291465527z?hl=en | https://streetviewpixels-pa.googleapis.com/v1/thumbnail?panoid=F6LnBK9lSDCYOo5nFRbyvA&cb_client=search.gws-prod.gps&w=408&h=240&yaw=15.038863&pitch=0&thumbfov=100",https://www.google.com/maps/search/?api=1&query=Happiness%20Coffee%20Lounge&query_place_id=ChIJcSkRhGkbLxgRBh4LWSb512w,ChIJcSkRhGkbLxgRBh4LWSb512w,False
Harlequin Suites Hotel,Restaurant,"Woodley/Kenyatta Golf Course, Joseph Kangethe Rd, Nairobi, Kenya",+254 20 3860119,,,,,"https://www.google.com/maps/search/?api=1&query=Harlequin%20Suites%20Hotel&query_place_id=ChIJDcstW3AaLxgRDJMlsnQai3o | https://www.google.com/maps/search/restaurant/@-1.2999357,36.7739766,17.00233177367389z?hl=en | https://lh3.googleusercontent.com/gps-cs-s/AHRPTWk6EQibtewHS05EBvsDFqBLwaWqruvWexcN1hBUXrv2bO-F8XJoldMPdXdCMVi7qqjzucgqL1smD4FwdgPeLfUGrSodrEHAEUVKP55t87FBSjA38a8HAyxmuDnft8A_yVOM1Gs=w408-h544-k-no",https://www.google.com/maps/search/?api=1&query=Harlequin%20Suites%20Hotel&query_place_id=ChIJDcstW3AaLxgRDJMlsnQai3o,ChIJDcstW3AaLxgRDJMlsnQai3o,False
Haze lounge and restaurant,Restaurant,"746 Muchai Dr, Nairobi, Kenya",,,,,,"https://www.google.com/maps/search/?api=1&query=Haze%20lounge%20and%20restaurant&query_place_id=ChIJxV6epT0RLxgRqItcCaWdasU | https://www.google.com/maps/search/restaurant/@-1.296413588499247,36.79946094992056,16z?hl=en | https://streetviewpixels-pa.googleapis.com/v1/thumbnail?panoid=nYVtCp9LSzW67xKGCxtsCA&cb_client=search.gws-prod.gps&w=408&h=240&yaw=322.7965&pitch=0&thumbfov=100",https://www.google.com/maps/search/?api=1&query=Haze%20lounge%20and%20restaurant&query_place_id=ChIJxV6epT0RLxgRqItcCaWdasU,ChIJxV6epT0RLxgRqItcCaWdasU,False
Hellen's Table,Restaurant,"PQ69+5PJ Msquare mall, 103554 Gitanga Rd, Nairobi, Kenya",+254 118 911655,,,,,"https://www.google.com/maps/search/?api=1&query=Hellen | https://www.google.com/maps/search/restaurant/@-1.292292,36.7671123,17.00233612829275z?hl=en | http://t1.gstatic.com/images?q=tbn:ANd9GcSl9KAOlNULTfiRhQ9KcpK138pqE4348ZLI4olJBzSACXNYDhXj",https://www.google.com/maps/search/?api=1&query=Hellen's%20Table&query_place_id=ChIJ-yS2bwAbLxgRn7Pd6gd2UEg,ChIJ-yS2bwAbLxgRn7Pd6gd2UEg,False
Heroes Cyber,Restaurant,"Shopping Centre, Sasuma Lane, Dagoretti South, Kenya",+254 722 847445,,,,,"https://www.google.com/maps/search/?api=1&query=Heroes%20Cyber&query_place_id=ChIJoewAM8YbLxgRrgVrgcxHNnw | https://www.google.com/maps/search/restaurant/@-1.3307757371669178,36.78227498330685,16z?hl=en | https://streetviewpixels-pa.googleapis.com/v1/thumbnail?panoid=_N6WF9ZTb_e_oKPeLjDc4g&cb_client=search.gws-prod.gps&w=408&h=240&yaw=323.00537&pitch=0&thumbfov=100",https://www.google.com/maps/search/?api=1&query=Heroes%20Cyber&query_place_id=ChIJoewAM8YbLxgRrgVrgcxHNnw,ChIJoewAM8YbLxgRrgVrgcxHNnw,False
Hoggz kitchen,Restaurant,"Mbaazi Rd, Nairobi, Kenya",,,,,,"https://www.google.com/maps/search/?api=1&query=Hoggz%20kitchen&query_place_id=ChIJb9mpYZAbLxgRLenBq6hu-d0 | https://www.google.com/maps/search/restaurant/@-1.2895935545454547,36.773318836363636,17.002337659462743z?hl=en | https://lh3.googleusercontent.com/gps-cs-s/AHRPTWm9D8XOQRf4sdnkXYipQ0LMj60Jh7wHqtcXLf6SwaSqXwbC5VEvS7W0cu8AOXE3HXhN015PKcGr3DepkbbJUTw6Lbm0agwPyR6e9ccv4eF7inVy2M2agxf4zffOV-RDJ4oBZBo=w533-h240-k-no",https://www.google.com/maps/search/?api=1&query=Hoggz%20kitchen&query_place_id=ChIJb9mpYZAbLxgRLenBq6hu-d0,ChIJb9mpYZAbLxgRLenBq6hu-d0,False
Home Base Bar And Restaurant,Restaurant,"Kikuyu, Thogoto- Gikambura Rd, Kiambu, Kenya",+254 722 609636,,,,,"https://www.google.com/maps/search/?api=1&query=Home%20Base%20Bar%20And%20Restaurant&query_place_id=ChIJYQmpwNIbLxgRHSNCkUMXBv8 | https://www.google.com/maps/search/restaurant/@-1.296413588499247,36.76508901669314,16z?hl=en | https://streetviewpixels-pa.googleapis.com/v1/thumbnail?panoid=gXctoYZgxkLGmotoC4iNmQ&cb_client=search.gws-prod.gps&w=408&h=240&yaw=111.173325&pitch=0&thumbfov=100",https://www.google.com/maps/search/?api=1&query=Home%20Base%20Bar%20And%20Restaurant&query_place_id=ChIJYQmpwNIbLxgRHSNCkUMXBv8,ChIJYQmpwNIbLxgRHSNCkUMXBv8,False
Hotel Premier Jamhuri,Restaurant,"MQXF+4J9, Nairobi, Kenya",+254 725 671714,,,,,"https://www.google.com/maps/search/?api=1&query=Hotel%20Premier%20Jamhuri&query_place_id=ChIJiw_QTDkbLxgRPBraG-YhuzQ | https://www.google.com/maps/search/restaurant/@-1.2999357,36.7739766,17.00233177367389z?hl=en | https://streetviewpixels-pa.googleapis.com/v1/thumbnail?panoid=qlHhsDMshwNngxh-rUwucw&cb_client=search.gws-prod.gps&w=408&h=240&yaw=243.68053&pitch=0&thumbfov=100",https://www.google.com/maps/search/?api=1&query=Hotel%20Premier%20Jamhuri&query_place_id=ChIJiw_QTDkbLxgRPBraG-YhuzQ,ChIJiw_QTDkbLxgRPBraG-YhuzQ,False
Hotspice Bar & Restaurant,Restaurant,"Kirichwa Gardens Road, Nairobi, Kenya",+254 110 336600,,,,,"https://www.google.com/maps/search/?api=1&query=Hotspice%20Bar%20%26%20Restaurant&query_place_id=ChIJmzArRVIbLxgR6XkcJX8oyfc | https://www.google.com/maps/search/restaurant/@-1.296413588499247,36.78227498330685,16z?hl=en | https://lh3.googleusercontent.com/gps-cs-s/AHRPTWmF7gPqqkYOd9OKeVG7YigxMT8HIKNRQEPiLsvqkYnkKPOcbLMWSbYiqJ1bGmeiZnnKh2sJLSGFpPUsP6cDFkvweemJ_uVZ3inMRz3O5kLwkUv_8OOmk5DDMOJUc52unt-A6MnCjA=w408-h522-k-no",https://www.google.com/maps/search/?api=1&query=Hotspice%20Bar%20%26%20Restaurant&query_place_id=ChIJmzArRVIbLxgR6XkcJX8oyfc,ChIJmzArRVIbLxgR6XkcJX8oyfc,False
HQ Bar and Restaurant,Restaurant,"MQGW+8HP, Langata Rd, Nairobi, Kenya",,,,,,"https://www.google.com/maps/search/?api=1&query=HQ%20Bar%20and%20Restaurant&query_place_id=ChIJlw_6UGwQLxgRHzqtOPso2bU | https://www.google.com/maps/search/restaurant/@-1.3307757371669178,36.78227498330685,16z?hl=en | https://lh3.googleusercontent.com/gps-cs-s/AHRPTWkK9iuqtEqpQmzqItokkkTj_aNAyay9HJ-Z_NfoDqfjzzD_XLdpYeT8EGGhTNNYPB1xawx0pbCqBGuwdPoNszKAeRU7AeROMWyxN3MG8zvX1uJnqHV30QgptKE1meHAlAMFLz-P=w408-h306-k-no",https://www.google.com/maps/search/?api=1&query=HQ%20Bar%20and%20Restaurant&query_place_id=ChIJlw_6UGwQLxgRHzqtOPso2bU,ChIJlw_6UGwQLxgRHzqtOPso2bU,False
Hungrill Pig,Restaurant,"Joseph Kangethe Road, Kenya",+254 723 029410,,,,,"https://www.google.com/maps/search/?api=1&query=Hungrill%20Pig&query_place_id=ChIJ80Ood1kbLxgRGE-TO0m-3pE | https://www.google.com/maps/search/restaurant/@-1.2999357,36.7739766,17.00233177367389z?hl=en | https://lh3.googleusercontent.com/gps-cs-s/AHRPTWkqpGpctpa7DqEETfPo3NjCbH4skMd-SBTBrje0eUrDBx0UNFpbRn2z31pRw3OXVDoHFPYC04jvqF6EzGsBCOhXlVdxyY0vxkw8PUSUft6j5gzBokCp0EqpMQo9FhjEOWbUV_uC=w408-h306-k-no",https://www.google.com/maps/search/?api=1&query=Hungrill%20Pig&query_place_id=ChIJ80Ood1kbLxgRGE-TO0m-3pE,ChIJ80Ood1kbLxgRGE-TO0m-3pE,False
Idylls Restaurant,Restaurant,"MP8M+QF9, Nairobi, Kenya",+254 143 284816,,,,,"https://www.google.com/maps/search/?api=1&query=Idylls%20Restaurant&query_place_id=ChIJA_wybAAbLxgRkiCbrUi_uWw | https://www.google.com/maps/search/restaurant/@-1.3479568115007532,36.74790305007943,16z?hl=en | https://lh3.googleusercontent.com/gps-cs-s/AHRPTWmWos3tY6usIhwgP7WkpEAHvT1JF1zvyeweR-KxTMndTlD9An0pcy4mgZJiY_c_3vImLWWWOFI92ZJMx6abtOLiJkST6UcNEZdWsH9HirQ232DSktxWI7-yZ71tEY9i2xoDSnz-0Pl640I=w408-h408-k-no",https://www.google.com/maps/search/?api=1&query=Idylls%20Restaurant&query_place_id=ChIJA_wybAAbLxgRkiCbrUi_uWw,ChIJA_wybAAbLxgRkiCbrUi_uWw,False
IFC RESTAURANT,Restaurant,"Ole Sangale road: -1.309198,36.811205, Kenya",+254 114 263666,,,,,"https://www.google.com/maps/search/?api=1&query=IFC%20RESTAURANT&query_place_id=ChIJc3ta7e4RLxgRXxRwK26hJjk | https://www.google.com/maps/search/restaurant/@-1.3135946628330823,36.81664691653427,16z?hl=en | https://lh3.googleusercontent.com/gps-cs-s/AHRPTWmWdeSCSog5hzV3-Y1iemMnh7eTFCoQHVzL5YxiVfEJBDlrjoUkTze6lL81-9sX1YXR2qxQYQ37cVR2PSTohrxnYjWjtR7PsM0bSH_KzNiVnu4YYbFKAgElOoLGnejV975QlB3U1KhOEDqF=w408-h408-k-no",https://www.google.com/maps/search/?api=1&query=IFC%20RESTAURANT&query_place_id=ChIJc3ta7e4RLxgRXxRwK26hJjk,ChIJc3ta7e4RLxgRXxRwK26hJjk,False
Illinois Fries $ Drinks,Restaurant,"MQQH+3H9, Nairobi, Kenya",,,,,,"https://www.google.com/maps/search/?api=1&query=Illinois%20Fries%20%24%20Drinks&query_place_id=ChIJ09Jzi4AaLxgRnlwvWqvEVQ4 | https://www.google.com/maps/search/restaurant/@-1.3135946628330823,36.76508901669314,16z?hl=en | https://streetviewpixels-pa.googleapis.com/v1/thumbnail?panoid=nyUp0OREoYHBbdZKjQZcGA&cb_client=search.gws-prod.gps&w=408&h=240&yaw=22.64413&pitch=0&thumbfov=100",https://www.google.com/maps/search/?api=1&query=Illinois%20Fries%20%24%20Drinks&query_place_id=ChIJ09Jzi4AaLxgRnlwvWqvEVQ4,ChIJ09Jzi4AaLxgRnlwvWqvEVQ4,False
J avy restaurant lounge,Restaurant,"Nairobi, Kenya",,,,,,"https://www.google.com/maps/search/?api=1&query=J%20avy%20restaurant%20lounge&query_place_id=ChIJi7Rws5QRLxgROThdjt29oJk | https://www.google.com/maps/search/restaurant/@-1.296413588499247,36.78227498330685,16z?hl=en | https://lh3.googleusercontent.com/gps-cs-s/AHRPTWnKOTK5Xe18Y2vfnRxNLVmtJPWGfVhpNHxw-lNF32Pf2HDaiQkaUPxsxJ8doyBdA5d9OnAmMP4sCO9X59NqCC8Z8gr9ZpQ-5zngP0KYV8w_jan2R8xVAYISqTi2vXzd_UuguDcCug=w600-h240-k-no",https://www.google.com/maps/search/?api=1&query=J%20avy%20restaurant%20lounge&query_place_id=ChIJi7Rws5QRLxgROThdjt29oJk,ChIJi7Rws5QRLxgROThdjt29oJk,False
Jahazi Swahili Restaurant,Restaurant,"89 Kinangop Rd, Nairobi, Kenya",,,,,,"https://www.google.com/maps/search/?api=1&query=Jahazi%20Swahili%20Restaurant&query_place_id=ChIJhxIsWgAbLxgRgb1NbzPXrio | https://www.google.com/maps/search/restaurant/@-1.296413588499247,36.76508901669314,16z?hl=en | https://lh3.googleusercontent.com/gps-cs-s/AHRPTWmlm7oBLwo5GL8jVP-XjJwjLKqRnGkjwqypt1LMos_KWC3sJ_f49FF_3lnJxgvLMXYQL1BzzrsjGmI0RQDidAaoKZuJKrBeJ0bVU2cy3fO9RJpOODsekriFFzd2BPok8DmcyLzevkGN27J2=w408-h544-k-no",https://www.google.com/maps/search/?api=1&query=Jahazi%20Swahili%20Restaurant&query_place_id=ChIJhxIsWgAbLxgRgb1NbzPXrio,ChIJhxIsWgAbLxgRgb1NbzPXrio,False
Jamhuri Park Hotel,Restaurant,"MQV6+83X, Nairobi, Kenya",,,,,,"https://www.google.com/maps/search/?api=1&query=Jamhuri%20Park%20Hotel&query_place_id=ChIJSyR4iV0aLxgRBJlyT8BiCaQ | https://www.google.com/maps/search/restaurant/@-1.3135946628330823,36.74790305007943,16z?hl=en | https://streetviewpixels-pa.googleapis.com/v1/thumbnail?panoid=zC7MLlFEpwVxWUNOrLyKvw&cb_client=search.gws-prod.gps&w=408&h=240&yaw=341.35977&pitch=0&thumbfov=100",https://www.google.com/maps/search/?api=1&query=Jamhuri%20Park%20Hotel&query_place_id=ChIJSyR4iV0aLxgRBJlyT8BiCaQ,ChIJSyR4iV0aLxgRBJlyT8BiCaQ,False
Jamret Restaurant,Restaurant,"510a, Nairobi, Kenya",,,,,,"https://www.google.com/maps/search/?api=1&query=Jamret%20Restaurant&query_place_id=ChIJV45RR3YaLxgR4IX-OC0mCnY | https://www.google.com/maps/search/restaurant/@-1.296413588499247,36.78227498330685,16z?hl=en | https://lh3.googleusercontent.com/gps-cs-s/AHRPTWnoFtDE-5xXTZZkCxwvdw3_iPxnH_-PyKnl8cHtjYRw_RjfXelsL6BBDkXUQnh3QmKbhxSXH87G2Gvf1NePB9IDHGu0fN4tcYMmiFgEaCj7JEHDc6ERcxNeazzu4UyrKF92Xsm_=w426-h240-k-no",https://www.google.com/maps/search/?api=1&query=Jamret%20Restaurant&query_place_id=ChIJV45RR3YaLxgR4IX-OC0mCnY,ChIJV45RR3YaLxgR4IX-OC0mCnY,False
Janniez Fast Foods,Restaurant,"PP6V+MRG, Gathuru Rd, Nairobi, Kenya",,,,,,"https://www.google.com/maps/search/?api=1&query=Janniez%20Fast%20Foods&query_place_id=ChIJ7aYnBi4aLxgR2Bw8WkNZ_tg | https://www.google.com/maps/search/restaurant/@-1.296413588499247,36.73071708346572,16z?hl=en | https://streetviewpixels-pa.googleapis.com/v1/thumbnail?panoid=YtotEoSFBZj8JZBsk8Vcfg&cb_client=search.gws-prod.gps&w=408&h=240&yaw=50.030476&pitch=0&thumbfov=100",https://www.google.com/maps/search/?api=1&query=Janniez%20Fast%20Foods&query_place_id=ChIJ7aYnBi4aLxgR2Bw8WkNZ_tg,ChIJ7aYnBi4aLxgR2Bw8WkNZ_tg,False
Japanese Restaurant,Restaurant,"Nairobi, Kenya",,,,,,"https://www.google.com/maps/search/?api=1&query=Japanese%20Restaurant&query_place_id=ChIJQwnqaacQLxgRF4LvJRM5wmg | https://www.google.com/maps/search/restaurant/@-1.296413588499247,36.78227498330685,16z?hl=en | https://streetviewpixels-pa.googleapis.com/v1/thumbnail?panoid=0lWdDD7lTwIEIPnheWLQnw&cb_client=search.gws-prod.gps&w=408&h=240&yaw=274.009&pitch=0&thumbfov=100",https://www.google.com/maps/search/?api=1&query=Japanese%20Restaurant&query_place_id=ChIJQwnqaacQLxgRF4LvJRM5wmg,ChIJQwnqaacQLxgRF4LvJRM5wmg,False
Jayś Fish & Restaurant,Restaurant,"MQX4+XJF, Karandini Rd, Nairobi, Kenya",,,,,,"https://www.google.com/maps/search/?api=1&query=Jay%C5%9B%20Fish%20%26%20Restaurant&query_place_id=ChIJlfcJYUEaLxgRfV2pL6lm0o0 | https://www.google.com/maps/search/restaurant/@-1.296413588499247,36.76508901669314,16z?hl=en | https://streetviewpixels-pa.googleapis.com/v1/thumbnail?panoid=DVH-gJWJrQ9vtTaMHE49uw&cb_client=search.gws-prod.gps&w=408&h=240&yaw=179.20866&pitch=0&thumbfov=100",https://www.google.com/maps/search/?api=1&query=Jay%C5%9B%20Fish%20%26%20Restaurant&query_place_id=ChIJlfcJYUEaLxgRfV2pL6lm0o0,ChIJlfcJYUEaLxgRfV2pL6lm0o0,False
Jecil Food 'N' Fries,Restaurant,"MQPH+88Q, Nairobi, Kenya",,,,,,"https://www.google.com/maps/search/?api=1&query=Jecil%20Food%20 | https://www.google.com/maps/search/restaurant/@-1.3135946628330823,36.76508901669314,16z?hl=en | https://streetviewpixels-pa.googleapis.com/v1/thumbnail?panoid=J_rAX-X9gxRUnjAQ0Ggxeg&cb_client=search.gws-prod.gps&w=408&h=240&yaw=167.55978&pitch=0&thumbfov=100",https://www.google.com/maps/search/?api=1&query=Jecil%20Food%20'N'%20Fries&query_place_id=ChIJ9X56EYEaLxgRWb1gvlL85H8,ChIJ9X56EYEaLxgRWb1gvlL85H8,False
Jikoni Swahili Restaurant,Restaurant,"MQHX+GP4, Nairobi, Kenya",,,,,,"https://www.google.com/maps/search/?api=1&query=Jikoni%20Swahili%20Restaurant&query_place_id=ChIJO5JDXwARLxgRbggsXeay56o | https://www.google.com/maps/search/restaurant/@-1.3135946628330823,36.79946094992056,16z?hl=en",https://www.google.com/maps/search/?api=1&query=Jikoni%20Swahili%20Restaurant&query_place_id=ChIJO5JDXwARLxgRbggsXeay56o,ChIJO5JDXwARLxgRbggsXeay56o,False
Jirani Jikoni Flavors,Restaurant,"Riara Corporate Suites, Riara Rd, Nairobi, Kenya",+254 722 654763,,,,,"https://www.google.com/maps/search/?api=1&query=Jirani%20Jikoni%20Flavors&query_place_id=ChIJhdC4BQgbLxgRw6WaVR4HP-4 | https://www.google.com/maps/search/restaurant/@-1.2983534384615385,36.76283634615385,17.002332677197412z?hl=en | https://lh3.googleusercontent.com/gps-cs-s/AHRPTWkGPzZ2rQn_cUOiVFmaZQDWb5scXziF19u6x7jb8kFH8qDogXWGV-YflyShvN7f68Ix71OdP1v0-uHGPz2YyAa1ePWgVFI_geFuigY5SqGkBpbgFgQotljaGP0kThK0QLSek7rZmDAqoneL=w408-h544-k-no",https://www.google.com/maps/search/?api=1&query=Jirani%20Jikoni%20Flavors&query_place_id=ChIJhdC4BQgbLxgRw6WaVR4HP-4,ChIJhdC4BQgbLxgRw6WaVR4HP-4,False
Joes brother restaurant,Restaurant,"PQ2H+C69, Kilimani Rd, Nairobi, Kenya",,,,,,"https://www.google.com/maps/search/?api=1&query=Joes%20brother%20restaurant&query_place_id=ChIJA-L8PnQaLxgRSdYrngQCNJ0 | https://www.google.com/maps/search/restaurant/@-1.2999357,36.7739766,17.00233177367389z?hl=en | https://streetviewpixels-pa.googleapis.com/v1/thumbnail?panoid=LTd1Rh1klb6ahMmTqf7dAQ&cb_client=search.gws-prod.gps&w=408&h=240&yaw=312.3359&pitch=0&thumbfov=100",https://www.google.com/maps/search/?api=1&query=Joes%20brother%20restaurant&query_place_id=ChIJA-L8PnQaLxgRSdYrngQCNJ0,ChIJA-L8PnQaLxgRSdYrngQCNJ0,False
JOJOS Chicken & Chips Take away,Restaurant,"MQWJ+W4C, Nairobi, Kenya",,,,,,"https://www.google.com/maps/search/?api=1&query=JOJOS%20Chicken%20%26%20Chips%20Take%20away&query_place_id=ChIJl7xMVq0bLxgRn_-rZNYcpEU | https://www.google.com/maps/search/restaurant/@-1.2999357,36.7739766,17.00233177367389z?hl=en | https://streetviewpixels-pa.googleapis.com/v1/thumbnail?panoid=PseBynSEMgcTKcLGmd499g&cb_client=search.gws-prod.gps&w=408&h=240&yaw=15.529395&pitch=0&thumbfov=100",https://www.google.com/maps/search/?api=1&query=JOJOS%20Chicken%20%26%20Chips%20Take%20away&query_place_id=ChIJl7xMVq0bLxgRn_-rZNYcpEU,ChIJl7xMVq0bLxgRn_-rZNYcpEU,False
Jolly Roger Restaurant,Restaurant,"Karen, Langata N Rd, Kenya",+254 710 315796,,,,,"https://www.google.com/maps/search/?api=1&query=Jolly%20Roger%20Restaurant&query_place_id=ChIJ_UcE-RMbLxgRIEEtYFmYXZQ | https://www.google.com/maps/search/restaurant/@-1.3307757371669178,36.76508901669314,16z?hl=en | https://streetviewpixels-pa.googleapis.com/v1/thumbnail?panoid=E4hbQLo51Z_oppugMJqA-g&cb_client=search.gws-prod.gps&w=408&h=240&yaw=92.42583&pitch=0&thumbfov=100",https://www.google.com/maps/search/?api=1&query=Jolly%20Roger%20Restaurant&query_place_id=ChIJ_UcE-RMbLxgRIEEtYFmYXZQ,ChIJ_UcE-RMbLxgRIEEtYFmYXZQ,False
Jonna Annex Investment,Restaurant,"Nairobi, Kenya",+254 722 987501,,,,,"https://www.google.com/maps/search/?api=1&query=Jonna%20Annex%20Investment&query_place_id=ChIJC5kiG5sbLxgRn0gC3e8_yHY | https://www.google.com/maps/search/restaurant/@-1.2895935545454547,36.773318836363636,17.002337659462743z?hl=en | https://streetviewpixels-pa.googleapis.com/v1/thumbnail?panoid=LcsvQnbayvHK5mmj22O86Q&cb_client=search.gws-prod.gps&w=408&h=240&yaw=350.3692&pitch=0&thumbfov=100",https://www.google.com/maps/search/?api=1&query=Jonna%20Annex%20Investment&query_place_id=ChIJC5kiG5sbLxgRn0gC3e8_yHY,ChIJC5kiG5sbLxgRn0gC3e8_yHY,False
Josephine's kibanda,Restaurant,"PQ59+CJ2, Hendred Ave, Nairobi, Kenya",+254 707 458044,,,,,"https://www.google.com/maps/search/?api=1&query=Josephine | https://www.google.com/maps/search/restaurant/@-1.2955217,36.7736869,17.002334291465527z?hl=en | https://streetviewpixels-pa.googleapis.com/v1/thumbnail?panoid=APdeWunXQAIojH3zPg_qJQ&cb_client=search.gws-prod.gps&w=408&h=240&yaw=267.739&pitch=0&thumbfov=100",https://www.google.com/maps/search/?api=1&query=Josephine's%20kibanda&query_place_id=ChIJJZNvMwAbLxgRFluem5vJaZg,ChIJJZNvMwAbLxgRFluem5vJaZg,False
Joslex Hotel - Mama Akoth,Restaurant,"MQQG+2X7, Bus Terminus, Nairobi City, Kenya",,,,,,"https://www.google.com/maps/search/?api=1&query=Joslex%20Hotel%20-%20Mama%20Akoth&query_place_id=ChIJbUERwIAaLxgRnPQ6GReX-dc | https://www.google.com/maps/search/restaurant/@-1.3135946628330823,36.76508901669314,16z?hl=en",https://www.google.com/maps/search/?api=1&query=Joslex%20Hotel%20-%20Mama%20Akoth&query_place_id=ChIJbUERwIAaLxgRnPQ6GReX-dc,ChIJbUERwIAaLxgRnPQ6GReX-dc,False
Joules Forum Lounge,Restaurant,"Orange House, Opposite Posta, Ngong Rd, Nairobi, Kenya",+254 792 160004,,,,,"https://www.google.com/maps/search/?api=1&query=Joules%20Forum%20Lounge&query_place_id=ChIJs-QM58kbLxgR2AVO1Evu_jI | https://www.google.com/maps/search/restaurant/@-1.2999357,36.7739766,17.00233177367389z?hl=en | https://lh3.googleusercontent.com/gps-cs-s/AHRPTWmfkpcGO9dGJesrUtUi69UbKszfdcjyoR5WIov5jtOlU7tfDhj7lt1w2y62NFB5ELyGJV_1pztb3OMq_GBqvdTUO6Lh6vS3qJUzcX5npEJ7ivYC3z8Dt5oNWLYY7vvH_WEWRQU=w408-h725-k-no",https://www.google.com/maps/search/?api=1&query=Joules%20Forum%20Lounge&query_place_id=ChIJs-QM58kbLxgR2AVO1Evu_jI,ChIJs-QM58kbLxgR2AVO1Evu_jI,False
Joy'S Fast Food,Restaurant,"off Kungu Karumba Rd, Nairobi, Kenya",,,,,,"https://www.google.com/maps/search/?api=1&query=Joy | https://www.google.com/maps/search/restaurant/@-1.3307757371669178,36.78227498330685,16z?hl=en | https://streetviewpixels-pa.googleapis.com/v1/thumbnail?panoid=mGTUPBdACKTzPxlEMHH3bA&cb_client=search.gws-prod.gps&w=408&h=240&yaw=336.73956&pitch=0&thumbfov=100",https://www.google.com/maps/search/?api=1&query=Joy'S%20Fast%20Food&query_place_id=ChIJ7ccss3UQLxgRycwuhWxKgHg,ChIJ7ccss3UQLxgRycwuhWxKgHg,False
Junction,Restaurant,"Junction Mall Parking Hall, Ngong Rd, Nairobi, Kenya",,,,,,"https://www.google.com/maps/search/?api=1&query=Junction&query_place_id=ChIJ_W_kGxMbLxgReLX164oC3BA | https://www.google.com/maps/search/restaurant/@-1.2983534384615385,36.76283634615385,17.002332677197412z?hl=en | https://lh3.googleusercontent.com/gps-cs-s/AHRPTWnnQBXSijhDVOV5zd7639-3_sbKL24lbtXJcfGl52qcoVicKubqcVBzIrgpXJPvpti-ASamRnhVFnsZSwGG54cPjH8AzoW0cRWr_oInz_sQSUOe3wO1tqeZKN3ghBVYpk4RZo3B=w408-h408-k-no",https://www.google.com/maps/search/?api=1&query=Junction&query_place_id=ChIJ_W_kGxMbLxgReLX164oC3BA,ChIJ_W_kGxMbLxgReLX164oC3BA,False
Junction Green Bar & Restaurant,Restaurant,"MQMW+RVP, Nairobi, Kenya",,,,,,"https://www.google.com/maps/search/?api=1&query=Junction%20Green%20Bar%20%26%20Restaurant&query_place_id=ChIJ8wHhDmQQLxgR4vjhZSWnhPk | https://www.google.com/maps/search/restaurant/@-1.3135946628330823,36.79946094992056,16z?hl=en | https://lh3.googleusercontent.com/gps-cs-s/AHRPTWky9yxAsMvjJ2N96CBdR7NtCviAact7jCdhi6zUQ5Olt-qYW5Wsnp3Bpm5LK_qlnvkK0ngUYljW-XfczhaiVLw8UJPIKC1UURMQNVdSBP6eI6pN9EiVs0g5UQaw2Fakt6nfJB0=w408-h544-k-no",https://www.google.com/maps/search/?api=1&query=Junction%20Green%20Bar%20%26%20Restaurant&query_place_id=ChIJ8wHhDmQQLxgR4vjhZSWnhPk,ChIJ8wHhDmQQLxgR4vjhZSWnhPk,False
Kachas Restaurant,Restaurant,"PQ22+JH9, Ngotho Rd, Nairobi, Kenya",,,,,,"https://www.google.com/maps/search/?api=1&query=Kachas%20Restaurant&query_place_id=ChIJSxCsTUYaLxgROHEjlue3Gxk | https://www.google.com/maps/search/restaurant/@-1.296413588499247,36.76508901669314,16z?hl=en | https://streetviewpixels-pa.googleapis.com/v1/thumbnail?panoid=sQnOmTr77cc8s5XkwfPskQ&cb_client=search.gws-prod.gps&w=408&h=240&yaw=196.37996&pitch=0&thumbfov=100",https://www.google.com/maps/search/?api=1&query=Kachas%20Restaurant&query_place_id=ChIJSxCsTUYaLxgROHEjlue3Gxk,ChIJSxCsTUYaLxgROHEjlue3Gxk,False
Kaden Restaurant,Restaurant,"soko safi mall, Ngong Rd, Nairobi, Kenya",+254 729 733704,,,,,"https://www.google.com/maps/search/?api=1&query=Kaden%20Restaurant&query_place_id=ChIJ94FhCZwRLxgRFTTOK_3ecqQ | https://www.google.com/maps/search/restaurant/@-1.296413588499247,36.78227498330685,16z?hl=en | http://t2.gstatic.com/images?q=tbn:ANd9GcTfMpH-zHFul6GBv3I9oR-hrupufRzIdWZd5JQCcSMoEVBe9kLt",https://www.google.com/maps/search/?api=1&query=Kaden%20Restaurant&query_place_id=ChIJ94FhCZwRLxgRFTTOK_3ecqQ,ChIJ94FhCZwRLxgRFTTOK_3ecqQ,False
Kaikos Restaurant,Restaurant,"Bishop Magua Centre, Ngong Rd, Nairobi, Kenya",+254 723 847942,,,,,"https://www.google.com/maps/search/?api=1&query=Kaikos%20Restaurant&query_place_id=ChIJFS0ESTMRLxgRAYioAZnavIA | https://www.google.com/maps/search/restaurant/@-1.3135946628330823,36.78227498330685,16z?hl=en | https://lh3.googleusercontent.com/gps-cs-s/AHRPTWkcNYsbXAg5uHQTSNi-sYp0XYe8wCoH6ZIGrdGKthUx1LmxnZbUmms-rXxjX9d3kIU5Xc8Es_tBcQsbclFa7bncFb3zoDl7crtvB3yFmE7fF6eJrPET1FAPZ3UhR49oxvL1yw_W=w408-h724-k-no",https://www.google.com/maps/search/?api=1&query=Kaikos%20Restaurant&query_place_id=ChIJFS0ESTMRLxgRAYioAZnavIA,ChIJFS0ESTMRLxgRAYioAZnavIA,False
Kalabash lounge ngong road,Restaurant,"Ngong Rd, Nairobi, Kenya",,,,,,"https://www.google.com/maps/search/?api=1&query=Kalabash%20lounge%20ngong%20road&query_place_id=ChIJi1gRqB4bLxgR78NT8Haq9Yg | https://www.google.com/maps/search/restaurant/@-1.2999357,36.7739766,17.00233177367389z?hl=en | https://lh3.googleusercontent.com/gps-cs-s/AHRPTWn0G1q4AkDSj6WvXGoS0qOY3XzhHIhZ7aR01gK0eQ9ZhbXpM_GTp5de-PdkdljIsr4bI-NLC0VnjTYZCkBn7a-YMYbRzQf344Gsv6_KmSGmIwc-hd7iT1ZwOHUq89Npxmw4jfkB=w426-h240-k-no",https://www.google.com/maps/search/?api=1&query=Kalabash%20lounge%20ngong%20road&query_place_id=ChIJi1gRqB4bLxgR78NT8Haq9Yg,ChIJi1gRqB4bLxgR78NT8Haq9Yg,False
Kapande 2 Bar & Restaurant,Restaurant,"MRM8+Q7V, Unnamed Road, Nairobi, Kenya",,,,,,"https://www.google.com/maps/search/?api=1&query=Kapande%202%20Bar%20%26%20Restaurant&query_place_id=ChIJH5rk9Q4RLxgRerNpT3oiB_0 | https://www.google.com/maps/search/restaurant/@-1.3135946628330823,36.81664691653427,16z?hl=en | https://lh3.googleusercontent.com/gps-cs-s/AHRPTWmEI91cK6qJC-eZgvdCdlFfB5t9MZ3oiLFUyLN2-nykDp6oFxjyxDcfWVqanYsfDgIMl6K5vTfIfygDbOpVig8b_8AuUHAu4gFco98lsCsZyxHFXFXDkxg4X8GiCElLtiUN5_d8yewtdncj=w408-h307-k-no",https://www.google.com/maps/search/?api=1&query=Kapande%202%20Bar%20%26%20Restaurant&query_place_id=ChIJH5rk9Q4RLxgRerNpT3oiB_0,ChIJH5rk9Q4RLxgRerNpT3oiB_0,False
Karen Crescent Hotel,Restaurant,"MP3X+34M, Langata South Road, opposite Tangaza college, Langata, Kenya",,,,,,"https://www.google.com/maps/search/?api=1&query=Karen%20Crescent%20Hotel&query_place_id=ChIJj10oEy4FLxgRGelTzATBs00 | https://www.google.com/maps/search/restaurant/@-1.3479568115007532,36.74790305007943,16z?hl=en | https://lh3.googleusercontent.com/gps-cs-s/AHRPTWk9l9EXm6UsJBfKiCsC279z6Ju4ZVrCxZVW0qxY7x-mZTCcSHeq5OxrzuVF_WStdg8xfl1PwtObtt-tSBA2USlpVfY4n7EkRn77tv3rzScCvEY5p1ajR26sMld5jvtcwY0ArDnXg6IWCzB2=w408-h541-k-no",https://www.google.com/maps/search/?api=1&query=Karen%20Crescent%20Hotel&query_place_id=ChIJj10oEy4FLxgRGelTzATBs00,ChIJj10oEy4FLxgRGelTzATBs00,False
Ket's cafe we deliver,Restaurant,"MQWJ+C4F, Nairobi, Kenya",,,,,,"https://www.google.com/maps/search/?api=1&query=Ket | https://www.google.com/maps/search/restaurant/@-1.2999357,36.7739766,17.00233177367389z?hl=en | https://streetviewpixels-pa.googleapis.com/v1/thumbnail?panoid=XdheKd8znJCa-kkIHUD57w&cb_client=search.gws-prod.gps&w=408&h=240&yaw=144.53528&pitch=0&thumbfov=100",https://www.google.com/maps/search/?api=1&query=Ket's%20cafe%20we%20deliver&query_place_id=ChIJlV0Ph6QbLxgR5KR-45F0Eus,ChIJlV0Ph6QbLxgR5KR-45F0Eus,False
Kiko Restaurant,Restaurant,"Galleria Mall, Langata Rd, Nairobi, Kenya",,,,,,"https://www.google.com/maps/search/?api=1&query=Kiko%20Restaurant&query_place_id=ChIJh8JbPiUFLxgRYD7bfslFv8g | https://www.google.com/maps/search/restaurant/@-1.3307757371669178,36.76508901669314,16z?hl=en | https://lh3.googleusercontent.com/gps-cs-s/AHRPTWmntCNycclDvZD0Z5We3qP-uA0kShIbgypz6FYpPIePQizGhDEhydZ-pIj5lvz2pCQ_3YIEbO7mijcwn9Xo6KA9UjXgEo_UtJ7_uHlnQmiqScTsPiQo8BnhAqoSTGYTKLKUFY33R5wQgNVX=w408-h1133-k-no",https://www.google.com/maps/search/?api=1&query=Kiko%20Restaurant&query_place_id=ChIJh8JbPiUFLxgRYD7bfslFv8g,ChIJh8JbPiUFLxgRYD7bfslFv8g,False
Kilimani Eating Place,Restaurant,"PQ5V+6X5, Jabavu Rd, Nairobi, Kenya",+254 708 676474,,,,,"https://www.google.com/maps/search/?api=1&query=Kilimani%20Eating%20Place&query_place_id=ChIJSXV2hLwQLxgRXF2tTxBmN-w | https://www.google.com/maps/search/restaurant/@-1.296413588499247,36.79946094992056,16z?hl=en | https://lh3.googleusercontent.com/gps-cs-s/AHRPTWkPoBxZt91tZpNlUA8F3SjeFKwGmoGOHxjy6Vsk2raT4BhYKuf3cFPvagPnHfpjqfOamASIh6fEXTqTrJ14iKlBl1Bd5SSO80vbS4C7tAX7gM4IqabUeXNUvU919p_3X6jlfbsR=w408-h306-k-no",https://www.google.com/maps/search/?api=1&query=Kilimani%20Eating%20Place&query_place_id=ChIJSXV2hLwQLxgRXF2tTxBmN-w,ChIJSXV2hLwQLxgRXF2tTxBmN-w,False
KINGARA PROPERTY,Restaurant,"PQ46+6HX, Kingara Rd, Nairobi, Kenya",+254 727 453116,,,,,"https://www.google.com/maps/search/?api=1&query=KINGARA%20PROPERTY&query_place_id=ChIJidCWt2UbLxgRiU7HXDOm18k | https://www.google.com/maps/search/restaurant/@-1.292292,36.7671123,17.00233612829275z?hl=en",https://www.google.com/maps/search/?api=1&query=KINGARA%20PROPERTY&query_place_id=ChIJidCWt2UbLxgRiU7HXDOm18k,ChIJidCWt2UbLxgRiU7HXDOm18k,False
Kingdom Bank Restaurant,Restaurant,"Argwings Kodhek Rd, Nairobi, Kenya",+254 721 252947,,,,,"https://www.google.com/maps/search/?api=1&query=Kingdom%20Bank%20Restaurant&query_place_id=ChIJgwMXvo8RLxgRfYOndFZ9LNY | https://www.google.com/maps/search/restaurant/@-1.296413588499247,36.78227498330685,16z?hl=en | https://streetviewpixels-pa.googleapis.com/v1/thumbnail?panoid=IHYMokfjsjBTsJYEpJm9Uw&cb_client=search.gws-prod.gps&w=408&h=240&yaw=214.62482&pitch=0&thumbfov=100",https://www.google.com/maps/search/?api=1&query=Kingdom%20Bank%20Restaurant&query_place_id=ChIJgwMXvo8RLxgRfYOndFZ9LNY,ChIJgwMXvo8RLxgRfYOndFZ9LNY,False
Kiteje Mosque,Restaurant,"Off Makobo Road Opposite Langata Mosque, Kenya",+254 715 505663,,,,,"https://www.google.com/maps/search/?api=1&query=Kiteje%20Mosque&query_place_id=ChIJO3aNlf0RLxgR4vY2CngPrtE | https://www.google.com/maps/search/restaurant/@-1.3307757371669178,36.78227498330685,16z?hl=en | https://streetviewpixels-pa.googleapis.com/v1/thumbnail?panoid=yVJWSerUshT0xHDXrsXs1A&cb_client=search.gws-prod.gps&w=408&h=240&yaw=95.60782&pitch=0&thumbfov=100",https://www.google.com/maps/search/?api=1&query=Kiteje%20Mosque&query_place_id=ChIJO3aNlf0RLxgR4vY2CngPrtE,ChIJO3aNlf0RLxgR4vY2CngPrtE,False
kitu different,Restaurant,"arcade discount, Nairobi, Kenya",+254 725 179129,,,,,"https://www.google.com/maps/search/?api=1&query=kitu%20different&query_place_id=ChIJBcFnmBgbLxgRdoTHGQ_1EZ8 | https://www.google.com/maps/search/restaurant/@-1.3013050000000002,36.7787164,17.002330990869897z?hl=en | https://lh3.googleusercontent.com/gps-cs-s/AHRPTWlcSDZdqkSOy-RER2vdts35M_L3k6tdR32LOdqdW2JPBIUE9BOC-G4taIaYsNctf2UwVcuYJ8JXetcw9Mt4FU2e3YsWkQCHdQz7bs7MXVqFzffxoueO188k0hzQgl1V9wd7LLAvSGIDisay=w408-h306-k-no",https://www.google.com/maps/search/?api=1&query=kitu%20different&query_place_id=ChIJBcFnmBgbLxgRdoTHGQ_1EZ8,ChIJBcFnmBgbLxgRdoTHGQ_1EZ8,False
Klub Hatrick,Restaurant,"MQFP+F53, Kitengela Rd, Nairobi, Kenya",,,,,,"https://www.google.com/maps/search/?api=1&query=Klub%20Hatrick&query_place_id=ChIJWUskxXQQLxgRktf_3wZASxY | https://www.google.com/maps/search/restaurant/@-1.3307757371669178,36.78227498330685,16z?hl=en | https://lh3.googleusercontent.com/gps-cs-s/AHRPTWnC_tFKdognI2DwXFYRWWPJZk-9CjQJfXc3bEgva7a6ggz9UMg9songMVVDe5EjJeCpxVurJ_JvNy5QmUfjrzr5RmV3FIntlQpELxg3WBqSUexCdkC4CnRN1t7ee_PDPNX8Gn9i=w408-h725-k-no",https://www.google.com/maps/search/?api=1&query=Klub%20Hatrick&query_place_id=ChIJWUskxXQQLxgRktf_3wZASxY,ChIJWUskxXQQLxgRktf_3wZASxY,False
Klub Kalabash,Restaurant,"MPVP+8RJ, Ngong Rd, Nairobi, Kenya",,,,,,"https://www.google.com/maps/search/?api=1&query=Klub%20Kalabash&query_place_id=ChIJeZX02q0bLxgRE_s6mNRUDbc | https://www.google.com/maps/search/restaurant/@-1.3135946628330823,36.73071708346572,16z?hl=en | https://streetviewpixels-pa.googleapis.com/v1/thumbnail?panoid=8qURCtIC3hc8A9ktjwIkUA&cb_client=search.gws-prod.gps&w=408&h=240&yaw=346.19916&pitch=0&thumbfov=100",https://www.google.com/maps/search/?api=1&query=Klub%20Kalabash&query_place_id=ChIJeZX02q0bLxgRE_s6mNRUDbc,ChIJeZX02q0bLxgRE_s6mNRUDbc,False
Kogelo Village Resort,Restaurant,"Alego Usonga, Ngong Rd, Nairobi, Kenya",+254 721 955054,,,,,"https://www.google.com/maps/search/?api=1&query=Kogelo%20Village%20Resort&query_place_id=ChIJ9Tj0bc4bLxgRQhJnOgH9UBU | https://www.google.com/maps/search/restaurant/@-1.3135946628330823,36.73071708346572,16z?hl=en",https://www.google.com/maps/search/?api=1&query=Kogelo%20Village%20Resort&query_place_id=ChIJ9Tj0bc4bLxgRQhJnOgH9UBU,ChIJ9Tj0bc4bLxgRQhJnOgH9UBU,False
Kontainer City Restaurant,Restaurant,"MQWJ+XH7, Lagiri Rd, Nairobi, Kenya",+254 701 746660,,,,,"https://www.google.com/maps/search/?api=1&query=Kontainer%20City%20Restaurant&query_place_id=ChIJy04J3XcaLxgRgZhqr1tvZtQ | https://www.google.com/maps/search/restaurant/@-1.296413588499247,36.78227498330685,16z?hl=en | https://lh3.googleusercontent.com/gps-cs-s/AHRPTWnkJ100rHvIU3M3E73U50yJQZyoCY2nH5AWOQyhqpiprGyRbhQo9aB1egaUZt1wuZE-JRnMGx6ZkR6TxZCFEerqp4eTW5vz7vCSwkFFIui1fCMJOBvpQa28fgqAFNUFbi8VRrze=w408-h544-k-no",https://www.google.com/maps/search/?api=1&query=Kontainer%20City%20Restaurant&query_place_id=ChIJy04J3XcaLxgRgZhqr1tvZtQ,ChIJy04J3XcaLxgRgZhqr1tvZtQ,False
Korosho Grill,Restaurant,"Opposite pizza inn-valley arcade, Hendred Ave, Nairobi, Kenya",+254 740 618060,,,,,"https://www.google.com/maps/search/?api=1&query=Korosho%20Grill&query_place_id=ChIJ51G93F0bLxgRjk2RVl_aGpw | https://www.google.com/maps/search/restaurant/@-1.293340725,36.778052200000005,17.00233553235424z?hl=en | https://lh3.googleusercontent.com/gps-cs-s/AHRPTWnPdlkBxcnXRqBkvIPpiLbfMC9diez3tm5KhOJWFsYHrH5aVLxi2rrK62095gm-lDDcRAJdSSUMGqKQi1GXXgPgcHFUKREHL5QdZlGAS-zgz6a4ROBUt9a6XThHncRbWRKl5oq0AQ=w408-h306-k-no",https://www.google.com/maps/search/?api=1&query=Korosho%20Grill&query_place_id=ChIJ51G93F0bLxgRjk2RVl_aGpw,ChIJ51G93F0bLxgRjk2RVl_aGpw,False
Krash Kitchen,Restaurant,"PQ4J+8P7, Kirichwa Rd, Nairobi, Kenya",,,,,,"https://www.google.com/maps/search/?api=1&query=Krash%20Kitchen&query_place_id=ChIJEU5wGlUbLxgRdkaHKkOYBEo | https://www.google.com/maps/search/restaurant/@-1.293340725,36.778052200000005,17.00233553235424z?hl=en",https://www.google.com/maps/search/?api=1&query=Krash%20Kitchen&query_place_id=ChIJEU5wGlUbLxgRdkaHKkOYBEo,ChIJEU5wGlUbLxgRdkaHKkOYBEo,False
KUAN ZHAI HOUSE寬窄中餐廳,Restaurant,"Nairobi, Kenya",+254 713 012348,,,,,"https://www.google.com/maps/search/?api=1&query=KUAN%20ZHAI%20HOUSE%E5%AF%AC%E7%AA%84%E4%B8%AD%E9%A4%90%E5%BB%B3&query_place_id=ChIJY4-q3G8ZLxgRnE8JhGS35xo | https://www.google.com/maps/search/restaurant/@-1.293340725,36.778052200000005,17.00233553235424z?hl=en | https://lh3.googleusercontent.com/gps-cs-s/AHRPTWlHd-imqghYcRzkk0dtyxuCZ5oxxtfGMvbevTPcN0Y9S321FJGOWC2aBjVTrTAaFHQ9j8x0PRpfihRg759SAg0flFqQB58AdKOUEyj5-i9pKU-7ElbiWCsxqfJHpDr7Cx-3-oQctQ=w408-h306-k-no",https://www.google.com/maps/search/?api=1&query=KUAN%20ZHAI%20HOUSE%E5%AF%AC%E7%AA%84%E4%B8%AD%E9%A4%90%E5%BB%B3&query_place_id=ChIJY4-q3G8ZLxgRnE8JhGS35xo,ChIJY4-q3G8ZLxgRnE8JhGS35xo,False
Kuku Poa Restaurant,Restaurant,"MQRP+XFX, Nairobi City, Kenya",,,,,,"https://www.google.com/maps/search/?api=1&query=Kuku%20Poa%20Restaurant&query_place_id=ChIJy2MVX4EQLxgRJ18mttWp8ik | https://www.google.com/maps/search/restaurant/@-1.3135946628330823,36.78227498330685,16z?hl=en | https://streetviewpixels-pa.googleapis.com/v1/thumbnail?panoid=11Ps5uzQUGRPQZeQfTJytQ&cb_client=search.gws-prod.gps&w=408&h=240&yaw=83.52304&pitch=0&thumbfov=100",https://www.google.com/maps/search/?api=1&query=Kuku%20Poa%20Restaurant&query_place_id=ChIJy2MVX4EQLxgRJ18mttWp8ik,ChIJy2MVX4EQLxgRJ18mttWp8ik,False
Kungfu Restaurant,Restaurant,"Junction Mall, Riara Rd, Nairobi, Kenya",+254 797 021412,,,,,"https://www.google.com/maps/search/?api=1&query=Kungfu%20Restaurant&query_place_id=ChIJs9VbVwAbLxgRamRTVkl1QKg | https://www.google.com/maps/search/restaurant/@-1.296413588499247,36.76508901669314,16z?hl=en | https://lh3.googleusercontent.com/gps-cs-s/AHRPTWnv6y5hoOZXQuPHa_bgbyeNnKezgSV7FDV7zK7Ib1uBazlCjJgPtbj7d4lUuD0FqL8tth2MaHzi1LlsDckOtv1X3KxsI-nZiWO7gTgHoLGroPl3fwu1XH8vCBcKDbQm2r5NKNeztyKUbLu5=w408-h542-k-no",https://www.google.com/maps/search/?api=1&query=Kungfu%20Restaurant&query_place_id=ChIJs9VbVwAbLxgRamRTVkl1QKg,ChIJs9VbVwAbLxgRamRTVkl1QKg,False
Kwa Allan Restaurant,Restaurant,"Nairobi, Kenya",+254 112 557846,,,,,"https://www.google.com/maps/search/?api=1&query=Kwa%20Allan%20Restaurant&query_place_id=ChIJE1oJOQAbLxgRh-gC0jzzAHo | https://www.google.com/maps/search/restaurant/@-1.296413588499247,36.74790305007943,16z?hl=en | https://streetviewpixels-pa.googleapis.com/v1/thumbnail?panoid=WBy1Pedk2e8xk_UobGlLOw&cb_client=search.gws-prod.gps&w=408&h=240&yaw=274.4193&pitch=0&thumbfov=100",https://www.google.com/maps/search/?api=1&query=Kwa%20Allan%20Restaurant&query_place_id=ChIJE1oJOQAbLxgRh-gC0jzzAHo,ChIJE1oJOQAbLxgRh-gC0jzzAHo,False
Kwa Mugo Fries And Snacks,Restaurant,"Nairobi, Kenya",,,,,,"https://www.google.com/maps/search/?api=1&query=Kwa%20Mugo%20Fries%20And%20Snacks&query_place_id=ChIJ3wIhYYcaLxgRD2sUX0-Ei0A | https://www.google.com/maps/search/restaurant/@-1.3135946628330823,36.76508901669314,16z?hl=en | https://streetviewpixels-pa.googleapis.com/v1/thumbnail?panoid=XQY_nuOi3jz87_SuZSehqg&cb_client=search.gws-prod.gps&w=408&h=240&yaw=71.379425&pitch=0&thumbfov=100",https://www.google.com/maps/search/?api=1&query=Kwa%20Mugo%20Fries%20And%20Snacks&query_place_id=ChIJ3wIhYYcaLxgRD2sUX0-Ei0A,ChIJ3wIhYYcaLxgRD2sUX0-Ei0A,False
Kwa Wambua,Restaurant,"JPWV+64J, Bogani Rd, Nairobi, Kenya",,,,,,"https://www.google.com/maps/search/?api=1&query=Kwa%20Wambua&query_place_id=ChIJwYxMqWQFLxgRYIlT40WVxfk | https://www.google.com/maps/search/restaurant/@-1.3479568115007532,36.74790305007943,16z?hl=en | https://streetviewpixels-pa.googleapis.com/v1/thumbnail?panoid=-3C9_GLZ-VF86iMHqL_Bug&cb_client=search.gws-prod.gps&w=408&h=240&yaw=14.435973&pitch=0&thumbfov=100",https://www.google.com/maps/search/?api=1&query=Kwa%20Wambua&query_place_id=ChIJwYxMqWQFLxgRYIlT40WVxfk,ChIJwYxMqWQFLxgRYIlT40WVxfk,False
Kwetu Restaurant,Restaurant,"Nyangumi Rd, Nairobi, Kenya",+254 718 045037,,,,,"https://www.google.com/maps/search/?api=1&query=Kwetu%20Restaurant&query_place_id=ChIJUY5jMG0RLxgRExzNiPX6lZg | https://www.google.com/maps/search/restaurant/@-1.2792325141654115,36.78227498330685,16z?hl=en | https://lh3.googleusercontent.com/gps-cs-s/AHRPTWnAMFrexJqSzZCgWtTJFsRxY7qv_MSS_665i10ocG2LpFe8P8c52q2MTzMIXVEN-IIeiVsp8XFtAfpZOtYS0ZvZ27GQ-rzBYcKZQm1q2FKfw6YDhqaaQF0Xk-EF8HJKZLvZVtKC=w408-h544-k-no",https://www.google.com/maps/search/?api=1&query=Kwetu%20Restaurant&query_place_id=ChIJUY5jMG0RLxgRExzNiPX6lZg,ChIJUY5jMG0RLxgRExzNiPX6lZg,False
KWS Cafeteria,Restaurant,"MQ8J+57M, Nairobi, Kenya",,,,,,"https://www.google.com/maps/search/?api=1&query=KWS%20Cafeteria&query_place_id=ChIJ8Z9M56caLxgRcBukAsQqOfs | https://www.google.com/maps/search/restaurant/@-1.3307757371669178,36.78227498330685,16z?hl=en | https://lh3.googleusercontent.com/gps-cs-s/AHRPTWkuWP8PJf9D7hQk_7cvAr4fGugLfUndK7fAylRoQdLzSuDd4w9ALq-N_ZzY9ohk18Ugg3b9ABUPHFZGV9jUNoTVS_IhOpsB0elavGa0U52meVlFgnJWOk28mNiHYvnQcTmfgta-=w408-h306-k-no",https://www.google.com/maps/search/?api=1&query=KWS%20Cafeteria&query_place_id=ChIJ8Z9M56caLxgRcBukAsQqOfs,ChIJ8Z9M56caLxgRcBukAsQqOfs,False
Kyheo Restaurant,Restaurant,"Nyaku House, Kilimani Argwings Kodhek Rd, Nairobi, North, Kenya",+254 20 5228919,,,,,"https://www.google.com/maps/search/?api=1&query=Kyheo%20Restaurant&query_place_id=ChIJz8rT6yURLxgRppVtCqI13zw | https://www.google.com/maps/search/restaurant/@-1.296413588499247,36.78227498330685,16z?hl=en | https://lh3.googleusercontent.com/gps-proxy/ALd4DhGqcJhVpIG78x-ZBYISxZ6xYBY8taHsmmwtzb0LZEn6hEw9Rs__3S3bm9UURQL35PSd-OdLp1j7tIfZe2OHIOUhW6p0HezAxjqb9ySL4bItTpLdYNxIIkVQA8jEgqIVAr2AQX1Tre1wNMTPXG8n6sW9utkrz6Fu412UyjlFrLnotldkBZdDeu3jBmTyU1qfObz6hJ0=w408-h306-k-no",https://www.google.com/maps/search/?api=1&query=Kyheo%20Restaurant&query_place_id=ChIJz8rT6yURLxgRppVtCqI13zw,ChIJz8rT6yURLxgRppVtCqI13zw,False
Kymm's Gardens,Restaurant,"PQ66+5RX, Gitanga Rd, Nairobi, Kenya",+254 721 121437,,,,,"https://www.google.com/maps/search/?api=1&query=Kymm | https://www.google.com/maps/search/restaurant/@-1.292292,36.7671123,17.00233612829275z?hl=en | https://lh3.googleusercontent.com/gps-cs-s/AHRPTWmynYh98YvY1YXLCZIuvVQ4TkLifuiczwBvMuNkQvT3jpLJdDB97U76S0Itpz_1ZOU_yDZ9LCClWimtmmNvjtz4IUjd_ALDex1WRfvhSyPJY1DroWPNcPuFIKTHgFZXV67hH6HO=w426-h240-k-no",https://www.google.com/maps/search/?api=1&query=Kymm's%20Gardens&query_place_id=ChIJv1nTvRcaLxgR8NNSOd1OyHQ,ChIJv1nTvRcaLxgR8NNSOd1OyHQ,False
"La Bona Elegance Restaurant (Upper hill, Nairobi)",Restaurant,"Menengai Rd, Nairobi, Kenya",+254 796 822227,,,,,"https://www.google.com/maps/search/?api=1&query=La%20Bona%20Elegance%20Restaurant%20(Upper%20hill%2C%20Nairobi)&query_place_id=ChIJ75Wlw_EQLxgRC2JdyLmrwjw | https://www.google.com/maps/search/restaurant/@-1.296413588499247,36.79946094992056,16z?hl=en | https://lh3.googleusercontent.com/gps-cs-s/AHRPTWkqILkcG35QhjN_drC6FreKFCEi2Z7aYhwijau13LNIgKyVQIQw0A1So5gUITDQk26nWcAMNAnEJ6Hd3HW35S_OFo9DisBxE-E5u5ktmutn3ZKjxMHYxeRKO1oQt7pXbJhIt6COXQ=w408-h544-k-no",https://www.google.com/maps/search/?api=1&query=La%20Bona%20Elegance%20Restaurant%20(Upper%20hill%2C%20Nairobi)&query_place_id=ChIJ75Wlw_EQLxgRC2JdyLmrwjw,ChIJ75Wlw_EQLxgRC2JdyLmrwjw,False
La-padella Kitchen,Restaurant,"Kingara Rd, Nairobi, Kenya",+254 748 688688,,,,,"https://www.google.com/maps/search/?api=1&query=La-padella%20Kitchen&query_place_id=ChIJP0wTnzkbLxgR_xiX-mxRuBo | https://www.google.com/maps/search/restaurant/@-1.292292,36.7671123,17.00233612829275z?hl=en | https://lh3.googleusercontent.com/gps-cs-s/AHRPTWkjMv3XEHW0e-8qSmf9NeYF2hrxDNELISQTiHEDMheirTXwxL9akU3RVDxyAc-eZwz6dYpVMz_wDIfgdXke9Hgmee09RevcXu0lhsW7b6juYXJv_ipGOdABaVp_8D7h_9D74Ddq=w408-h408-k-no",https://www.google.com/maps/search/?api=1&query=La-padella%20Kitchen&query_place_id=ChIJP0wTnzkbLxgR_xiX-mxRuBo,ChIJP0wTnzkbLxgR_xiX-mxRuBo,False
LA-WALI DISHES RESTAURANT & CATERING,Restaurant,"53 Ng'ambwa, Nairobi, Kenya",+254 728 911934,,,,,"https://www.google.com/maps/search/?api=1&query=LA-WALI%20DISHES%20RESTAURANT%20%26%20CATERING&query_place_id=ChIJNQvntJsRLxgRDX4px7xBvjI | https://www.google.com/maps/search/restaurant/@-1.3135946628330823,36.81664691653427,16z?hl=en | https://lh3.googleusercontent.com/gps-cs-s/AHRPTWklBAXPwPI4fsUDBzDnU4IpybkFH-CEoChbjCVNovWenoUEXTPXoM6-F-yBjBLb7nJN8fJN1EUvD0cV0nUaHsS_Srw01z2oZAb3MOe54H3ClZOZXu3fdS7F5Sl2wOgAStAFmJguASgZ05Fl=w408-h905-k-no",https://www.google.com/maps/search/?api=1&query=LA-WALI%20DISHES%20RESTAURANT%20%26%20CATERING&query_place_id=ChIJNQvntJsRLxgRDX4px7xBvjI,ChIJNQvntJsRLxgRDX4px7xBvjI,False
Laikiana Fried Chicken,Restaurant,"PQ25+MWQ, Naivasha Rd, Nairobi, Kenya",,,,,,"https://www.google.com/maps/search/?api=1&query=Laikiana%20Fried%20Chicken&query_place_id=ChIJf-b70kEaLxgRgVV-2XMisEY | https://www.google.com/maps/search/restaurant/@-1.30206825,36.7531745,17.002330554175863z?hl=en | https://streetviewpixels-pa.googleapis.com/v1/thumbnail?panoid=3FisLFHvZYD7IwR2i3TV5w&cb_client=search.gws-prod.gps&w=408&h=240&yaw=27.615635&pitch=0&thumbfov=100",https://www.google.com/maps/search/?api=1&query=Laikiana%20Fried%20Chicken&query_place_id=ChIJf-b70kEaLxgRgVV-2XMisEY,ChIJf-b70kEaLxgRgVV-2XMisEY,False
Lakeside Dishes,Restaurant,"MQFM+VVG, Maboko Rd, Nairobi City, Kenya",,,,,,"https://www.google.com/maps/search/?api=1&query=Lakeside%20Dishes&query_place_id=ChIJizaR_XQQLxgRuT9ISh7mSho | https://www.google.com/maps/search/restaurant/@-1.3307757371669178,36.78227498330685,16z?hl=en | https://streetviewpixels-pa.googleapis.com/v1/thumbnail?panoid=0pFNw_9QI24822PWwM8UDw&cb_client=search.gws-prod.gps&w=408&h=240&yaw=11.842372&pitch=0&thumbfov=100",https://www.google.com/maps/search/?api=1&query=Lakeside%20Dishes&query_place_id=ChIJizaR_XQQLxgRuT9ISh7mSho,ChIJizaR_XQQLxgRuT9ISh7mSho,False
Langi Langi Bar & Restaurant,Restaurant,"59895 Woodlands Ln, Nairobi, Kenya",,,,,,"https://www.google.com/maps/search/?api=1&query=Langi%20Langi%20Bar%20%26%20Restaurant&query_place_id=ChIJz8ghdr4QLxgRxobYLCy9qIY | https://www.google.com/maps/search/restaurant/@-1.296413588499247,36.79946094992056,16z?hl=en | https://lh3.googleusercontent.com/gps-cs-s/AHRPTWk3lmIyshU3erW1u_POVGe55XDXYkASFxoYjXODobDaovl3t8FZg-Vl5KasuvBoNMRBtnfR7xOdaeYPp7aygTE1VwDBdTNPgLo62nR9RYt0zDPAtmHJvGN01wwkYc9uEHqGzxP0=w420-h240-k-no",https://www.google.com/maps/search/?api=1&query=Langi%20Langi%20Bar%20%26%20Restaurant&query_place_id=ChIJz8ghdr4QLxgRxobYLCy9qIY,ChIJz8ghdr4QLxgRxobYLCy9qIY,False
Laziza Gifted Hand Restaurant,Restaurant,"adams arcade, Nairobi, Kenya",+254 791 861404,,,,,"https://www.google.com/maps/search/?api=1&query=Laziza%20Gifted%20Hand%20Restaurant&query_place_id=ChIJufeBFgAbLxgR3uvL2hvRD2g | https://www.google.com/maps/search/restaurant/@-1.296413588499247,36.76508901669314,16z?hl=en | https://lh3.googleusercontent.com/gps-cs-s/AHRPTWlEMB0LBeJS3ZXE6YKjkZEFeANmYTO8jeHhVIOCiSa0JBKcUzT1oFte2XheQThk2lz-GFtha6JqRWS4iyGsbDeQxCqoEGTuTqU2monRAN-LN63bk0h8h_IX5mra-t4Ue5gzQUzN=w408-h408-k-no",https://www.google.com/maps/search/?api=1&query=Laziza%20Gifted%20Hand%20Restaurant&query_place_id=ChIJufeBFgAbLxgR3uvL2hvRD2g,ChIJufeBFgAbLxgR3uvL2hvRD2g,False
Le palanka restaurant,Restaurant,"46 Gitanga Rd, Nairobi, Kenya",+254 711 444440,,,,,"https://www.google.com/maps/search/?api=1&query=Le%20palanka%20restaurant&query_place_id=ChIJ-bBfq3UbLxgR0c9zNydmqmY | https://www.google.com/maps/search/restaurant/@-1.296413588499247,36.76508901669314,16z?hl=en | https://streetviewpixels-pa.googleapis.com/v1/thumbnail?panoid=jgRoxsncKOvR_WN1rzR1xQ&cb_client=search.gws-prod.gps&w=408&h=240&yaw=176.7631&pitch=0&thumbfov=100",https://www.google.com/maps/search/?api=1&query=Le%20palanka%20restaurant&query_place_id=ChIJ-bBfq3UbLxgR0c9zNydmqmY,ChIJ-bBfq3UbLxgR0c9zNydmqmY,False
Leaders Chips&Chicken,Restaurant,"MPWV+X66, Nairobi, Kenya",,,,,,"https://www.google.com/maps/search/?api=1&query=Leaders%20Chips%26Chicken&query_place_id=ChIJcw6JyU0aLxgRsqY93Y7W5ak | https://www.google.com/maps/search/restaurant/@-1.296413588499247,36.73071708346572,16z?hl=en | https://streetviewpixels-pa.googleapis.com/v1/thumbnail?panoid=7_K-DQUvrmAe2ynLxw35Aw&cb_client=search.gws-prod.gps&w=408&h=240&yaw=168.65353&pitch=0&thumbfov=100",https://www.google.com/maps/search/?api=1&query=Leaders%20Chips%26Chicken&query_place_id=ChIJcw6JyU0aLxgRsqY93Y7W5ak,ChIJcw6JyU0aLxgRsqY93Y7W5ak,False
Ledet Bar and Restaurant,Restaurant,"PQ4R+PXF, Argwings Kodhek Rd, Nairobi, Kenya",+254 792 405638,,,,,"https://www.google.com/maps/search/?api=1&query=Ledet%20Bar%20and%20Restaurant&query_place_id=ChIJ7-lO-0URLxgRuEIhzOk7izU | https://www.google.com/maps/search/restaurant/@-1.296413588499247,36.78227498330685,16z?hl=en | https://lh3.googleusercontent.com/gps-cs-s/AHRPTWm3LFTLB5bLws_3g6QafhYoLBlKQ9V5NJ4cvH3YJ0TfIyk75i8_wJWE_PiCZPhIeFJ3SLtRnmlrgx0k3iboIW6iVO0h_hUFH3N-B-SxBfcBmWD5yy0IttMmtQu259tOR9B8duEBNg_shZAT=w426-h240-k-no",https://www.google.com/maps/search/?api=1&query=Ledet%20Bar%20and%20Restaurant&query_place_id=ChIJ7-lO-0URLxgRuEIhzOk7izU,ChIJ7-lO-0URLxgRuEIhzOk7izU,False
Leilaz Kitchen,Restaurant,"Nairobi, Kenya",,,,,,"https://www.google.com/maps/search/?api=1&query=Leilaz%20Kitchen&query_place_id=ChIJRTX_kHwaLxgRHKO5yvmHc3Q | https://www.google.com/maps/search/restaurant/@-1.3135946628330823,36.76508901669314,16z?hl=en | https://streetviewpixels-pa.googleapis.com/v1/thumbnail?panoid=IWdZYRcxloTAimR2CMZN5w&cb_client=search.gws-prod.gps&w=408&h=240&yaw=266.65143&pitch=0&thumbfov=100",https://www.google.com/maps/search/?api=1&query=Leilaz%20Kitchen&query_place_id=ChIJRTX_kHwaLxgRHKO5yvmHc3Q,ChIJRTX_kHwaLxgRHKO5yvmHc3Q,False
LEMOCKA RESTAURANT,Restaurant,"PQ2R+673, Ngong Rd, Nairobi, Kenya",+254 704 890795,,,,,"https://www.google.com/maps/search/?api=1&query=LEMOCKA%20RESTAURANT&query_place_id=ChIJBwLUh5kQLxgRDk9ui4RoE8M | https://www.google.com/maps/search/restaurant/@-1.296413588499247,36.78227498330685,16z?hl=en | https://streetviewpixels-pa.googleapis.com/v1/thumbnail?panoid=st6hnRIM58AhhmZiaAkt6Q&cb_client=search.gws-prod.gps&w=408&h=240&yaw=91.27346&pitch=0&thumbfov=100",https://www.google.com/maps/search/?api=1&query=LEMOCKA%20RESTAURANT&query_place_id=ChIJBwLUh5kQLxgRDk9ui4RoE8M,ChIJBwLUh5kQLxgRDk9ui4RoE8M,False
Leon Villas Bar & Restaurant,Restaurant,"Leon Villas Guesthouse, Ngong Road, Kenya",+254 104 310942,,,,,"https://www.google.com/maps/search/?api=1&query=Leon%20Villas%20Bar%20%26%20Restaurant&query_place_id=ChIJwaHDrSARLxgRV__CDx2vvhY | https://www.google.com/maps/search/restaurant/@-1.296413588499247,36.78227498330685,16z?hl=en | https://lh3.googleusercontent.com/gps-cs-s/AHRPTWkE5eHR-GDes6pcV84waVUgrcIsfn374cvm9TgimuXLcb5xbBLC3KZVWNVj7ZS_J01D9rb9WOFPagd-ZCsXZbAHC55ebX5O5xRZ7IzERJkfUof4C4v7ZGfHjx-LsXsO9gbY6uTZ=w408-h272-k-no",https://www.google.com/maps/search/?api=1&query=Leon%20Villas%20Bar%20%26%20Restaurant&query_place_id=ChIJwaHDrSARLxgRV__CDx2vvhY,ChIJwaHDrSARLxgRV__CDx2vvhY,False
Little joe restaurant,Restaurant,"Kogo Star Plaza, Mai Mahiu Rd, Nairobi, Kenya",+254 20 6005045,,,,,"https://www.google.com/maps/search/?api=1&query=Little%20joe%20restaurant&query_place_id=ChIJF4FEl5MRLxgRnlwtDtWcXy4 | https://www.google.com/maps/search/restaurant/@-1.3135946628330823,36.81664691653427,16z?hl=en | https://streetviewpixels-pa.googleapis.com/v1/thumbnail?panoid=_BgoZ8TJMsom8CvPTEGD8g&cb_client=search.gws-prod.gps&w=408&h=240&yaw=293.42908&pitch=0&thumbfov=100",https://www.google.com/maps/search/?api=1&query=Little%20joe%20restaurant&query_place_id=ChIJF4FEl5MRLxgRnlwtDtWcXy4,ChIJF4FEl5MRLxgRnlwtDtWcXy4,False
Lost Woods,Restaurant,"Muthangari Gardens, Nairobi, Kenya",+254 700 579918,,,,,"https://www.google.com/maps/search/?api=1&query=Lost%20Woods&query_place_id=ChIJg-RBShUbLxgRunAJ_uZjDxI | https://www.google.com/maps/search/restaurant/@-1.296413588499247,36.76508901669314,16z?hl=en | https://lh3.googleusercontent.com/gps-cs-s/AHRPTWlXQevK3sac_w6_-IPChJ0YsrwpVUe22YSf66oFRgb-jc6EJciWohsVbc1kQXl4EWen3NRxyIB_-MZhjQxhD666009fv6zwWW850mceYkIEzdK0ed2vi5X74Vaut7gJdY_yt_iqxt9vOYuk=w408-h306-k-no",https://www.google.com/maps/search/?api=1&query=Lost%20Woods&query_place_id=ChIJg-RBShUbLxgRunAJ_uZjDxI,ChIJg-RBShUbLxgRunAJ_uZjDxI,False
Lulu Restaurant,Restaurant,"Nairobi West, Joseph Kangethe Rd, Kenya",+254 700 091999,,,,,"https://www.google.com/maps/search/?api=1&query=Lulu%20Restaurant&query_place_id=ChIJl-ajEVgbLxgRoCeo-T824-I | https://www.google.com/maps/search/restaurant/@-1.296413588499247,36.76508901669314,16z?hl=en | https://streetviewpixels-pa.googleapis.com/v1/thumbnail?panoid=K0nl0Sk97LFR3TJniaoe1w&cb_client=search.gws-prod.gps&w=408&h=240&yaw=255.01306&pitch=0&thumbfov=100",https://www.google.com/maps/search/?api=1&query=Lulu%20Restaurant&query_place_id=ChIJl-ajEVgbLxgRoCeo-T824-I,ChIJl-ajEVgbLxgRoCeo-T824-I,False
Lunch King Kenya,Restaurant,"Suguta Center, Suguta Rd, Nairobi, Kenya",+254 768 462008,,,,,"https://www.google.com/maps/search/?api=1&query=Lunch%20King%20Kenya&query_place_id=ChIJB0ppyYIbLxgRaXME-KYP3xM | https://www.google.com/maps/search/restaurant/@-1.2895935545454547,36.773318836363636,17.002337659462743z?hl=en | https://lh3.googleusercontent.com/gps-cs-s/AHRPTWlCCJlMHR6_pxe2EcLFdx5DjXJE3ytp_O2S7JoYWTsFeIUXMDSUlF2ab-LhOgmq5MID63cVpjcBvcgj4h-4v34oLrUJTXCwdmIrkHyiMtG2RIZXTiaQzT75TSDA9CoLdZTKB71M3IGRnGw=w408-h306-k-no",https://www.google.com/maps/search/?api=1&query=Lunch%20King%20Kenya&query_place_id=ChIJB0ppyYIbLxgRaXME-KYP3xM,ChIJB0ppyYIbLxgRaXME-KYP3xM,False
Lunch with Joseph,Restaurant,"PQ3G+VPX, Ndemi Rd, Nairobi, Kenya",,,,,,"https://www.google.com/maps/search/?api=1&query=Lunch%20with%20Joseph&query_place_id=ChIJV01eVAAbLxgRo5po2zJ0or0 | https://www.google.com/maps/search/restaurant/@-1.2955217,36.7736869,17.002334291465527z?hl=en | https://streetviewpixels-pa.googleapis.com/v1/thumbnail?panoid=ZtYl_518Az-S_7zqSO-W2g&cb_client=search.gws-prod.gps&w=408&h=240&yaw=86.0202&pitch=0&thumbfov=100",https://www.google.com/maps/search/?api=1&query=Lunch%20with%20Joseph&query_place_id=ChIJV01eVAAbLxgRo5po2zJ0or0,ChIJV01eVAAbLxgRo5po2zJ0or0,False
Lush Foods,Restaurant,"MQXH+JQF, Suna Rd, Nairobi, Kenya",+254 721 307567,,,,,"https://www.google.com/maps/search/?api=1&query=Lush%20Foods&query_place_id=ChIJi7TXXnYaLxgRKcx8WWFegRc | https://www.google.com/maps/search/restaurant/@-1.2999357,36.7739766,17.00233177367389z?hl=en | https://streetviewpixels-pa.googleapis.com/v1/thumbnail?panoid=HyMHBGnM1yFoSL0hI-L2rg&cb_client=search.gws-prod.gps&w=408&h=240&yaw=253.67566&pitch=0&thumbfov=100",https://www.google.com/maps/search/?api=1&query=Lush%20Foods&query_place_id=ChIJi7TXXnYaLxgRKcx8WWFegRc,ChIJi7TXXnYaLxgRKcx8WWFegRc,False
M'baba Restaurant,Restaurant,"Canaan Estate Gate B, Nairobi, Kenya",+254 797 222665,,,,,"https://www.google.com/maps/search/?api=1&query=M | https://www.google.com/maps/search/restaurant/@-1.3135946628330823,36.81664691653427,16z?hl=en | https://streetviewpixels-pa.googleapis.com/v1/thumbnail?panoid=Is7KlXfaWwA2S6zL1AmHoA&cb_client=search.gws-prod.gps&w=408&h=240&yaw=316.72406&pitch=0&thumbfov=100",https://www.google.com/maps/search/?api=1&query=M'baba%20Restaurant&query_place_id=ChIJf29j-JIRLxgRktX2XW2W5rs,ChIJf29j-JIRLxgRktX2XW2W5rs,False
Maaha Lounge and Restaurant,Restaurant,"75, Kenya",+254 112 221561,,,,,"https://www.google.com/maps/search/?api=1&query=Maaha%20Lounge%20and%20Restaurant&query_place_id=ChIJzew5SKkRLxgRq1DygkIJt08 | https://www.google.com/maps/search/restaurant/@-1.2792325141654115,36.76508901669314,16z?hl=en | https://lh3.googleusercontent.com/gps-cs-s/AHRPTWkXdVhbf7EtnaF2aFs66OJbWwbjXMXEgK6dbkYzrO7TAOoTOeiApWbTLyQfnYqDDhKbY1R1-i9I50wtPusaVNiprN-5cHGWjcTHsascFsI2Ud5kYXqfON79QT-hVTHLrreO4CfC=w408-h306-k-no",https://www.google.com/maps/search/?api=1&query=Maaha%20Lounge%20and%20Restaurant&query_place_id=ChIJzew5SKkRLxgRq1DygkIJt08,ChIJzew5SKkRLxgRq1DygkIJt08,False
Mac Foods,Restaurant,"Woodley Mart, Nairobi, Kenya",+254 722 982149,,,,,"https://www.google.com/maps/search/?api=1&query=Mac%20Foods&query_place_id=ChIJJ3QFs3caLxgRpB_LRzMG3F0 | https://www.google.com/maps/search/restaurant/@-1.2999357,36.7739766,17.00233177367389z?hl=en | https://lh3.googleusercontent.com/gps-proxy/ALd4DhFDTpL0jHTORV5izyyD2TyxmMwrHxU32mGbfJCdDvBsOdPyCmJsztTf7b_iEI0ELtLbuscfaVTlziMUNt1w83GlXL5S-m8hrrIe0Av7vg7K0ZkT_Cx3ibZxj-FAORfTb4mrFAmtBfD6DnJhYjujp_dD7jYEMxL2X7b5-DeCa3rs41F7aZ-BxtNlfR-gJBmKAS3iR6o=w408-h306-k-no",https://www.google.com/maps/search/?api=1&query=Mac%20Foods&query_place_id=ChIJJ3QFs3caLxgRpB_LRzMG3F0,ChIJJ3QFs3caLxgRpB_LRzMG3F0,False
Macao Restaurant,Restaurant,"Kindaruma Rd, Nairobi, Kenya",+254 798 303555,,,,,"https://www.google.com/maps/search/?api=1&query=Macao%20Restaurant&query_place_id=ChIJZfphav8bLxgRG2NOj1xETy4 | https://www.google.com/maps/search/restaurant/@-1.296413588499247,36.78227498330685,16z?hl=en | https://lh3.googleusercontent.com/gps-cs-s/AHRPTWkf6LK6L6gmvDd8rxB8fvumRtTkG7wkAFV-x8FgmMgdCQdKApfUwL6_okKW6cVs1d0oRLh5aaU9F6YWsSrBZn1d5kUe6dfOh2x1jjmDq9xadnQ6vpH6hzzNK8HpW_1AXa7Xcio=w408-h306-k-no",https://www.google.com/maps/search/?api=1&query=Macao%20Restaurant&query_place_id=ChIJZfphav8bLxgRG2NOj1xETy4,ChIJZfphav8bLxgRG2NOj1xETy4,False
Maggies Restaurant,Restaurant,"MQ7J+6MM, Nairobi, Kenya",,,,,,"https://www.google.com/maps/search/?api=1&query=Maggies%20Restaurant&query_place_id=ChIJ79YN1KkaLxgRyJymQFKmXzI | https://www.google.com/maps/search/restaurant/@-1.3307757371669178,36.78227498330685,16z?hl=en | https://lh3.googleusercontent.com/gps-cs-s/AHRPTWmcDNSTbIsEFossETTrgBvLgLWN6dYgpsgbzz631UOfkHqn52My0D_qYufzKpcNeMQVnBo8S1UNfDuZ7EGq1wCbNCeqog8KDWoL763BXXQjxjZlGRFzir-M_S9lZHhq8rIqnLovyg=w408-h306-k-no",https://www.google.com/maps/search/?api=1&query=Maggies%20Restaurant&query_place_id=ChIJ79YN1KkaLxgRyJymQFKmXzI,ChIJ79YN1KkaLxgRyJymQFKmXzI,False
Magnet Restaurant,Restaurant,"Dagoreti North, Kenya",+254 715 360920,,,,,"https://www.google.com/maps/search/?api=1&query=Magnet%20Restaurant&query_place_id=ChIJTWrv-L8RLxgR2lUPuq1S5XI | https://www.google.com/maps/search/restaurant/@-1.296413588499247,36.78227498330685,16z?hl=en | https://lh3.googleusercontent.com/gps-cs-s/AHRPTWkB7tk1VFGjBheqOU1RhL3zv_73AMW5RGX6ozy0Pur0DkjeZVGcsotjrpo3_tYXv4s8dPSjjxNutXzlE6JBORrBOQilqzjJDO7kIMH8oJkadKNBDciVdRgEZ2KqfEQG-luUH88UXQ=w426-h240-k-no",https://www.google.com/maps/search/?api=1&query=Magnet%20Restaurant&query_place_id=ChIJTWrv-L8RLxgR2lUPuq1S5XI,ChIJTWrv-L8RLxgR2lUPuq1S5XI,False
Mama Nitilie Eating Palour,Restaurant,"Nairobi, Kenya",,,,,,"https://www.google.com/maps/search/?api=1&query=Mama%20Nitilie%20Eating%20Palour&query_place_id=ChIJ8TMHxX0aLxgRm2Pec3duVTI | https://www.google.com/maps/search/restaurant/@-1.3135946628330823,36.76508901669314,16z?hl=en | https://streetviewpixels-pa.googleapis.com/v1/thumbnail?panoid=SatnGekykJyHG3F031p_pQ&cb_client=search.gws-prod.gps&w=408&h=240&yaw=337.61685&pitch=0&thumbfov=100",https://www.google.com/maps/search/?api=1&query=Mama%20Nitilie%20Eating%20Palour&query_place_id=ChIJ8TMHxX0aLxgRm2Pec3duVTI,ChIJ8TMHxX0aLxgRm2Pec3duVTI,False
Mama Oliech Fish Take Out,Restaurant,"PQ46+JM2, Kingara Rd, Nairobi, Kenya",+254 701 707070,,,,,"https://www.google.com/maps/search/?api=1&query=Mama%20Oliech%20Fish%20Take%20Out&query_place_id=ChIJb7GzlRUaLxgRJ27EHCau3Lc | https://www.google.com/maps/search/restaurant/@-1.292292,36.7671123,17.00233612829275z?hl=en | https://streetviewpixels-pa.googleapis.com/v1/thumbnail?panoid=duebaKvGcqlRH7k83LB_Hw&cb_client=search.gws-prod.gps&w=408&h=240&yaw=106.28529&pitch=0&thumbfov=100",https://www.google.com/maps/search/?api=1&query=Mama%20Oliech%20Fish%20Take%20Out&query_place_id=ChIJb7GzlRUaLxgRJ27EHCau3Lc,ChIJb7GzlRUaLxgRJ27EHCau3Lc,False
Mama Oliech Restaurant,Restaurant,"Olympic House, Nairobi, Kenya",,,,,,"https://www.google.com/maps/search/?api=1&query=Mama%20Oliech%20Restaurant&query_place_id=ChIJO3JlJn4aLxgRrIpePvufu8w | https://www.google.com/maps/search/restaurant/@-1.3135946628330823,36.76508901669314,16z?hl=en | https://lh3.googleusercontent.com/gps-cs-s/AHRPTWkOItdHeTgjnUHFyaRPNFovjpbYivFHTzTRdKGDvjIuIf8STk_K3fd-TtpRTG6j-I765XR62UBD6EBLNVpz3-R0Pdj3oIyhePOKp5wBp-cwGolHyWvj_b5i3PwjnZPvSuucwQwIaA=w426-h240-k-no",https://www.google.com/maps/search/?api=1&query=Mama%20Oliech%20Restaurant&query_place_id=ChIJO3JlJn4aLxgRrIpePvufu8w,ChIJO3JlJn4aLxgRrIpePvufu8w,False
MAMA SHAWN,Restaurant,"PP4Q+4CW, Ngotho Rd, Nairobi, Kenya",,,,,,"https://www.google.com/maps/search/?api=1&query=MAMA%20SHAWN&query_place_id=ChIJle7y1cobLxgRS5vCQR_78mM | https://www.google.com/maps/search/restaurant/@-1.296413588499247,36.73071708346572,16z?hl=en | https://streetviewpixels-pa.googleapis.com/v1/thumbnail?panoid=aXSle8WGJCmE1b4tExB-uw&cb_client=search.gws-prod.gps&w=408&h=240&yaw=281.9169&pitch=0&thumbfov=100",https://www.google.com/maps/search/?api=1&query=MAMA%20SHAWN&query_place_id=ChIJle7y1cobLxgRS5vCQR_78mM,ChIJle7y1cobLxgRS5vCQR_78mM,False
Manara Restaurant,Restaurant,"Gitanga Rd, Nairobi, Kenya",+254 798 122122,,,,,"https://www.google.com/maps/search/?api=1&query=Manara%20Restaurant&query_place_id=ChIJkwcjLqAbLxgRfEhldJm15b4 | https://www.google.com/maps/search/restaurant/@-1.296413588499247,36.76508901669314,16z?hl=en | https://lh3.googleusercontent.com/gps-cs-s/AHRPTWm-aLs9IdtTzDKIBfYRvdNS2p7-busF6RlAyybvYzNlTA1nQdSa8B6n6aW1PhmvcITGdk6S4buAG85EReaq1XNirsTxtTcDqxxQASgS2LPs3yuzkKkZyccoNef8KSRpEFcbbnqc=w408-h306-k-no",https://www.google.com/maps/search/?api=1&query=Manara%20Restaurant&query_place_id=ChIJkwcjLqAbLxgRfEhldJm15b4,ChIJkwcjLqAbLxgRfEhldJm15b4,False
Maple Oven Restaurant,Restaurant,"Kabarnet Rd, Nairobi, Kenya",+254 722 563756,,,,,"https://www.google.com/maps/search/?api=1&query=Maple%20Oven%20Restaurant&query_place_id=ChIJAQALcNgbLxgRuVOLNsrLz3g | https://www.google.com/maps/search/restaurant/@-1.296413588499247,36.78227498330685,16z?hl=en | https://lh3.googleusercontent.com/gps-cs-s/AHRPTWmPDw-Ezzbrx-vA0vTBNuYQOqV0oqrc6jJQb2COADo8usnK2rah5UI4v8l7fK20P5oMJWlc3fModhdst885qaufufPBn_r_sD7gSgEjWv5roF1UDVXKYNWiDx15Z98tsyTdpqRGVA=w471-h240-k-no",https://www.google.com/maps/search/?api=1&query=Maple%20Oven%20Restaurant&query_place_id=ChIJAQALcNgbLxgRuVOLNsrLz3g,ChIJAQALcNgbLxgRuVOLNsrLz3g,False
Maria'z Deli,Restaurant,"Ndemi road, Muringa Rd, Nairobi, Kenya",+254 790 163132,,,,,"https://www.google.com/maps/search/?api=1&query=Maria | https://www.google.com/maps/search/restaurant/@-1.293340725,36.778052200000005,17.00233553235424z?hl=en | https://lh3.googleusercontent.com/gps-cs-s/AHRPTWnXfIYhHe3SMYbykZrGHoRCLA52TVdsMvXsmM-aPWyC7zKz5JyZmJS1OCRdADwrtwu1tLNQH4ntAguxuZXVmojX_74Znz4uU6NaifH-SD9TpNTBJMePEmutoM76PE3kwfkychgkdEYulhaa=w408-h306-k-no",https://www.google.com/maps/search/?api=1&query=Maria'z%20Deli&query_place_id=ChIJvwukMi8bLxgRIkdF6GTEO2c,ChIJvwukMi8bLxgRIkdF6GTEO2c,False
Mariahj Collections,Restaurant,"Ngong Road Adams Arcade Roundabout Starehe, Kenya",+254 732 810663,,,,,"https://www.google.com/maps/search/?api=1&query=Mariahj%20Collections&query_place_id=ChIJy-1vwMEbLxgR6ZcAC14WnTM | https://www.google.com/maps/search/restaurant/@-1.2999357,36.7739766,17.00233177367389z?hl=en",https://www.google.com/maps/search/?api=1&query=Mariahj%20Collections&query_place_id=ChIJy-1vwMEbLxgR6ZcAC14WnTM,ChIJy-1vwMEbLxgR6ZcAC14WnTM,False
MARSUL SWAHILI DISHES,Restaurant,"Nairobi, Kenya",,,,,,"https://www.google.com/maps/search/?api=1&query=MARSUL%20SWAHILI%20DISHES&query_place_id=ChIJy7EtM3IQLxgRSOuLMI5fZ4A | https://www.google.com/maps/search/restaurant/@-1.3307757371669178,36.78227498330685,16z?hl=en | https://streetviewpixels-pa.googleapis.com/v1/thumbnail?panoid=DPU0YrEFyOu2nMubTIZnUg&cb_client=search.gws-prod.gps&w=408&h=240&yaw=2.9165576&pitch=0&thumbfov=100",https://www.google.com/maps/search/?api=1&query=MARSUL%20SWAHILI%20DISHES&query_place_id=ChIJy7EtM3IQLxgRSOuLMI5fZ4A,ChIJy7EtM3IQLxgRSOuLMI5fZ4A,False
MARVELOUS FRIES,Restaurant,"Nairobi, Kenya",,,,,,"https://www.google.com/maps/search/?api=1&query=MARVELOUS%20FRIES&query_place_id=ChIJh7c62IYaLxgRqU4-jJ46EoU | https://www.google.com/maps/search/restaurant/@-1.3135946628330823,36.76508901669314,16z?hl=en | https://streetviewpixels-pa.googleapis.com/v1/thumbnail?panoid=5OkV7WAHELRZzBoq2837jQ&cb_client=search.gws-prod.gps&w=408&h=240&yaw=274.36588&pitch=0&thumbfov=100",https://www.google.com/maps/search/?api=1&query=MARVELOUS%20FRIES&query_place_id=ChIJh7c62IYaLxgRqU4-jJ46EoU,ChIJh7c62IYaLxgRqU4-jJ46EoU,False
MARY BAR & RESTAURANT,Restaurant,"1 Mama Wahu Rd, Nairobi, Kenya",,,,,,"https://www.google.com/maps/search/?api=1&query=MARY%20BAR%20%26%20RESTAURANT&query_place_id=ChIJH-EE0k0aLxgRk2SqzRe2AqQ | https://www.google.com/maps/search/restaurant/@-1.296413588499247,36.73071708346572,16z?hl=en | https://lh3.googleusercontent.com/gps-cs-s/AHRPTWnki0OnzSvhAxdRa3hBaBTenbR7kL7pQcKlnpf7PGA8l0xEmr4MM8Bj7eJoTZiXhuz8Hxbki_1cbj1HPHy7pCNXWvvjK_GzNygsSsg7QSgrUcnCA_B7w0qxrEBUUDIplyjwyHwN=w408-h408-k-no",https://www.google.com/maps/search/?api=1&query=MARY%20BAR%20%26%20RESTAURANT&query_place_id=ChIJH-EE0k0aLxgRk2SqzRe2AqQ,ChIJH-EE0k0aLxgRk2SqzRe2AqQ,False
Maslah Eating Point,Restaurant,"Nairobi, Kenya",,,,,,"https://www.google.com/maps/search/?api=1&query=Maslah%20Eating%20Point&query_place_id=ChIJKdUxb54aLxgRGV5tq_d5jq4 | https://www.google.com/maps/search/restaurant/@-1.3307757371669178,36.78227498330685,16z?hl=en | https://streetviewpixels-pa.googleapis.com/v1/thumbnail?panoid=244VfShR4xXZlBm31Y6xWg&cb_client=search.gws-prod.gps&w=408&h=240&yaw=71.68641&pitch=0&thumbfov=100",https://www.google.com/maps/search/?api=1&query=Maslah%20Eating%20Point&query_place_id=ChIJKdUxb54aLxgRGV5tq_d5jq4,ChIJKdUxb54aLxgRGV5tq_d5jq4,False
MAURICE'S RESTAURANT,Restaurant,"Nairobi, Kenya",,,,,,"https://www.google.com/maps/search/?api=1&query=MAURICE | https://www.google.com/maps/search/restaurant/@-1.3135946628330823,36.81664691653427,16z?hl=en | https://streetviewpixels-pa.googleapis.com/v1/thumbnail?panoid=TF5-yARZ0b5jO2XnnTtAQA&cb_client=search.gws-prod.gps&w=408&h=240&yaw=301.34442&pitch=0&thumbfov=100",https://www.google.com/maps/search/?api=1&query=MAURICE'S%20RESTAURANT&query_place_id=ChIJ6zMXh14QLxgRyh3OiR9y_Js,ChIJ6zMXh14QLxgRyh3OiR9y_Js,False
Mavia Meu BMwau Valley,Restaurant,"Makongo Catholic School For The Deaf, Machakos Wote Rd, Nairobi, Kenya",+254 708 141777,,,,,"https://www.google.com/maps/search/?api=1&query=Mavia%20Meu%20BMwau%20Valley&query_place_id=ChIJAQBAqacQLxgRW4eHn6gOnXQ | https://www.google.com/maps/search/restaurant/@-1.293340725,36.778052200000005,17.00233553235424z?hl=en | https://streetviewpixels-pa.googleapis.com/v1/thumbnail?panoid=TvES9do-AngH2GKXf_x7tg&cb_client=search.gws-prod.gps&w=408&h=240&yaw=200.27089&pitch=0&thumbfov=100",https://www.google.com/maps/search/?api=1&query=Mavia%20Meu%20BMwau%20Valley&query_place_id=ChIJAQBAqacQLxgRW4eHn6gOnXQ,ChIJAQBAqacQLxgRW4eHn6gOnXQ,False
Max Kitchen,Restaurant,"PQ25+PQW, Naivasha Rd, Nairobi, Kenya",,,,,,"https://www.google.com/maps/search/?api=1&query=Max%20Kitchen&query_place_id=ChIJb2EyM0AaLxgRyyjQKE1USh8 | https://www.google.com/maps/search/restaurant/@-1.30206825,36.7531745,17.002330554175863z?hl=en | https://streetviewpixels-pa.googleapis.com/v1/thumbnail?panoid=fsWak9liR3m_NMJQlg5ILQ&cb_client=search.gws-prod.gps&w=408&h=240&yaw=11.344549&pitch=0&thumbfov=100",https://www.google.com/maps/search/?api=1&query=Max%20Kitchen&query_place_id=ChIJb2EyM0AaLxgRyyjQKE1USh8,ChIJb2EyM0AaLxgRyyjQKE1USh8,False
Mbuzi Munch Galleria,Restaurant,"Galleria Mall, Langata Rd, Nairobi, Kenya",+254 794 587187,,,,,"https://www.google.com/maps/search/?api=1&query=Mbuzi%20Munch%20Galleria&query_place_id=ChIJPwcVkhQFLxgRNG3_q98ci5s | https://www.google.com/maps/search/restaurant/@-1.3479568115007532,36.78227498330685,16z?hl=en | https://lh3.googleusercontent.com/gps-cs-s/AHRPTWkoaB6aON2TsHc69x5qboPnvJToWmzzPuHFMNsReUaEX5KxENLeQrnIJ7f_tNL00cgYG3L8h9oDaQ-hhPo9aq6DuBtpnxirbm0uMpCMVqba9cKX95z59QNfUt0chv4-zNr260odJA=w408-h306-k-no",https://www.google.com/maps/search/?api=1&query=Mbuzi%20Munch%20Galleria&query_place_id=ChIJPwcVkhQFLxgRNG3_q98ci5s,ChIJPwcVkhQFLxgRNG3_q98ci5s,False
Mbuzi Steak Liver,Restaurant,"Nairobi, Kenya",,,,,,"https://www.google.com/maps/search/?api=1&query=Mbuzi%20Steak%20Liver&query_place_id=ChIJqU5lIawbLxgR0WRfif6V4qk | https://www.google.com/maps/search/restaurant/@-1.3135946628330823,36.73071708346572,16z?hl=en | https://streetviewpixels-pa.googleapis.com/v1/thumbnail?panoid=8G9iNUNZZ2vxBAueLR6giA&cb_client=search.gws-prod.gps&w=408&h=240&yaw=99.64528&pitch=0&thumbfov=100",https://www.google.com/maps/search/?api=1&query=Mbuzi%20Steak%20Liver&query_place_id=ChIJqU5lIawbLxgR0WRfif6V4qk,ChIJqU5lIawbLxgR0WRfif6V4qk,False
Meals on time,Restaurant,"PQ25+9CP, Karandini Rd, Nairobi, Kenya",+254 716 106758,,,,,"https://www.google.com/maps/search/?api=1&query=Meals%20on%20time&query_place_id=ChIJObh-yU4bLxgR-EPpEiUVihA | https://www.google.com/maps/search/restaurant/@-1.30206825,36.7531745,17.002330554175863z?hl=en",https://www.google.com/maps/search/?api=1&query=Meals%20on%20time&query_place_id=ChIJObh-yU4bLxgR-EPpEiUVihA,ChIJObh-yU4bLxgR-EPpEiUVihA,False
Mega Restaurant,Restaurant,"MQ8J+57F, Nairobi, Kenya",,,,,,"https://www.google.com/maps/search/?api=1&query=Mega%20Restaurant&query_place_id=ChIJ8ZW54KcaLxgRN6UEtoIp9Tc | https://www.google.com/maps/search/restaurant/@-1.3307757371669178,36.78227498330685,16z?hl=en | https://streetviewpixels-pa.googleapis.com/v1/thumbnail?panoid=2FCQNPkeHV4sYdvM3Jkitg&cb_client=search.gws-prod.gps&w=408&h=240&yaw=254.98117&pitch=0&thumbfov=100",https://www.google.com/maps/search/?api=1&query=Mega%20Restaurant&query_place_id=ChIJ8ZW54KcaLxgRN6UEtoIp9Tc,ChIJ8ZW54KcaLxgRN6UEtoIp9Tc,False
Mercury The Last Drop- Junction Mall,Restaurant,"Ngong Ngong Rd The Junction Shopping Mall Kajiado North, Kenya",+254 705 955322,,,,,"https://www.google.com/maps/search/?api=1&query=Mercury%20The%20Last%20Drop-%20Junction%20Mall&query_place_id=ChIJy5JO354bLxgRdVKhVWhinyg | https://www.google.com/maps/search/restaurant/@-1.2983534384615385,36.76283634615385,17.002332677197412z?hl=en | https://streetviewpixels-pa.googleapis.com/v1/thumbnail?panoid=E0jV2HqTMKk1nGoTosyoSg&cb_client=search.gws-prod.gps&w=408&h=240&yaw=188.60483&pitch=0&thumbfov=100",https://www.google.com/maps/search/?api=1&query=Mercury%20The%20Last%20Drop-%20Junction%20Mall&query_place_id=ChIJy5JO354bLxgRdVKhVWhinyg,ChIJy5JO354bLxgRdVKhVWhinyg,False
Miale,Restaurant,"PQ87+99H, Convent Drive, Nairobi, Kenya",,,,,,"https://www.google.com/maps/search/?api=1&query=Miale&query_place_id=ChIJl0Fd5bsbLxgR1wmxJqEXQFg | https://www.google.com/maps/search/restaurant/@-1.2792325141654115,36.76508901669314,16z?hl=en | https://streetviewpixels-pa.googleapis.com/v1/thumbnail?panoid=4yCkO9eZ9zQhzaA9WcHPYA&cb_client=search.gws-prod.gps&w=408&h=240&yaw=317.32846&pitch=0&thumbfov=100",https://www.google.com/maps/search/?api=1&query=Miale&query_place_id=ChIJl0Fd5bsbLxgR1wmxJqEXQFg,ChIJl0Fd5bsbLxgR1wmxJqEXQFg,False
Mianzi Swahili Restaurant,Restaurant,"PR63+3MX, Ralph Bunche Rd, Nairobi, Kenya",+254 716 030710,,,,,"https://www.google.com/maps/search/?api=1&query=Mianzi%20Swahili%20Restaurant&query_place_id=ChIJ01ZbcZsRLxgRpBxKQR2o2P8 | https://www.google.com/maps/search/restaurant/@-1.296413588499247,36.81664691653427,16z?hl=en | https://lh3.googleusercontent.com/gps-cs-s/AHRPTWk_DmajarKFg2CCroUBI8lbmSKfBTM41-dkEffTZIuF-7rEoIfrHIZh_uK1-CPSbdfiuUfx6qZG_bF3IzDFbJy6adxbhr94_sfDXToe9rS1n9JGJHPh3Eld2kR-cKUf5_UTqYtA8g_r9w8=w408-h544-k-no",https://www.google.com/maps/search/?api=1&query=Mianzi%20Swahili%20Restaurant&query_place_id=ChIJ01ZbcZsRLxgRpBxKQR2o2P8,ChIJ01ZbcZsRLxgRpBxKQR2o2P8,False
Migoko Palace Dala Restaurant,Restaurant,"MRX6+CG4 Bonds Garden Restaurant, Menengai Rd, Nairobi, Kenya",+254 720 707099,,,,,"https://www.google.com/maps/search/?api=1&query=Migoko%20Palace%20Dala%20Restaurant&query_place_id=ChIJr6rqU-4QLxgROfiVzGbvhQs | https://www.google.com/maps/search/restaurant/@-1.296413588499247,36.81664691653427,16z?hl=en | https://lh3.googleusercontent.com/gps-cs-s/AHRPTWkCKzQsvdGP9NHZWoWBmxxaLAgNrXWoEBmWvpIG-8X-bV1oM7LmvQTkxc4nZa4Kt2n7iQSzwrJ3uisn-TcTVJVyQTs5ZF6xJfrv9niE3asu2vmw9qAp8AT6UKBf3-v_TuZKk1Jleg=w426-h240-k-no",https://www.google.com/maps/search/?api=1&query=Migoko%20Palace%20Dala%20Restaurant&query_place_id=ChIJr6rqU-4QLxgROfiVzGbvhQs,ChIJr6rqU-4QLxgROfiVzGbvhQs,False
MILA HOUSE,Restaurant,"PQ79+RVH, Muthangari Rd, Nairobi, Kenya",+254 781 689515,,,,,"https://www.google.com/maps/search/?api=1&query=MILA%20HOUSE&query_place_id=ChIJQWccdgAbLxgRNDedBuxnWdA | https://www.google.com/maps/search/restaurant/@-1.2878916500000002,36.76959095,17.00233862352239z?hl=en | https://lh3.googleusercontent.com/gps-cs-s/AHRPTWkVDTiZixqXtkhMHKZCiA7l02-ON7jRDnKOKtuF82uHAStkV1gcNlNchrA0bD5Md6Iuvko1FyEJZqehHRj0oN4oiscLxcJZ0UGRi96ME_ZMDo-xhiqu_cT7UhwBjkugwOhupKCdJ_T6IE-H=w408-h544-k-no",https://www.google.com/maps/search/?api=1&query=MILA%20HOUSE&query_place_id=ChIJQWccdgAbLxgRNDedBuxnWdA,ChIJQWccdgAbLxgRNDedBuxnWdA,False
mititi Mong'ina Joyce,Restaurant,"MQVH+2FP, Nairobi, Kenya",+254 706 740704,,,,,"https://www.google.com/maps/search/?api=1&query=mititi%20Mong | https://www.google.com/maps/search/restaurant/@-1.3135946628330823,36.76508901669314,16z?hl=en",https://www.google.com/maps/search/?api=1&query=mititi%20Mong'ina%20Joyce&query_place_id=ChIJOQA8_NEbLxgR29ZPLYjQm-U,ChIJOQA8_NEbLxgR29ZPLYjQm-U,False
Mlo Zetu,Restaurant,"MQVH+H3Q, Kinoo Rd, Nairobi, Kenya",,,,,,"https://www.google.com/maps/search/?api=1&query=Mlo%20Zetu&query_place_id=ChIJESC0hfobLxgR4_EJ11KJBZU | https://www.google.com/maps/search/restaurant/@-1.3135946628330823,36.76508901669314,16z?hl=en | https://streetviewpixels-pa.googleapis.com/v1/thumbnail?panoid=L8iMwiv9B0Ecl2MDU0WoNw&cb_client=search.gws-prod.gps&w=408&h=240&yaw=270.65457&pitch=0&thumbfov=100",https://www.google.com/maps/search/?api=1&query=Mlo%20Zetu&query_place_id=ChIJESC0hfobLxgR4_EJ11KJBZU,ChIJESC0hfobLxgR4_EJ11KJBZU,False
Mokkacity Express Cafe,Restaurant,"Ngong, Kenya",+254 20 3860041,,,,,"https://www.google.com/maps/search/?api=1&query=Mokkacity%20Express%20Cafe&query_place_id=ChIJl6V2UF8bLxgRWhvDKmjfM3M | https://www.google.com/maps/search/restaurant/@-1.2983534384615385,36.76283634615385,17.002332677197412z?hl=en | https://lh3.googleusercontent.com/gps-cs-s/AHRPTWka82LeriOKqR37G923trpgxZSjxBZ7IzuaXSPf0aEJH3qLjICBuOjyuShN77B-lwEUkJ6VwwmvX1tstYjasWSauwNwGSVpRGS84sTaTul1X6IP3zHUlvT7vt-n7EXjb8G7rL-p1w=w408-h278-k-no",https://www.google.com/maps/search/?api=1&query=Mokkacity%20Express%20Cafe&query_place_id=ChIJl6V2UF8bLxgRWhvDKmjfM3M,ChIJl6V2UF8bLxgRWhvDKmjfM3M,False
Moonflower Restaurant,Restaurant,"PQ8R+VVF, Kitale Lane, Nairobi City, Kenya",+254 20 2044222,,,,,"https://www.google.com/maps/search/?api=1&query=Moonflower%20Restaurant&query_place_id=ChIJl_jqka0QLxgR_L6VU_4KKiA | https://www.google.com/maps/search/restaurant/@-1.2792325141654115,36.78227498330685,16z?hl=en | https://lh3.googleusercontent.com/gps-cs-s/AHRPTWkApZ4NWgJD9OyRTRLpvsNv1sngZFokdNTkf5petsTNkHnla-ckA6IWyPFwX4a7guMP_XLPwD14jPxMwMmsXeFxTrD_AeX1FJJvEwcS6OSqiRaYCECTFHvHZ1fPJZIlGb1LiUs=w408-h544-k-no",https://www.google.com/maps/search/?api=1&query=Moonflower%20Restaurant&query_place_id=ChIJl_jqka0QLxgR_L6VU_4KKiA,ChIJl_jqka0QLxgR_L6VU_4KKiA,False
Motherland Restaurant & Bar,Restaurant,"98 Ngong Rd, Nairobi, Kenya",+254 729 659049,,,,,"https://www.google.com/maps/search/?api=1&query=Motherland%20Restaurant%20%26%20Bar&query_place_id=ChIJwxn4k50QLxgRwROz6jIxOMI | https://www.google.com/maps/search/restaurant/@-1.296413588499247,36.78227498330685,16z?hl=en | https://lh3.googleusercontent.com/gps-cs-s/AHRPTWmyqS3VEDYai819Vw-8wT8vduBiqpRgLGTImutwSRDvU4otweEyQjUrkYAEsW0aMm8Ve9oowUHgg4qOtzQNGLj8F8I_bsZeE8fMoJqaDvPddkJEfxp_-C_AMc15gSPSXIXm3lf0bA=w408-h306-k-no",https://www.google.com/maps/search/?api=1&query=Motherland%20Restaurant%20%26%20Bar&query_place_id=ChIJwxn4k50QLxgRwROz6jIxOMI,ChIJwxn4k50QLxgRwROz6jIxOMI,False
Motomoto Cafe (Otiende),Restaurant,"MQGH+CRV, Kungu Karumba Rd, Nairobi, Kenya",+254 713 730273,,,,,"https://www.google.com/maps/search/?api=1&query=Motomoto%20Cafe%20(Otiende)&query_place_id=ChIJmaXFfZ4aLxgRTkN9YBGe9eI | https://www.google.com/maps/search/restaurant/@-1.3307757371669178,36.78227498330685,16z?hl=en | https://lh3.googleusercontent.com/gps-cs-s/AHRPTWmk-AjsymhW2wMyIsOhF3R2EOi3o2RPzYFUHI7CDtSE5J_OdxdjVn1RssgyBxvNFDcQAv5f51JfC5TToiQYRhIPw86ll3A6bwATukWyxuseVBc_bRQBeGalTD_zLgU29m2p-UenIw=w408-h544-k-no",https://www.google.com/maps/search/?api=1&query=Motomoto%20Cafe%20(Otiende)&query_place_id=ChIJmaXFfZ4aLxgRTkN9YBGe9eI,ChIJmaXFfZ4aLxgRTkN9YBGe9eI,False
Mpishi Restaurant,Restaurant,"MQHQ+4M9, Nairobi, Kenya",,,,,,"https://www.google.com/maps/search/?api=1&query=Mpishi%20Restaurant&query_place_id=ChIJgWvdbXEQLxgRrwcKTxaqNFY | https://www.google.com/maps/search/restaurant/@-1.3307757371669178,36.78227498330685,16z?hl=en | https://lh3.googleusercontent.com/gps-cs-s/AHRPTWlChZf0926aFThjZ9Y3JHXkUMzrLoJW376okQS8ZKi7y9EF5Mdx6A9JDOYMYZ39GmEp3DoA5g9OFtcew61y8I79nA4xibtKTPwL3MBB03Y7n6FByUii8h5wyS1o2pfeJZN40AflhA=w408-h544-k-no",https://www.google.com/maps/search/?api=1&query=Mpishi%20Restaurant&query_place_id=ChIJgWvdbXEQLxgRrwcKTxaqNFY,ChIJgWvdbXEQLxgRrwcKTxaqNFY,False
Mr Kuku Maison Kitchen,Restaurant,"MQX4+XGX, Karandini Rd, Nairobi, Kenya",,,,,,"https://www.google.com/maps/search/?api=1&query=Mr%20Kuku%20Maison%20Kitchen&query_place_id=ChIJV8aDYEEaLxgR28fb2lwIL98 | https://www.google.com/maps/search/restaurant/@-1.30206825,36.7531745,17.002330554175863z?hl=en | https://streetviewpixels-pa.googleapis.com/v1/thumbnail?panoid=RjockExCdcAGMEjPwGDsxQ&cb_client=search.gws-prod.gps&w=408&h=240&yaw=347.83096&pitch=0&thumbfov=100",https://www.google.com/maps/search/?api=1&query=Mr%20Kuku%20Maison%20Kitchen&query_place_id=ChIJV8aDYEEaLxgR28fb2lwIL98,ChIJV8aDYEEaLxgR28fb2lwIL98,False
Msafiri Inn Hotel,Restaurant,"PQ25+23P, Nairobi, Kenya",,,,,,"https://www.google.com/maps/search/?api=1&query=Msafiri%20Inn%20Hotel&query_place_id=ChIJecX9gUEaLxgRXV3OktoH6a4 | https://www.google.com/maps/search/restaurant/@-1.30206825,36.7531745,17.002330554175863z?hl=en | https://streetviewpixels-pa.googleapis.com/v1/thumbnail?panoid=Qz5NB_IdiaoPGCE61xzYzA&cb_client=search.gws-prod.gps&w=408&h=240&yaw=328.6064&pitch=0&thumbfov=100",https://www.google.com/maps/search/?api=1&query=Msafiri%20Inn%20Hotel&query_place_id=ChIJecX9gUEaLxgRXV3OktoH6a4,ChIJecX9gUEaLxgRXV3OktoH6a4,False
Msani Fresh Fries,Restaurant,"MQQF+QGX, Nairobi, Kenya",,,,,,"https://www.google.com/maps/search/?api=1&query=Msani%20Fresh%20Fries&query_place_id=ChIJN_6hCn0aLxgRqEaqEKPC5BU | https://www.google.com/maps/search/restaurant/@-1.3135946628330823,36.76508901669314,16z?hl=en | https://lh3.googleusercontent.com/gps-cs-s/AHRPTWk8yvNn189XuoPKN8bZi_hP2A2VMtEWMxeF4nbx6OWj5m-ZkAVLFFiZ3u4CAteVcjObXxnLFnCbi-_msJfegQy28XSKZVs5MRBCxCUXoAcr3T7ZH3cfNqYPV167sAg4WWzDgJ7E=w426-h240-k-no",https://www.google.com/maps/search/?api=1&query=Msani%20Fresh%20Fries&query_place_id=ChIJN_6hCn0aLxgRqEaqEKPC5BU,ChIJN_6hCn0aLxgRqEaqEKPC5BU,False
Mshikaki chips,Restaurant,"MQXJ+747, Nairobi, Kenya",,,,,,"https://www.google.com/maps/search/?api=1&query=Mshikaki%20chips&query_place_id=ChIJ5b0StHcaLxgR-BE3PvgKvSg | https://www.google.com/maps/search/restaurant/@-1.2999357,36.7739766,17.00233177367389z?hl=en | https://streetviewpixels-pa.googleapis.com/v1/thumbnail?panoid=47fC6VgN4sM_JpvvOvcCXw&cb_client=search.gws-prod.gps&w=408&h=240&yaw=7.321867&pitch=0&thumbfov=100",https://www.google.com/maps/search/?api=1&query=Mshikaki%20chips&query_place_id=ChIJ5b0StHcaLxgR-BE3PvgKvSg,ChIJ5b0StHcaLxgR-BE3PvgKvSg,False
Mug'etho Restaurant,Restaurant,"PQ4X+26H, Nairobi, Kenya",,,,,,"https://www.google.com/maps/search/?api=1&query=Mug | https://www.google.com/maps/search/restaurant/@-1.296413588499247,36.79946094992056,16z?hl=en | https://streetviewpixels-pa.googleapis.com/v1/thumbnail?panoid=V8spVfJ1HsS66OTWLdO1hQ&cb_client=search.gws-prod.gps&w=408&h=240&yaw=89.41538&pitch=0&thumbfov=100",https://www.google.com/maps/search/?api=1&query=Mug'etho%20Restaurant&query_place_id=ChIJcZAByZERLxgRww6Z9msaeBs,ChIJcZAByZERLxgRww6Z9msaeBs,False
Mum's Food,Restaurant,"MQX2+Q8H, Mama Wahu Rd, Nairobi, Kenya",,,,,,"https://www.google.com/maps/search/?api=1&query=Mum | https://www.google.com/maps/search/restaurant/@-1.30206825,36.7531745,17.002330554175863z?hl=en | https://streetviewpixels-pa.googleapis.com/v1/thumbnail?panoid=6BXmvesGahRzqQxxB-wCew&cb_client=search.gws-prod.gps&w=408&h=240&yaw=281.93262&pitch=0&thumbfov=100",https://www.google.com/maps/search/?api=1&query=Mum's%20Food&query_place_id=ChIJaY0-50UaLxgRQuxM5pdW6qs,ChIJaY0-50UaLxgRQuxM5pdW6qs,False
Mumleylah café,Restaurant,"MQ57+67J, Langata Rd, Nairobi, Kenya",+254 724 072726,,,,,"https://www.google.com/maps/search/?api=1&query=Mumleylah%20caf%C3%A9&query_place_id=ChIJMbT2T5gbLxgR1KmvqDRG-ic | https://www.google.com/maps/search/restaurant/@-1.3479568115007532,36.76508901669314,16z?hl=en | https://lh3.googleusercontent.com/gps-cs-s/AHRPTWn9ucqSLHJxthCQKcGsrmqhcUEo2IjiNnD3AHzoP2Qn9EWJNkn1s4ufHvnpr8H6SJ818qZfCP4CLM_eTfzbiTcregqPNkOu_PEYe6CdSYx87TrS94QOLVPVHWP9vPEhLyw3Vve-DQ=w408-h306-k-no",https://www.google.com/maps/search/?api=1&query=Mumleylah%20caf%C3%A9&query_place_id=ChIJMbT2T5gbLxgR1KmvqDRG-ic,ChIJMbT2T5gbLxgR1KmvqDRG-ic,False
Mum’s Diner,Restaurant,"Eagle Guest House, Kilimani Rd, Nairobi, Kenya",+254 114 146633,,,,,"https://www.google.com/maps/search/?api=1&query=Mum%E2%80%99s%20Diner&query_place_id=ChIJB3igI0kbLxgRvZMsM6r5nQY | https://www.google.com/maps/search/restaurant/@-1.2955217,36.7736869,17.002334291465527z?hl=en | https://lh3.googleusercontent.com/gps-cs-s/AHRPTWkzeEskqtiaceKQ5vu61EO-XGLfZ5GCQ10xJY6O9lIRjiWZAU4YfyYJYUTSYf0Wyw_wsEdZM7qOv-tHjZA7liY2nFFRCXsB9rkGrepDerknPgQ6ni7BLDcvpPseX7u2yRqPbQHlEQ=w408-h544-k-no",https://www.google.com/maps/search/?api=1&query=Mum%E2%80%99s%20Diner&query_place_id=ChIJB3igI0kbLxgRvZMsM6r5nQY,ChIJB3igI0kbLxgRvZMsM6r5nQY,False
Munch Inn Deli,Restaurant,"JQW4+RP9, Bogani East Lane, Nairobi, Kenya",,,,,,"https://www.google.com/maps/search/?api=1&query=Munch%20Inn%20Deli&query_place_id=ChIJ2yArCTkFLxgRIYoT7IovwYo | https://www.google.com/maps/search/restaurant/@-1.3479568115007532,36.74790305007943,16z?hl=en | https://streetviewpixels-pa.googleapis.com/v1/thumbnail?panoid=OED0fTsyIEU24VEQ8lmE9w&cb_client=search.gws-prod.gps&w=408&h=240&yaw=219.7912&pitch=0&thumbfov=100",https://www.google.com/maps/search/?api=1&query=Munch%20Inn%20Deli&query_place_id=ChIJ2yArCTkFLxgRIYoT7IovwYo,ChIJ2yArCTkFLxgRIYoT7IovwYo,False
Munyaka Keg And Restaurant,Restaurant,"PQ24+9Q6, Munyaka Guest House, Off Ngong Road, Karandini Rd, Nairobi, Kenya",,,,,,"https://www.google.com/maps/search/?api=1&query=Munyaka%20Keg%20And%20Restaurant&query_place_id=ChIJF_L4EkEaLxgRd-nvvRWATpA | https://www.google.com/maps/search/restaurant/@-1.296413588499247,36.76508901669314,16z?hl=en | https://streetviewpixels-pa.googleapis.com/v1/thumbnail?panoid=aLDpwGLJzCwZDT8xgBHEIQ&cb_client=search.gws-prod.gps&w=408&h=240&yaw=96.25199&pitch=0&thumbfov=100",https://www.google.com/maps/search/?api=1&query=Munyaka%20Keg%20And%20Restaurant&query_place_id=ChIJF_L4EkEaLxgRd-nvvRWATpA,ChIJF_L4EkEaLxgRd-nvvRWATpA,False
N'dulge Bar & Grill,Restaurant,"PQ59+J32, Nairobi, Kenya",+254 729 228929,,,,,"https://www.google.com/maps/search/?api=1&query=N | https://www.google.com/maps/search/restaurant/@-1.2895935545454547,36.773318836363636,17.002337659462743z?hl=en",https://www.google.com/maps/search/?api=1&query=N'dulge%20Bar%20%26%20Grill&query_place_id=ChIJoVIzEhEaLxgRPQRnKXSM2bE,ChIJoVIzEhEaLxgRPQRnKXSM2bE,False
Nairobi Grill And Wine,Restaurant,"Jamhuri Phase 1, off Ngong Rd, Nairobi, Kenya",+254 734 086881,,,,,"https://www.google.com/maps/search/?api=1&query=Nairobi%20Grill%20And%20Wine&query_place_id=ChIJrX0497cbLxgRh5aYFOXR4-M | https://www.google.com/maps/search/restaurant/@-1.3135946628330823,36.76508901669314,16z?hl=en | https://streetviewpixels-pa.googleapis.com/v1/thumbnail?panoid=ljDysd90FRqI48xKv9JR6w&cb_client=search.gws-prod.gps&w=408&h=240&yaw=60.348892&pitch=0&thumbfov=100",https://www.google.com/maps/search/?api=1&query=Nairobi%20Grill%20And%20Wine&query_place_id=ChIJrX0497cbLxgRh5aYFOXR4-M,ChIJrX0497cbLxgRh5aYFOXR4-M,False
NAMZ KITCHEN,Restaurant,"PQ69+QRP, Muthangari Gardens, Nairobi, Kenya",,,,,,"https://www.google.com/maps/search/?api=1&query=NAMZ%20KITCHEN&query_place_id=ChIJGyNEuMcbLxgRBYVFLt3guJ0 | https://www.google.com/maps/search/restaurant/@-1.2895935545454547,36.773318836363636,17.002337659462743z?hl=en | https://streetviewpixels-pa.googleapis.com/v1/thumbnail?panoid=fQYwyWuVNsCTn00XxM5dpQ&cb_client=search.gws-prod.gps&w=408&h=240&yaw=221.92151&pitch=0&thumbfov=100",https://www.google.com/maps/search/?api=1&query=NAMZ%20KITCHEN&query_place_id=ChIJGyNEuMcbLxgRBYVFLt3guJ0,ChIJGyNEuMcbLxgRBYVFLt3guJ0,False
NEEMA GOLDEN PLATE,Restaurant,"Nairobi, Kenya",,,,,,"https://www.google.com/maps/search/?api=1&query=NEEMA%20GOLDEN%20PLATE&query_place_id=ChIJM0f38n0aLxgRkQfaprMp9RY | https://www.google.com/maps/search/restaurant/@-1.3135946628330823,36.76508901669314,16z?hl=en | https://streetviewpixels-pa.googleapis.com/v1/thumbnail?panoid=9wCXiRBJyBRp2O6fKq_y3A&cb_client=search.gws-prod.gps&w=408&h=240&yaw=191.42911&pitch=0&thumbfov=100",https://www.google.com/maps/search/?api=1&query=NEEMA%20GOLDEN%20PLATE&query_place_id=ChIJM0f38n0aLxgRkQfaprMp9RY,ChIJM0f38n0aLxgRkQfaprMp9RY,False
Neff,Restaurant,"PQ6C+MJP, Muthangari Rd, Nairobi, Kenya",,,,,,"https://www.google.com/maps/search/?api=1&query=Neff&query_place_id=ChIJc3q--A8aLxgRGO-FPVu3d9Q | https://www.google.com/maps/search/restaurant/@-1.292292,36.7671123,17.00233612829275z?hl=en | https://streetviewpixels-pa.googleapis.com/v1/thumbnail?panoid=MaO2FiLQeOObSt3Pko7rIQ&cb_client=search.gws-prod.gps&w=408&h=240&yaw=189.3261&pitch=0&thumbfov=100",https://www.google.com/maps/search/?api=1&query=Neff&query_place_id=ChIJc3q--A8aLxgRGO-FPVu3d9Q,ChIJc3q--A8aLxgRGO-FPVu3d9Q,False
Neighbourhood Cafe,Restaurant,"MQFQ+CG2, Kitengela Rd, Nairobi, Kenya",,,,,,"https://www.google.com/maps/search/?api=1&query=Neighbourhood%20Cafe&query_place_id=ChIJVZxONnMQLxgR24mEWFM_2S4 | https://www.google.com/maps/search/restaurant/@-1.3307757371669178,36.78227498330685,16z?hl=en | https://streetviewpixels-pa.googleapis.com/v1/thumbnail?panoid=6XCM7cK8h7QFAqYR306zug&cb_client=search.gws-prod.gps&w=408&h=240&yaw=353.15442&pitch=0&thumbfov=100",https://www.google.com/maps/search/?api=1&query=Neighbourhood%20Cafe&query_place_id=ChIJVZxONnMQLxgR24mEWFM_2S4,ChIJVZxONnMQLxgR24mEWFM_2S4,False
NELL'S BAR,Restaurant,"off Kungu Karumba Rd, Nairobi, Kenya",+254 713 203438,,,,,"https://www.google.com/maps/search/?api=1&query=NELL | https://www.google.com/maps/search/restaurant/@-1.3307757371669178,36.78227498330685,16z?hl=en | https://lh3.googleusercontent.com/gps-cs-s/AHRPTWlsZDKj3tTaWDBic_dNTKmd-0GcBoP6VeSqqX_6X0on0oabESgc_7ODDTwVt2p3BMBqJp_wEj77auWz6FJ3ezLfoHhC-FajuciXNTeiTp-uBJeJG4rRRiRhNxi7Oo-lfLmIn-E-QLDdbRg=w408-h306-k-no",https://www.google.com/maps/search/?api=1&query=NELL'S%20BAR&query_place_id=ChIJozUaFgARLxgRLUo9JeKG6nI,ChIJozUaFgARLxgRLUo9JeKG6nI,False
New Oakleys Bar And Restaurant,Restaurant,"PQ3X+MFW, Nairobi, Kenya",,,,,,"https://www.google.com/maps/search/?api=1&query=New%20Oakleys%20Bar%20And%20Restaurant&query_place_id=ChIJt1NS0KoRLxgRIUu_ilWB_ME | https://www.google.com/maps/search/restaurant/@-1.296413588499247,36.79946094992056,16z?hl=en | https://lh3.googleusercontent.com/gps-cs-s/AHRPTWmKtR-gVx0rEzysl5HmFu3r55gVZ_5GDcmeN-wPk5LZO0ADGkaKlk3iyLosYvW4IVyVV6MRThBcke71u1iOAJ9wFJUwYm6KKXj3Ms2JNxff29tVl78GGb8eLbp-p4KDjlmwtaB1eg=w408-h544-k-no",https://www.google.com/maps/search/?api=1&query=New%20Oakleys%20Bar%20And%20Restaurant&query_place_id=ChIJt1NS0KoRLxgRIUu_ilWB_ME,ChIJt1NS0KoRLxgRIUu_ilWB_ME,False
Nile Roots Restaurant & Sports Bar,Restaurant,"Ngong Rd, Nairobi, Kenya",+254 750 951353,,,,,"https://www.google.com/maps/search/?api=1&query=Nile%20Roots%20Restaurant%20%26%20Sports%20Bar&query_place_id=ChIJbTB7w0kRLxgREF87SqlfDLk | https://www.google.com/maps/search/restaurant/@-1.296413588499247,36.79946094992056,16z?hl=en | https://lh3.googleusercontent.com/gps-cs-s/AHRPTWnUkT3slhA9rHGwNOvYyLc4yqhfT7qGDjvYlHFZ4NosDloC9YvCR_Apzg2MDwipBIQ70DQeo1zOZ8VoOR-SQrZOexF71Uvg1kjlABWs7Kj7iVfJnMtBPlWUJcykOAU-_dkLhq_RWQ=w426-h240-k-no",https://www.google.com/maps/search/?api=1&query=Nile%20Roots%20Restaurant%20%26%20Sports%20Bar&query_place_id=ChIJbTB7w0kRLxgREF87SqlfDLk,ChIJbTB7w0kRLxgREF87SqlfDLk,False
Nissys Bar & Restaurant,Restaurant,"Riara Rd, Nairobi, Kenya",+254 704 948018,,,,,"https://www.google.com/maps/search/?api=1&query=Nissys%20Bar%20%26%20Restaurant&query_place_id=ChIJX3iUh28bLxgRb350Rb5cS2k | https://www.google.com/maps/search/restaurant/@-1.296413588499247,36.76508901669314,16z?hl=en | https://lh3.googleusercontent.com/gps-cs-s/AHRPTWm8PhPW4xWVmp4eriF_Ctmy9qRlnZsun_pjC1Ftpwqevg5-jbZXIpOTPNU7Qo2JWQNtkTfx3I3a3UOx9KCv8srALB4IBpUp0BKRyyIZGxwMt28tBezKaaWdW1y-6AvF4xfdA4erVQ=w426-h240-k-no",https://www.google.com/maps/search/?api=1&query=Nissys%20Bar%20%26%20Restaurant&query_place_id=ChIJX3iUh28bLxgRb350Rb5cS2k,ChIJX3iUh28bLxgRb350Rb5cS2k,False
NJD Cuisine and Snacks - NJAREDORE LTD,Restaurant,"PQ23+CFG, St Daniel Comboni Rd, Nairobi, Kenya",,,,,,"https://www.google.com/maps/search/?api=1&query=NJD%20Cuisine%20and%20Snacks%20-%20NJAREDORE%20LTD&query_place_id=ChIJ7bcEpIYbLxgRGERywYEp-1Y | https://www.google.com/maps/search/restaurant/@-1.30206825,36.7531745,17.002330554175863z?hl=en | https://lh3.googleusercontent.com/gps-cs-s/AHRPTWmZ-Yk2lI9mW9ta84NSke2dsj_viCfm7YToHktIwHHssFDfPKylyYTk6lejsrO05OOm4_cvlsKElYnXVC4S09eoGSMDVRiMCbxeETm6DyeDH5ote0tjSOddOBvNho_irBm0Lrtq2sVaA_jY=w408-h544-k-no",https://www.google.com/maps/search/?api=1&query=NJD%20Cuisine%20and%20Snacks%20-%20NJAREDORE%20LTD&query_place_id=ChIJ7bcEpIYbLxgRGERywYEp-1Y,ChIJ7bcEpIYbLxgRGERywYEp-1Y,False
Njuguna Soup & Meat Restaurant,Restaurant,"PQ24+98C, Nairobi, Kenya",,,,,,"https://www.google.com/maps/search/?api=1&query=Njuguna%20Soup%20%26%20Meat%20Restaurant&query_place_id=ChIJU_rD3F4bLxgRmpauiNU31KQ | https://www.google.com/maps/search/restaurant/@-1.296413588499247,36.76508901669314,16z?hl=en | https://streetviewpixels-pa.googleapis.com/v1/thumbnail?panoid=S952WUgfzZHcO7pqg25OsQ&cb_client=search.gws-prod.gps&w=408&h=240&yaw=225.50314&pitch=0&thumbfov=100",https://www.google.com/maps/search/?api=1&query=Njuguna%20Soup%20%26%20Meat%20Restaurant&query_place_id=ChIJU_rD3F4bLxgRmpauiNU31KQ,ChIJU_rD3F4bLxgRmpauiNU31KQ,False
No uptown here,Restaurant,"PQ2F+WRC, Ole Dume Rd, Nairobi, Kenya",,,,,,"https://www.google.com/maps/search/?api=1&query=No%20uptown%20here&query_place_id=ChIJ_wygAwAbLxgRDJmiiX9mOMw | https://www.google.com/maps/search/restaurant/@-1.2955217,36.7736869,17.002334291465527z?hl=en | https://streetviewpixels-pa.googleapis.com/v1/thumbnail?panoid=UM8-JO9ewZaTgGxA7Ev5hA&cb_client=search.gws-prod.gps&w=408&h=240&yaw=97.28846&pitch=0&thumbfov=100",https://www.google.com/maps/search/?api=1&query=No%20uptown%20here&query_place_id=ChIJ_wygAwAbLxgRDJmiiX9mOMw,ChIJ_wygAwAbLxgRDJmiiX9mOMw,False
NOH Restaurant,Restaurant,"Kabarnet Rd, Nairobi, Kenya",+254 746 986608,,,,,"https://www.google.com/maps/search/?api=1&query=NOH%20Restaurant&query_place_id=ChIJwSbunIoRLxgRRub2OZ6yBEE | https://www.google.com/maps/search/restaurant/@-1.296413588499247,36.78227498330685,16z?hl=en | https://lh3.googleusercontent.com/gps-cs-s/AHRPTWn3VYDuemf_wVXjEwMe1Vxdch0iJWqvO2jg4URwSxbiU7pVmhvlq1F1370Sr5U8uNWENrvFNDUg_2PZkukIVNz6j7EbpafkzTiawhvif8kXVEy-pdDWwjB4GvojTKhBJ7uI4_cioEFendg=w408-h544-k-no",https://www.google.com/maps/search/?api=1&query=NOH%20Restaurant&query_place_id=ChIJwSbunIoRLxgRRub2OZ6yBEE,ChIJwSbunIoRLxgRRub2OZ6yBEE,False
Ntulivu Karen Guest Conference and Retreat Centre (under construction),Restaurant,"MP5P+FMW, Hekima Rd, Nairobi, Kenya",+254 722 528389,,,,,"https://www.google.com/maps/search/?api=1&query=Ntulivu%20Karen%20Guest%20Conference%20and%20Retreat%20Centre%20(under%20construction)&query_place_id=ChIJMduYPrEELxgRbCVWYfZYydI | https://www.google.com/maps/search/restaurant/@-1.3479568115007532,36.74790305007943,16z?hl=en | https://lh3.googleusercontent.com/gps-cs-s/AHRPTWmWRwpQU5yBOq3tUxsPAOQEqoNKwvFR1bH5cl7AuWSLTfOcy_qDiQphYm4auPtYMaNFxfnYgoQhrzv_cyUsiy1XW8HVnLwN1xhCKB8fpDSP5WJxEkeP3vSG7aQSNpmz8vvzxuEy=w408-h544-k-no",https://www.google.com/maps/search/?api=1&query=Ntulivu%20Karen%20Guest%20Conference%20and%20Retreat%20Centre%20(under%20construction)&query_place_id=ChIJMduYPrEELxgRbCVWYfZYydI,ChIJMduYPrEELxgRbCVWYfZYydI,False
NUTRITION PALACE RESTAURANT,Restaurant,"Kibera Dr, Nairobi, Kenya",+254 712 032279,,,,,"https://www.google.com/maps/search/?api=1&query=NUTRITION%20PALACE%20RESTAURANT&query_place_id=ChIJ_zxHqoAaLxgRfJ3W7-w527A | https://www.google.com/maps/search/restaurant/@-1.3135946628330823,36.76508901669314,16z?hl=en | https://lh3.googleusercontent.com/gps-cs-s/AHRPTWnmGVTeDDknKh18VM3Mp90IcV6a04095qWgLbyzbxN0ppfAv4VSfD4wdW3UkDhKZuPqCjZ2dOPhOV8zAMl6WpCCPUKwpUhu8OOhNRc9pHiGVSDa5jBj2KIpNcZwJ3lAsKyVj3ca=w408-h544-k-no",https://www.google.com/maps/search/?api=1&query=NUTRITION%20PALACE%20RESTAURANT&query_place_id=ChIJ_zxHqoAaLxgRfJ3W7-w527A,ChIJ_zxHqoAaLxgRfJ3W7-w527A,False
Nya Kendu Fish Point,Restaurant,"Nairobi, Kenya",,,,,,"https://www.google.com/maps/search/?api=1&query=Nya%20Kendu%20Fish%20Point&query_place_id=ChIJWx3BOUYaLxgRDqAVGVnJthA | https://www.google.com/maps/search/restaurant/@-1.30206825,36.7531745,17.002330554175863z?hl=en | https://streetviewpixels-pa.googleapis.com/v1/thumbnail?panoid=Xsu-_MUavIuFXeMs8Atr1g&cb_client=search.gws-prod.gps&w=408&h=240&yaw=334.07422&pitch=0&thumbfov=100",https://www.google.com/maps/search/?api=1&query=Nya%20Kendu%20Fish%20Point&query_place_id=ChIJWx3BOUYaLxgRDqAVGVnJthA,ChIJWx3BOUYaLxgRDqAVGVnJthA,False
Nyama Bora Restaurant & Butchery,Restaurant,"Nairobi, Kenya",,,,,,"https://www.google.com/maps/search/?api=1&query=Nyama%20Bora%20Restaurant%20%26%20Butchery&query_place_id=ChIJ_9tLSjoaLxgR6l4eb1XmXe8 | https://www.google.com/maps/search/restaurant/@-1.296413588499247,36.76508901669314,16z?hl=en | https://streetviewpixels-pa.googleapis.com/v1/thumbnail?panoid=v5eN-d-ZvbJbIkVE-1TpGA&cb_client=search.gws-prod.gps&w=408&h=240&yaw=98.667564&pitch=0&thumbfov=100",https://www.google.com/maps/search/?api=1&query=Nyama%20Bora%20Restaurant%20%26%20Butchery&query_place_id=ChIJ_9tLSjoaLxgR6l4eb1XmXe8,ChIJ_9tLSjoaLxgR6l4eb1XmXe8,False
Nyama Choma Zone,Restaurant,"Nairobi, Kenya",,,,,,"https://www.google.com/maps/search/?api=1&query=Nyama%20Choma%20Zone&query_place_id=ChIJp3JvQ2wQLxgR6y03yOjthpo | https://www.google.com/maps/search/restaurant/@-1.3307757371669178,36.78227498330685,16z?hl=en | https://streetviewpixels-pa.googleapis.com/v1/thumbnail?panoid=AsY7slheguv4wkegUyWJlA&cb_client=search.gws-prod.gps&w=408&h=240&yaw=330.40594&pitch=0&thumbfov=100",https://www.google.com/maps/search/?api=1&query=Nyama%20Choma%20Zone&query_place_id=ChIJp3JvQ2wQLxgR6y03yOjthpo,ChIJp3JvQ2wQLxgR6y03yOjthpo,False
Nyama Ranch Rest,Restaurant,"PQ25+FPW, Nairobi, Kenya",,,,,,"https://www.google.com/maps/search/?api=1&query=Nyama%20Ranch%20Rest&query_place_id=ChIJ0UQuz0EaLxgRK0h26of_Qbg | https://www.google.com/maps/search/restaurant/@-1.30206825,36.7531745,17.002330554175863z?hl=en | https://streetviewpixels-pa.googleapis.com/v1/thumbnail?panoid=vu22C3ubkXmcL5dXbMJgyA&cb_client=search.gws-prod.gps&w=408&h=240&yaw=176.41779&pitch=0&thumbfov=100",https://www.google.com/maps/search/?api=1&query=Nyama%20Ranch%20Rest&query_place_id=ChIJ0UQuz0EaLxgRK0h26of_Qbg,ChIJ0UQuz0EaLxgRK0h26of_Qbg,False
Nyams Kuku Halal,Restaurant,"MQX2+MCP, Nairobi, Kenya",,,,,,"https://www.google.com/maps/search/?api=1&query=Nyams%20Kuku%20Halal&query_place_id=ChIJhY0-w0UaLxgRdKra_TbeS-o | https://www.google.com/maps/search/restaurant/@-1.30206825,36.7531745,17.002330554175863z?hl=en | https://streetviewpixels-pa.googleapis.com/v1/thumbnail?panoid=W5FYXeZH_GLPETp0JA1oWQ&cb_client=search.gws-prod.gps&w=408&h=240&yaw=70.49986&pitch=0&thumbfov=100",https://www.google.com/maps/search/?api=1&query=Nyams%20Kuku%20Halal&query_place_id=ChIJhY0-w0UaLxgRdKra_TbeS-o,ChIJhY0-w0UaLxgRdKra_TbeS-o,False
Nyangi's Fish Parlour,Restaurant,"MQGP+VWR, Kitengela Rd, Nairobi, Kenya",,,,,,"https://www.google.com/maps/search/?api=1&query=Nyangi | https://www.google.com/maps/search/restaurant/@-1.3307757371669178,36.78227498330685,16z?hl=en | https://streetviewpixels-pa.googleapis.com/v1/thumbnail?panoid=k4ySeeK2NXMlE4P3gRpnvQ&cb_client=search.gws-prod.gps&w=408&h=240&yaw=111.557556&pitch=0&thumbfov=100",https://www.google.com/maps/search/?api=1&query=Nyangi's%20Fish%20Parlour&query_place_id=ChIJVfVnq3YQLxgRaQBJ-04U5xE,ChIJVfVnq3YQLxgRaQBJ-04U5xE,False
Nyarnam Fish Palace,Restaurant,"Off Ngong Road, Karandini Rd, Nairobi, Kenya",+254 777 867329,,,,,"https://www.google.com/maps/search/?api=1&query=Nyarnam%20Fish%20Palace&query_place_id=ChIJdfwXpFkbLxgRdbvIjJBcO7c | https://www.google.com/maps/search/restaurant/@-1.30206825,36.7531745,17.002330554175863z?hl=en | https://lh3.googleusercontent.com/gps-cs-s/AHRPTWkDPEnM6k3GQsdbb9q732URKialaDFaJOGBnkOA-9kp-OzgdMSL5NFqsgkh1cc--XqkrsEhHf0GHnjevzuNWmLPh58JKJ2j9ti04jH7impkTQlPgfoAzJOZDztDwafL-yyEZYxc=w408-h304-k-no",https://www.google.com/maps/search/?api=1&query=Nyarnam%20Fish%20Palace&query_place_id=ChIJdfwXpFkbLxgRdbvIjJBcO7c,ChIJdfwXpFkbLxgRdbvIjJBcO7c,False
NYASU FAST FOODS HOTEL,Restaurant,"PP4Q+6XX, Kinyanjui Rd, Nairobi, Kenya",,,,,,"https://www.google.com/maps/search/?api=1&query=NYASU%20FAST%20FOODS%20HOTEL&query_place_id=ChIJd0W83jQaLxgR-bB204jZvcQ | https://www.google.com/maps/search/restaurant/@-1.296413588499247,36.73071708346572,16z?hl=en | https://streetviewpixels-pa.googleapis.com/v1/thumbnail?panoid=k16UBRS-xYNxBWGBnIchGQ&cb_client=search.gws-prod.gps&w=408&h=240&yaw=72.424355&pitch=0&thumbfov=100",https://www.google.com/maps/search/?api=1&query=NYASU%20FAST%20FOODS%20HOTEL&query_place_id=ChIJd0W83jQaLxgR-bB204jZvcQ,ChIJd0W83jQaLxgR-bB204jZvcQ,False
Olivia & Reggie African Dishes,Restaurant,"MQWG+FX4, Stanmer Park Mall, Joseph Kang'ethe Road, Nairobi, Kenya",+254 743 837819,,,,,"https://www.google.com/maps/search/?api=1&query=Olivia%20%26%20Reggie%20African%20Dishes&query_place_id=ChIJLUbkN1kbLxgRnOrQi4ZvMlk | https://www.google.com/maps/search/restaurant/@-1.2999357,36.7739766,17.00233177367389z?hl=en | https://lh3.googleusercontent.com/gps-cs-s/AHRPTWmK-S4dD3VNp3ttpYnCbV2gV-an8tQwAOJuXnL6QrC63ORIhzpUhUZxWMPQmO0CWTrQ7--sg-0Tj04JG-MxTdbV_47pWZFSwBdJOCWhnmK70Nxvi6UOFhCWlj5ACmdUTsnDH3uS=w408-h452-k-no",https://www.google.com/maps/search/?api=1&query=Olivia%20%26%20Reggie%20African%20Dishes&query_place_id=ChIJLUbkN1kbLxgRnOrQi4ZvMlk,ChIJLUbkN1kbLxgRnOrQi4ZvMlk,False
Onexin Bar And Restaurant,Restaurant,"Stage 2 Area, Macharia Road, Off Gitanga Road, Nairobi, Kenya",,,,,,"https://www.google.com/maps/search/?api=1&query=Onexin%20Bar%20And%20Restaurant&query_place_id=ChIJwSDUhicaLxgR3ul_u8f2X2Q | https://www.google.com/maps/search/restaurant/@-1.2792325141654115,36.74790305007943,16z?hl=en | https://lh3.googleusercontent.com/gps-proxy/ALd4DhHvjwGWQCq97uHGMWOhTUj39xkqOb1aEd0QXhwLlbF3SUj530wYXkae9Bv_JRUTDGrz6rJNlaj0YbFu0RUv3uFHe1wLqaPgKwFmVa1TAiMVTuuEngDgWaaTmM78iFXvviq4f0Qxx-zocHcMtwxW1iY_lLFlXsWV0cTwjhjdX01sWPCog8pUe1zifep3kkXcoUTH9nE=w408-h306-k-no",https://www.google.com/maps/search/?api=1&query=Onexin%20Bar%20And%20Restaurant&query_place_id=ChIJwSDUhicaLxgR3ul_u8f2X2Q,ChIJwSDUhicaLxgR3ul_u8f2X2Q,False
Oro Restaurant & Lounge,Restaurant,"GEM SUITES, Denis Pritt Rd, Nairobi, Kenya",+254 20 2635543,,,,,"https://www.google.com/maps/search/?api=1&query=Oro%20Restaurant%20%26%20Lounge&query_place_id=ChIJ90YV5VoRLxgR3SDqlimd45Y | https://www.google.com/maps/search/restaurant/@-1.2792325141654115,36.79946094992056,16z?hl=en | https://lh3.googleusercontent.com/gps-cs-s/AHRPTWnXqlKGkS-eA1VlJ1AWxCcNOddCBNttu1zvUgehYCGEgFIY46tbP4zamiinH2Vho0k-nLkfEQCa7Zwy6HLFICpjkgTX0T-0we7-H7DMMFTTPTBjirnQkOIeT5SIlaeevg7nh3w=w408-h544-k-no",https://www.google.com/maps/search/?api=1&query=Oro%20Restaurant%20%26%20Lounge&query_place_id=ChIJ90YV5VoRLxgR3SDqlimd45Y,ChIJ90YV5VoRLxgR3SDqlimd45Y,False
Ostrica Bar Restaurant,Restaurant,"MPWV+X23, Nairobi, Kenya",,,,,,"https://www.google.com/maps/search/?api=1&query=Ostrica%20Bar%20Restaurant&query_place_id=ChIJZSZTsU0aLxgRviFHEpBfFjk | https://www.google.com/maps/search/restaurant/@-1.296413588499247,36.73071708346572,16z?hl=en | https://streetviewpixels-pa.googleapis.com/v1/thumbnail?panoid=FydtH5VRLSUZEBJL_T85fg&cb_client=search.gws-prod.gps&w=408&h=240&yaw=147.31294&pitch=0&thumbfov=100",https://www.google.com/maps/search/?api=1&query=Ostrica%20Bar%20Restaurant&query_place_id=ChIJZSZTsU0aLxgRviFHEpBfFjk,ChIJZSZTsU0aLxgRviFHEpBfFjk,False
Oyster Bay,Restaurant,"Kilungu Rd, Nairobi, Kenya",+254 114 048934,,,,,"https://www.google.com/maps/search/?api=1&query=Oyster%20Bay&query_place_id=ChIJs2TW2N0bLxgRCfRHHWKom1s | https://www.google.com/maps/search/restaurant/@-1.293340725,36.778052200000005,17.00233553235424z?hl=en | https://lh3.googleusercontent.com/gps-cs-s/AHRPTWktHcrS-nyjl3xwbUK3G4pR7m1nVDTAKG3oakK9p7dOkM7LW6CgPySkPyLb5aLx-hIEo-lwnBNzhQMn0TCiiDcYjWUHqCSEVuFlwWW_O7VUOmtWUbGYaRWFDXhwVFPocQMsByjL=w408-h544-k-no",https://www.google.com/maps/search/?api=1&query=Oyster%20Bay&query_place_id=ChIJs2TW2N0bLxgRCfRHHWKom1s,ChIJs2TW2N0bLxgRCfRHHWKom1s,False
Paella Restaurant,Restaurant,"PR25+68C, Hospital Rd, Nairobi, Kenya",+254 777 770660,,,,,"https://www.google.com/maps/search/?api=1&query=Paella%20Restaurant&query_place_id=ChIJE0wmaxsRLxgR0d13mJJztdo | https://www.google.com/maps/search/restaurant/@-1.296413588499247,36.81664691653427,16z?hl=en | https://lh3.googleusercontent.com/gps-cs-s/AHRPTWmZLP4WkNNvrS-6iZ3NKk1S4aH04TG6C9gulBNtI16nG3ThKoTcSMJR9tspTQ9PWkkTE1ADRqpBuspWWwSrVZ1p1AZ6YNrFEGKJVpOOpoNrmZ9MUCTHKUkY-7HqG9nfEPdFnK4=w426-h240-k-no",https://www.google.com/maps/search/?api=1&query=Paella%20Restaurant&query_place_id=ChIJE0wmaxsRLxgR0d13mJJztdo,ChIJE0wmaxsRLxgR0d13mJJztdo,False
Pals Restaurant Upperhill,Restaurant,"Upperhill, Kenya",+254 740 437744,,,,,"https://www.google.com/maps/search/?api=1&query=Pals%20Restaurant%20Upperhill&query_place_id=ChIJ2fORSaERLxgRLGaPnQycreU | https://www.google.com/maps/search/restaurant/@-1.3135946628330823,36.81664691653427,16z?hl=en | https://lh3.googleusercontent.com/gps-cs-s/AHRPTWk6GVp-0RjiFG_ylAD0eo4phKaJJk8641IFImMLol6epAIxPlO-sIjfvtyaNo644JCRkYeZpk97Ygrb73ajISpTJ0oQZTFwgBTWQ76YJzMC3SrUHp0xYM_vZRy_qFXF4hhFjEJ2HA=w408-h306-k-no",https://www.google.com/maps/search/?api=1&query=Pals%20Restaurant%20Upperhill&query_place_id=ChIJ2fORSaERLxgRLGaPnQycreU,ChIJ2fORSaERLxgRLGaPnQycreU,False
Park Africana Restaurant,Restaurant,"1st floor, Ngong Maziwa, Off Ngong Rd, Nairobi, Kenya",,,,,,"https://www.google.com/maps/search/?api=1&query=Park%20Africana%20Restaurant&query_place_id=ChIJDfPWVvkbLxgRap9ycrE-Pxk | https://www.google.com/maps/search/restaurant/@-1.3135946628330823,36.76508901669314,16z?hl=en | https://lh3.googleusercontent.com/gps-cs-s/AHRPTWkq7nSsrZFURtj-KYmSipegFw5ai801OdurdB-6dScrYAfBLXRrIYsaaNpc07Pi3X0DVMmIz3VQZQMunJLRSt7BfomGxGdk3eZrz2UZxKrLR5lDTDLhwaEHR9LfzfkCnRL2HWrzxg=w408-h306-k-no",https://www.google.com/maps/search/?api=1&query=Park%20Africana%20Restaurant&query_place_id=ChIJDfPWVvkbLxgRap9ycrE-Pxk,ChIJDfPWVvkbLxgRap9ycrE-Pxk,False
Park View Inn,Restaurant,"Off Langata Rd, Nairobi, Kenya",+254 712 808792,,,,,"https://www.google.com/maps/search/?api=1&query=Park%20View%20Inn&query_place_id=ChIJN_Brbz0QLxgRofLK-rORqV0 | https://www.google.com/maps/search/restaurant/@-1.3307757371669178,36.79946094992056,16z?hl=en | https://lh3.googleusercontent.com/gps-cs-s/AHRPTWlCAUQPYIls3th90IpuJBG7eRLo13un-XvHkmjgyycjCot-N17Ev-Fv4X_q3_-_SG346HxF2yAIfytP5fjgOW-w-Iu60uobzv9CgSiY-j6yZDH1-PD6801BfUXjq1KJPr0redWn=w426-h240-k-no",https://www.google.com/maps/search/?api=1&query=Park%20View%20Inn&query_place_id=ChIJN_Brbz0QLxgRofLK-rORqV0,ChIJN_Brbz0QLxgRofLK-rORqV0,False
Peachez Fryz,Restaurant,"MQGH+MMM, Nairobi, Kenya",,,,,,"https://www.google.com/maps/search/?api=1&query=Peachez%20Fryz&query_place_id=ChIJ4_scfp4aLxgRbnoags7cf8U | https://www.google.com/maps/search/restaurant/@-1.3307757371669178,36.78227498330685,16z?hl=en | https://streetviewpixels-pa.googleapis.com/v1/thumbnail?panoid=_N6WF9ZTb_e_oKPeLjDc4g&cb_client=search.gws-prod.gps&w=408&h=240&yaw=328.37457&pitch=0&thumbfov=100",https://www.google.com/maps/search/?api=1&query=Peachez%20Fryz&query_place_id=ChIJ4_scfp4aLxgRbnoags7cf8U,ChIJ4_scfp4aLxgRbnoags7cf8U,False
Pearl Gerar Chips & Juices,Restaurant,"JQW3+MCR, Bogani E Rd, Nairobi, Kenya",,,,,,"https://www.google.com/maps/search/?api=1&query=Pearl%20Gerar%20Chips%20%26%20Juices&query_place_id=ChIJM5-EtzsFLxgR15cp2ybqtRo | https://www.google.com/maps/search/restaurant/@-1.3479568115007532,36.74790305007943,16z?hl=en | https://streetviewpixels-pa.googleapis.com/v1/thumbnail?panoid=DrjzIDLHZf-UXGZyJBUkVg&cb_client=search.gws-prod.gps&w=408&h=240&yaw=148.20323&pitch=0&thumbfov=100",https://www.google.com/maps/search/?api=1&query=Pearl%20Gerar%20Chips%20%26%20Juices&query_place_id=ChIJM5-EtzsFLxgR15cp2ybqtRo,ChIJM5-EtzsFLxgR15cp2ybqtRo,False
Peel 'N' Fry Cafe,Restaurant,"523 Riara Rd, Nairobi, Kenya",+254 720 622700,,,,,"https://www.google.com/maps/search/?api=1&query=Peel%20 | https://www.google.com/maps/search/restaurant/@-1.30206825,36.7531745,17.002330554175863z?hl=en | https://streetviewpixels-pa.googleapis.com/v1/thumbnail?panoid=mZdvOIiuLUW9asOJ8wv7vw&cb_client=search.gws-prod.gps&w=408&h=240&yaw=120.97427&pitch=0&thumbfov=100",https://www.google.com/maps/search/?api=1&query=Peel%20'N'%20Fry%20Cafe&query_place_id=ChIJd5trqkEaLxgR93NtC-lj3Zc,ChIJd5trqkEaLxgR93NtC-lj3Zc,False
Peers Pub & Restaurant,Restaurant,"PQ25+324, Dagoretti Corner, Karandini Rd, Nairobi, Kenya",,,,,,"https://www.google.com/maps/search/?api=1&query=Peers%20Pub%20%26%20Restaurant&query_place_id=ChIJ7Z38fkEaLxgRZfsx25YPzLU | https://www.google.com/maps/search/restaurant/@-1.296413588499247,36.76508901669314,16z?hl=en | https://streetviewpixels-pa.googleapis.com/v1/thumbnail?panoid=U0ioAYBfbyF2LWGiOX9aMA&cb_client=search.gws-prod.gps&w=408&h=240&yaw=161.95866&pitch=0&thumbfov=100",https://www.google.com/maps/search/?api=1&query=Peers%20Pub%20%26%20Restaurant&query_place_id=ChIJ7Z38fkEaLxgRZfsx25YPzLU,ChIJ7Z38fkEaLxgRZfsx25YPzLU,False
PICADILY FOODS,Restaurant,"Nairobi, Kenya",,,,,,"https://www.google.com/maps/search/?api=1&query=PICADILY%20FOODS&query_place_id=ChIJz_d-kIAaLxgRblrCFeVWA9E | https://www.google.com/maps/search/restaurant/@-1.3135946628330823,36.76508901669314,16z?hl=en | https://streetviewpixels-pa.googleapis.com/v1/thumbnail?panoid=79kOc1UbJwojiXsEBLSITg&cb_client=search.gws-prod.gps&w=408&h=240&yaw=358.083&pitch=0&thumbfov=100",https://www.google.com/maps/search/?api=1&query=PICADILY%20FOODS&query_place_id=ChIJz_d-kIAaLxgRblrCFeVWA9E,ChIJz_d-kIAaLxgRblrCFeVWA9E,False
Pikanami Delicacies,Restaurant,"Kitengela Rd, Nairobi, Kenya",+254 708 394843,,,,,"https://www.google.com/maps/search/?api=1&query=Pikanami%20Delicacies&query_place_id=ChIJqw4Oe60RLxgRwHyV_HS2Ozs | https://www.google.com/maps/search/restaurant/@-1.3307757371669178,36.78227498330685,16z?hl=en | https://lh3.googleusercontent.com/gps-cs-s/AHRPTWnzyi8KouKHRjaxITDs-OqATReMoj4L1Q7gIuJfCEd5K-Ts3dKUiVEbyLfLyCEEn03-TRBfvSXbnecDhOGws5kIddbKwniaDfB5Zt70lNTdoaRPj5ZIMUO2wu6c5Y0b_AOX6Pjz2fSK7nfX=w408-h306-k-no",https://www.google.com/maps/search/?api=1&query=Pikanami%20Delicacies&query_place_id=ChIJqw4Oe60RLxgRwHyV_HS2Ozs,ChIJqw4Oe60RLxgRwHyV_HS2Ozs,False
Pikiani,Restaurant,"Rite value center, Off Naivasha Rd, Nairobi, Kenya",+254 723 812235,,,,,"https://www.google.com/maps/search/?api=1&query=Pikiani&query_place_id=ChIJmwTabVwZLxgRVWZ1jXyQ_9E | https://www.google.com/maps/search/restaurant/@-1.30206825,36.7531745,17.002330554175863z?hl=en | https://lh3.googleusercontent.com/gps-cs-s/AHRPTWlx8lwWPLT-xcMc2x19KQau8gzdQU0Dwf7zmkJu4l4YDAugfgrS60a8DC8P6taCdKxwJhCqhazd9EnhrxJKp9nE6owtyv42jfZgZE4wT76GnRtrr_8SaQt7a3J22x8BseVQiWNsVWceytk_=w408-h544-k-no",https://www.google.com/maps/search/?api=1&query=Pikiani&query_place_id=ChIJmwTabVwZLxgRVWZ1jXyQ_9E,ChIJmwTabVwZLxgRVWZ1jXyQ_9E,False
Pilau palace,Restaurant,"Ngong road, Suna Rd, Nairobi, Kenya",+254 718 262227,,,,,"https://www.google.com/maps/search/?api=1&query=Pilau%20palace&query_place_id=ChIJOS7mXVQbLxgRBLY-WZjrbpc | https://www.google.com/maps/search/restaurant/@-1.2999357,36.7739766,17.00233177367389z?hl=en | https://lh3.googleusercontent.com/gps-cs-s/AHRPTWlTTzWUTsBRXuS2lIAKMN41IAarQn4RgkFYPn8s_HlEThUc_W0gtQghLTkcNxiy5Xc7C5T9nhrZ3iTIWImBrYmBj8AfAY7DgjJNL2ZHSBcctmTMp-itjuABMTxgkxVbTZyhOuAgznGeSsah=w426-h240-k-no",https://www.google.com/maps/search/?api=1&query=Pilau%20palace&query_place_id=ChIJOS7mXVQbLxgRBLY-WZjrbpc,ChIJOS7mXVQbLxgRBLY-WZjrbpc,False
Ping Fast Foods,Restaurant,"PP4Q+5WQ, Kinyanjui Rd, Nairobi, Kenya",,,,,,"https://www.google.com/maps/search/?api=1&query=Ping%20Fast%20Foods&query_place_id=ChIJCyDN2DQaLxgRZ8Hh6EwwfqY | https://www.google.com/maps/search/restaurant/@-1.296413588499247,36.73071708346572,16z?hl=en | https://streetviewpixels-pa.googleapis.com/v1/thumbnail?panoid=BKqKyVQQn6TnAy7DuyxfVg&cb_client=search.gws-prod.gps&w=408&h=240&yaw=314.03558&pitch=0&thumbfov=100",https://www.google.com/maps/search/?api=1&query=Ping%20Fast%20Foods&query_place_id=ChIJCyDN2DQaLxgRZ8Hh6EwwfqY,ChIJCyDN2DQaLxgRZ8Hh6EwwfqY,False
Pitbull Grill & Sports Bar,Restaurant,"Langata Rd, Nairobi, Kenya",+254 739 776227,,,,,"https://www.google.com/maps/search/?api=1&query=Pitbull%20Grill%20%26%20Sports%20Bar&query_place_id=ChIJeQUhWe8bLxgRau5I7iHTZsQ | https://www.google.com/maps/search/restaurant/@-1.3307757371669178,36.73071708346572,16z?hl=en | https://streetviewpixels-pa.googleapis.com/v1/thumbnail?panoid=SdasfVxh_BF0vbtecgtGYQ&cb_client=search.gws-prod.gps&w=408&h=240&yaw=353.8319&pitch=0&thumbfov=100",https://www.google.com/maps/search/?api=1&query=Pitbull%20Grill%20%26%20Sports%20Bar&query_place_id=ChIJeQUhWe8bLxgRau5I7iHTZsQ,ChIJeQUhWe8bLxgRau5I7iHTZsQ,False
Pizza Mania,Restaurant,"MP6X+385, Nairobi, Kenya",+254 743 922688,,,,,"https://www.google.com/maps/search/?api=1&query=Pizza%20Mania&query_place_id=ChIJE7rxPdIaLxgRyu2z1I0ZgHs | https://www.google.com/maps/search/restaurant/@-1.3479568115007532,36.74790305007943,16z?hl=en | https://lh3.googleusercontent.com/gps-cs-s/AHRPTWlzB_PJhi_rygwrcJTUbgXTyPzso102iWXh9Ry8J3rCBxz3RgiqWexxB0Y2w6KF9i1aPmabewnYO7DYO5Bqi_gCSwiVAKrdFzb4wvFTASmL8sZuG3hP1J1ASwC6jpyufVyqJyABug=w408-h544-k-no",https://www.google.com/maps/search/?api=1&query=Pizza%20Mania&query_place_id=ChIJE7rxPdIaLxgRyu2z1I0ZgHs,ChIJE7rxPdIaLxgRyu2z1I0ZgHs,False
Pizza World-T. Mall,Restaurant,"T. Mall, Langata Rd, Nairobi, Kenya",+254 718 401217,,,,,"https://www.google.com/maps/search/?api=1&query=Pizza%20World-T.%20Mall&query_place_id=ChIJ7bvx_rsFLxgRwGh89AF5iZ0 | https://www.google.com/maps/search/restaurant/@-1.3479568115007532,36.76508901669314,16z?hl=en | https://lh3.googleusercontent.com/gps-cs-s/AHRPTWnl7AoCaRhdYO1FVgAQ0pArvkDPuQgv0lzRQN3GzPvSHRGcbRGflYt1w1MRYwuc2SwirNGrIijkN58oqHBu7J9O3xETR5PPFaaC3NuLGilhzKTxVNEB-0h48J0n5oSWI872GKQa=w408-h305-k-no",https://www.google.com/maps/search/?api=1&query=Pizza%20World-T.%20Mall&query_place_id=ChIJ7bvx_rsFLxgRwGh89AF5iZ0,ChIJ7bvx_rsFLxgRwGh89AF5iZ0,False
Pizzana Food Court,Restaurant,"Kilimani, Wood Avenue, Woodlands Mall, Kenya",+254 745 893884,,,,,"https://www.google.com/maps/search/?api=1&query=Pizzana%20Food%20Court&query_place_id=ChIJ-1pMddERLxgRfGRhHNAbPXo | https://www.google.com/maps/search/restaurant/@-1.2986442,36.77959205,17.00233251124554z?hl=en | https://lh3.googleusercontent.com/gps-cs-s/AHRPTWmPpAs_aazbhkxPG4cdDCI65vT1x3dfvXyOJ433k4bw5iD_yWa3nBPmZ5nhe-a6ylQaduvzD3qvP-r5sYXQbVpfQ6aXrICBplyGYMMBqUqiAbo9VXiGyWMdfzB0lRq5mLUILzP-=w408-h408-k-no",https://www.google.com/maps/search/?api=1&query=Pizzana%20Food%20Court&query_place_id=ChIJ-1pMddERLxgRfGRhHNAbPXo,ChIJ-1pMddERLxgRfGRhHNAbPXo,False
Planet K Bar & Rest,Restaurant,"MQRF+Q56, Kibera Dr, Nairobi City, Kenya",,,,,,"https://www.google.com/maps/search/?api=1&query=Planet%20K%20Bar%20%26%20Rest&query_place_id=ChIJ1Zx3mnwaLxgRSCyJL9a0F_E | https://www.google.com/maps/search/restaurant/@-1.3135946628330823,36.76508901669314,16z?hl=en | https://lh3.googleusercontent.com/gps-cs-s/AHRPTWnqRlZ4od_TIX7TEFjVlBIDbxWnU3APPS5R54aodzjAlL3Lt85lspoEe7362nntOUboBl3Y4sFLU5LLT3l61vM9iKRBN2ZFc3MOg_UyYfIseZwka2-5cV3zzq-VJMFBsuhOsA7Z=w533-h240-k-no",https://www.google.com/maps/search/?api=1&query=Planet%20K%20Bar%20%26%20Rest&query_place_id=ChIJ1Zx3mnwaLxgRSCyJL9a0F_E,ChIJ1Zx3mnwaLxgRSCyJL9a0F_E,False
PoP n Pick Food - Kwa Johnie,Restaurant,"MQGM+5R8, Maboko Rd, Nairobi, Kenya",+254 704 022668,,,,,"https://www.google.com/maps/search/?api=1&query=PoP%20n%20Pick%20Food%20-%20Kwa%20Johnie&query_place_id=ChIJubPqPAARLxgRJo_Bhcs1f4s | https://www.google.com/maps/search/restaurant/@-1.3307757371669178,36.78227498330685,16z?hl=en | https://streetviewpixels-pa.googleapis.com/v1/thumbnail?panoid=yVJWSerUshT0xHDXrsXs1A&cb_client=search.gws-prod.gps&w=408&h=240&yaw=68.64802&pitch=0&thumbfov=100",https://www.google.com/maps/search/?api=1&query=PoP%20n%20Pick%20Food%20-%20Kwa%20Johnie&query_place_id=ChIJubPqPAARLxgRJo_Bhcs1f4s,ChIJubPqPAARLxgRJo_Bhcs1f4s,False
Poravim Takeaway,Restaurant,"MQFP+F5G, Kitengela Rd, Nairobi, Kenya",+254 722 746606,,,,,"https://www.google.com/maps/search/?api=1&query=Poravim%20Takeaway&query_place_id=ChIJa7UlxXQQLxgRDB3hsLD9PaQ | https://www.google.com/maps/search/restaurant/@-1.3307757371669178,36.78227498330685,16z?hl=en | https://streetviewpixels-pa.googleapis.com/v1/thumbnail?panoid=gSlf9qi5_4OahHywqPxMTg&cb_client=search.gws-prod.gps&w=408&h=240&yaw=93.95093&pitch=0&thumbfov=100",https://www.google.com/maps/search/?api=1&query=Poravim%20Takeaway&query_place_id=ChIJa7UlxXQQLxgRDB3hsLD9PaQ,ChIJa7UlxXQQLxgRDB3hsLD9PaQ,False
Pork Centre And Restaurant,Restaurant,"Nairobi, Kenya",,,,,,"https://www.google.com/maps/search/?api=1&query=Pork%20Centre%20And%20Restaurant&query_place_id=ChIJjw8SkX0aLxgRyQhUNSLD6pQ | https://www.google.com/maps/search/restaurant/@-1.3135946628330823,36.76508901669314,16z?hl=en | https://streetviewpixels-pa.googleapis.com/v1/thumbnail?panoid=tj5SGY_twqX5UtCuVdBdAw&cb_client=search.gws-prod.gps&w=408&h=240&yaw=21.572624&pitch=0&thumbfov=100",https://www.google.com/maps/search/?api=1&query=Pork%20Centre%20And%20Restaurant&query_place_id=ChIJjw8SkX0aLxgRyQhUNSLD6pQ,ChIJjw8SkX0aLxgRyQhUNSLD6pQ,False
PORK PARADISE,Restaurant,"PQ24+2P2, Karandini Rd, Nairobi, Kenya",,,,,,"https://www.google.com/maps/search/?api=1&query=PORK%20PARADISE&query_place_id=ChIJd-RiYUEaLxgRDSjNYTPN1pk | https://www.google.com/maps/search/restaurant/@-1.30206825,36.7531745,17.002330554175863z?hl=en | https://lh3.googleusercontent.com/gps-cs-s/AHRPTWksg9uwXPWsbF3edAFjwN1iumtLbQ4o5JJMilYfizTWQn-ttYNlgzOO0zuAzXA8WEcZBSZBu8nFJRGBR04XzqIugI31fFQtDGU-VMfDfzZwmve3zBQO7ISYqE0k_p3yYpczbU16mAPBees=w408-h544-k-no",https://www.google.com/maps/search/?api=1&query=PORK%20PARADISE&query_place_id=ChIJd-RiYUEaLxgRDSjNYTPN1pk,ChIJd-RiYUEaLxgRDSjNYTPN1pk,False
Pork Place,Restaurant,"MQGQ+CXR, Kitengela Rd, Nairobi, Kenya",,,,,,"https://www.google.com/maps/search/?api=1&query=Pork%20Place&query_place_id=ChIJARaRynMQLxgR4DXPDMzN58Q | https://www.google.com/maps/search/restaurant/@-1.3307757371669178,36.78227498330685,16z?hl=en | https://streetviewpixels-pa.googleapis.com/v1/thumbnail?panoid=WViKtwPV99U73Kuu3GodMw&cb_client=search.gws-prod.gps&w=408&h=240&yaw=254.98187&pitch=0&thumbfov=100",https://www.google.com/maps/search/?api=1&query=Pork%20Place&query_place_id=ChIJARaRynMQLxgR4DXPDMzN58Q,ChIJARaRynMQLxgR4DXPDMzN58Q,False
Portview Pub(Potti) & Restaurant,Restaurant,"PP3Q+XG8, Ngotho Rd, Nairobi, Kenya",,,,,,"https://www.google.com/maps/search/?api=1&query=Portview%20Pub(Potti)%20%26%20Restaurant&query_place_id=ChIJ8YyoMjUaLxgR4f-t7HVb01o | https://www.google.com/maps/search/restaurant/@-1.296413588499247,36.74790305007943,16z?hl=en | https://streetviewpixels-pa.googleapis.com/v1/thumbnail?panoid=gfjbl8MI2Ile3yt-ZJtTAQ&cb_client=search.gws-prod.gps&w=408&h=240&yaw=284.8828&pitch=0&thumbfov=100",https://www.google.com/maps/search/?api=1&query=Portview%20Pub(Potti)%20%26%20Restaurant&query_place_id=ChIJ8YyoMjUaLxgR4f-t7HVb01o,ChIJ8YyoMjUaLxgR4f-t7HVb01o,False
Posh Treats Restaurant Lavington,Restaurant,"Braeside gardens, Nairobi, Kenya",+254 797 771179,,,,,"https://www.google.com/maps/search/?api=1&query=Posh%20Treats%20Restaurant%20Lavington&query_place_id=ChIJH16wYhsZLxgRVhRq7VpMYnQ | https://www.google.com/maps/search/restaurant/@-1.2792325141654115,36.78227498330685,16z?hl=en | https://lh3.googleusercontent.com/gps-cs-s/AHRPTWnvoHXG5dQEMkUGwNtwBxGryPZ0ncNPiRhqr9LxO8wUDC0dzdGdDT4LsjOiLn-KGTel4gBhxMq0g-AQpv6AM6PZIMy9j_Y927W5j_hYUSKNmE6rZ8IAcicmhLGyLZoM3JT3E0iIa0LkSppm=w408-h544-k-no",https://www.google.com/maps/search/?api=1&query=Posh%20Treats%20Restaurant%20Lavington&query_place_id=ChIJH16wYhsZLxgRVhRq7VpMYnQ,ChIJH16wYhsZLxgRVhRq7VpMYnQ,False
Posta Motherland Chomazone,Restaurant,"MQXF+WHH, Ngong Rd, Nairobi, Kenya",+254 909 977 666,,,,,"https://www.google.com/maps/search/?api=1&query=Posta%20Motherland%20Chomazone&query_place_id=ChIJLXEsgHEaLxgRg1lr8DRDZz8 | https://www.google.com/maps/search/restaurant/@-1.2999357,36.7739766,17.00233177367389z?hl=en | https://lh3.googleusercontent.com/gps-cs-s/AHRPTWnI3Wkgh4fxnUkuiCA8KtVlWHCZXyLYDM4JIh1NTnIRLajR_xLvJNkeI7AGqcT0kgL1v1UPJl0sWX-HmhQypuNYhDbNRpYkJOsMam4UbhPc6BW-OwaamwbnBw31yIOSK9RMdP9z=w408-h544-k-no",https://www.google.com/maps/search/?api=1&query=Posta%20Motherland%20Chomazone&query_place_id=ChIJLXEsgHEaLxgRg1lr8DRDZz8,ChIJLXEsgHEaLxgRg1lr8DRDZz8,False
Pots and kettles restaurant,Restaurant,"Off James Gichuru Road, Gedi, Kenya",+254 755 859342,,,,,"https://www.google.com/maps/search/?api=1&query=Pots%20and%20kettles%20restaurant&query_place_id=ChIJQxAZp3MZLxgR7wuhL6rWP2o | https://www.google.com/maps/search/restaurant/@-1.2792325141654115,36.76508901669314,16z?hl=en | https://lh3.googleusercontent.com/gps-cs-s/AHRPTWnD17WI4TdXl8KPzXamYcxq0K6cgC7ptPwsln3SQ9otNYvRu-gO0Z0KxEzr_PoSGKgiLtWg917ugx6T91NGCgMCI4ZPCAsk0bxmYJP8YR7aBtWsxV30WTAvjxuRmNuExGkX8TooJLePvn0=w408-h544-k-no",https://www.google.com/maps/search/?api=1&query=Pots%20and%20kettles%20restaurant&query_place_id=ChIJQxAZp3MZLxgR7wuhL6rWP2o,ChIJQxAZp3MZLxgR7wuhL6rWP2o,False
Prestige Bhajia & Chips,Restaurant,"MQPH+GPQ, Nairobi City, Kenya",,,,,,"https://www.google.com/maps/search/?api=1&query=Prestige%20Bhajia%20%26%20Chips&query_place_id=ChIJC5SQqYEaLxgRrAXPEudy7eg | https://www.google.com/maps/search/restaurant/@-1.3135946628330823,36.76508901669314,16z?hl=en | https://streetviewpixels-pa.googleapis.com/v1/thumbnail?panoid=coZju6q2LmtHJhMqA0l2sQ&cb_client=search.gws-prod.gps&w=408&h=240&yaw=264.5591&pitch=0&thumbfov=100",https://www.google.com/maps/search/?api=1&query=Prestige%20Bhajia%20%26%20Chips&query_place_id=ChIJC5SQqYEaLxgRrAXPEudy7eg,ChIJC5SQqYEaLxgRrAXPEudy7eg,False
PriMi Restaurant,Restaurant,"PP4W+FRF, Kinyanjui Rd, Nairobi, Kenya",,,,,,"https://www.google.com/maps/search/?api=1&query=PriMi%20Restaurant&query_place_id=ChIJj1072O4bLxgRJuRc8L13q10 | https://www.google.com/maps/search/restaurant/@-1.296413588499247,36.74790305007943,16z?hl=en | https://lh3.googleusercontent.com/gps-cs-s/AHRPTWmC2on4SUV3jRW6uTPq0O7newKCebDLhRnGI7Z6C609rYaY-dEFt5zW21SilqXdKl05fRsk0DoQtAh1lro1MLPhkkbplIVWLUppk32VNqy4SvlHA97Yy3CNTNCa6Y-nBQW7Wuvk=w408-h544-k-no",https://www.google.com/maps/search/?api=1&query=PriMi%20Restaurant&query_place_id=ChIJj1072O4bLxgRJuRc8L13q10,ChIJj1072O4bLxgRJuRc8L13q10,False
Primier Shop,Restaurant,"MQXF+4J9, Joseph Kangethe Rd, Nairobi, Kenya",,,,,,"https://www.google.com/maps/search/?api=1&query=Primier%20Shop&query_place_id=ChIJecnl-XAaLxgRlpk06pXcggk | https://www.google.com/maps/search/restaurant/@-1.2999357,36.7739766,17.00233177367389z?hl=en | https://lh3.googleusercontent.com/gps-cs-s/AHRPTWl26kGqkOOhsaESY7zrwxv_TUdXQ5An0mzOaZB_0-iTdMC2DGYKf0g7x5_0Qgg_lBQrtNxL9ti56tXqXZbzzprWT9ZkD5pz1egPDdnWuXMwby38SE7QSe4WecqEj7UvkTjChM-CDg=w408-h725-k-no",https://www.google.com/maps/search/?api=1&query=Primier%20Shop&query_place_id=ChIJecnl-XAaLxgRlpk06pXcggk,ChIJecnl-XAaLxgRlpk06pXcggk,False
PUAN RESTAURANT AND BUTCHERY,Restaurant,"PQ42+XPQ, Naivasha Rd, Nairobi, Kenya",,,,,,"https://www.google.com/maps/search/?api=1&query=PUAN%20RESTAURANT%20AND%20BUTCHERY&query_place_id=ChIJK44FhzkaLxgRpC6QHovWBT4 | https://www.google.com/maps/search/restaurant/@-1.296413588499247,36.76508901669314,16z?hl=en | https://streetviewpixels-pa.googleapis.com/v1/thumbnail?panoid=uA_frq9-noGBh_nXWA9kzg&cb_client=search.gws-prod.gps&w=408&h=240&yaw=22.409786&pitch=0&thumbfov=100",https://www.google.com/maps/search/?api=1&query=PUAN%20RESTAURANT%20AND%20BUTCHERY&query_place_id=ChIJK44FhzkaLxgRpC6QHovWBT4,ChIJK44FhzkaLxgRpC6QHovWBT4,False
Pumula Restaurant,Restaurant,"North, Kenya",+254 726 318980,,,,,"https://www.google.com/maps/search/?api=1&query=Pumula%20Restaurant&query_place_id=ChIJ7RKKGw8aLxgRb7jqHaI0qzo | https://www.google.com/maps/search/restaurant/@-1.296413588499247,36.76508901669314,16z?hl=en | https://streetviewpixels-pa.googleapis.com/v1/thumbnail?panoid=tk7SxgmY8EU1tsMxWPSPiQ&cb_client=search.gws-prod.gps&w=408&h=240&yaw=355.49222&pitch=0&thumbfov=100",https://www.google.com/maps/search/?api=1&query=Pumula%20Restaurant&query_place_id=ChIJ7RKKGw8aLxgRb7jqHaI0qzo,ChIJ7RKKGw8aLxgRb7jqHaI0qzo,False
Qahwati Cafe,Restaurant,"Menelik Rd, Nairobi, Kenya",+254 117 701751,,,,,"https://www.google.com/maps/search/?api=1&query=Qahwati%20Cafe&query_place_id=ChIJ4SFbBwARLxgROU7XEibnCCk | https://www.google.com/maps/search/restaurant/@-1.3013050000000002,36.7787164,17.002330990869897z?hl=en | https://lh3.googleusercontent.com/gps-cs-s/AHRPTWlKvTaQebjHDB-aBnaFgEFTNPKG5h5NEHH02U7J3QrLqL3QbUxAk26__Mqv_oPLBFmVnZGbw3q6OV70NRb6d-uicF_PMLiwVVc6TrX80Fi9DtaRdIlIGrfs2fxnRvQ5-0baq0qiYq-NT-n4=w408-h306-k-no",https://www.google.com/maps/search/?api=1&query=Qahwati%20Cafe&query_place_id=ChIJ4SFbBwARLxgROU7XEibnCCk,ChIJ4SFbBwARLxgROU7XEibnCCk,False
Queen sheba Habesha Ethiopian Restaurant,Restaurant,"Near Yaya Center, Argwings Kodhek Rd, Nairobi, Kenya",+254 719 583476,,,,,"https://www.google.com/maps/search/?api=1&query=Queen%20sheba%20Habesha%20Ethiopian%20Restaurant&query_place_id=ChIJgSWX9nkRLxgRWrbQZ6Hms0w | https://www.google.com/maps/search/restaurant/@-1.296413588499247,36.78227498330685,16z?hl=en | https://lh3.googleusercontent.com/gps-cs-s/AHRPTWm-pvlKF7nIYdQ9Z7nvWdiY_cPMXnUwVK6GC2rk1gNOZZM_N6Jmx54p2BnxxrigMqvE27Rf36_2tYd1uFKx2wHNU_Dw4nPHy8FvVvI53ZzN8phgtDl1E84d8ou2LiI-kCS4tJ6i-f3pzK5X=w477-h240-k-no",https://www.google.com/maps/search/?api=1&query=Queen%20sheba%20Habesha%20Ethiopian%20Restaurant&query_place_id=ChIJgSWX9nkRLxgRWrbQZ6Hms0w,ChIJgSWX9nkRLxgRWrbQZ6Hms0w,False
Quins Bar & Restaurant,Restaurant,"Ngong Rd, Nairobi, Kenya",+254 722 703688,,,,,"https://www.google.com/maps/search/?api=1&query=Quins%20Bar%20%26%20Restaurant&query_place_id=ChIJc2uT1XEaLxgRxS13wBsJr-s | https://www.google.com/maps/search/restaurant/@-1.296413588499247,36.76508901669314,16z?hl=en | https://lh3.googleusercontent.com/gps-cs-s/AHRPTWmnZEWyDymGRfZZsyXKphkbE2vKpN31at4FQR8NsXQ21PConM2VfEzT8IoeyV6LU7GKj4eJox3dCKs5oHpGPNwCGkyYf9hnF0RAdqAseI3uuaEWRoaOoeeNL8gLU32aGHT8hg_pBQ=w426-h240-k-no",https://www.google.com/maps/search/?api=1&query=Quins%20Bar%20%26%20Restaurant&query_place_id=ChIJc2uT1XEaLxgRxS13wBsJr-s,ChIJc2uT1XEaLxgRxS13wBsJr-s,False
R and R Restaurant and Lounge,Restaurant,"34 Gitanga Rd, Nairobi, Kenya",,,,,,"https://www.google.com/maps/search/?api=1&query=R%20and%20R%20Restaurant%20and%20Lounge&query_place_id=ChIJ16hsVgAbLxgRYgQxo5seDVw | https://www.google.com/maps/search/restaurant/@-1.296413588499247,36.76508901669314,16z?hl=en | https://lh3.googleusercontent.com/gps-cs-s/AHRPTWmg-UpXV9b85kMnXL2UqO46fr7yIg9rRHuYvKyomyCKR9T9GIlTkm5dFY2xXRgD91W8_311tYhjzRS-F-qcTqN46SWtCytTZOtlAL6FQP10Vg-6NdSLaKcyNAsCuHuk33nb8JVEPRv4VwBA=w408-h257-k-no",https://www.google.com/maps/search/?api=1&query=R%20and%20R%20Restaurant%20and%20Lounge&query_place_id=ChIJ16hsVgAbLxgRYgQxo5seDVw,ChIJ16hsVgAbLxgRYgQxo5seDVw,False
Radiant Health Restaurant,Restaurant,"Block C 2Jameson Court, Ngong Rd, Nairobi, Kenya",,,,,,"https://www.google.com/maps/search/?api=1&query=Radiant%20Health%20Restaurant&query_place_id=ChIJsZXkuJAQLxgRmoA52aFAlSs | https://www.google.com/maps/search/restaurant/@-1.296413588499247,36.78227498330685,16z?hl=en | https://lh3.googleusercontent.com/gps-proxy/ALd4DhHJlmdEuARuoLWxMdWktusyX57_fm7M-ytTyZNy37mbmxuJ-3AOUIeNRsC0XVJZnP1zVWxJ2Qi0enBaCWJRBx2WMTI0aAVnl1S1xjMoN3IlTpJIYZiCZ78aiDvs19w9HVKfG4N1skwwvEV22xSNtkqjFYWZvffPbtwI4edlSYiGv2jPvY3SGZ5XaIlO4XgYn2y3Nuc=w408-h306-k-no",https://www.google.com/maps/search/?api=1&query=Radiant%20Health%20Restaurant&query_place_id=ChIJsZXkuJAQLxgRmoA52aFAlSs,ChIJsZXkuJAQLxgRmoA52aFAlSs,False
Randevu Bar & Restaurant,Restaurant,"MQVP+CPR, Kibera Dr, Nairobi, Kenya",,,,,,"https://www.google.com/maps/search/?api=1&query=Randevu%20Bar%20%26%20Restaurant&query_place_id=ChIJv8pN_AwRLxgRe-0OH0i10mY | https://www.google.com/maps/search/restaurant/@-1.3135946628330823,36.79946094992056,16z?hl=en | https://streetviewpixels-pa.googleapis.com/v1/thumbnail?panoid=87gFgHRg_IOYehrUVNrzoQ&cb_client=search.gws-prod.gps&w=408&h=240&yaw=183.30026&pitch=0&thumbfov=100",https://www.google.com/maps/search/?api=1&query=Randevu%20Bar%20%26%20Restaurant&query_place_id=ChIJv8pN_AwRLxgRe-0OH0i10mY,ChIJv8pN_AwRLxgRe-0OH0i10mY,False
"Raza Bar & Restaurant- Eritrean, Ethiopian,kenyan & Italian cuisine",Restaurant,"Woodland mall, Nairobi, Kenya",+254 741 645531,,,,,"https://www.google.com/maps/search/?api=1&query=Raza%20Bar%20%26%20Restaurant-%20Eritrean%2C%20Ethiopian%2Ckenyan%20%26%20Italian%20cuisine&query_place_id=ChIJSVcJgKMQLxgRrLQcdfvMLMo | https://www.google.com/maps/search/restaurant/@-1.296413588499247,36.78227498330685,16z?hl=en | https://lh3.googleusercontent.com/gps-cs-s/AHRPTWngwpvLO8SC7WsB1207Dp3RgiM3Zjmc3nlatHnuWtk8mC2pjXLgSEQiIEic5EZtNfq8YpMdSWztCs_lQstGqJcAGSTTM3SRUjMhOXr3kk-UpKwSczEMRCQKvzKnoSMRnzhxgP0=w427-h240-k-no",https://www.google.com/maps/search/?api=1&query=Raza%20Bar%20%26%20Restaurant-%20Eritrean%2C%20Ethiopian%2Ckenyan%20%26%20Italian%20cuisine&query_place_id=ChIJSVcJgKMQLxgRrLQcdfvMLMo,ChIJSVcJgKMQLxgRrLQcdfvMLMo,False
RealMama's Kitchen,Restaurant,"MQXM+W26 Arcade Discounts, Nairobi, Kenya",+254 777 518515,,,,,"https://www.google.com/maps/search/?api=1&query=RealMama | https://www.google.com/maps/search/restaurant/@-1.2986442,36.77959205,17.00233251124554z?hl=en | https://lh3.googleusercontent.com/gps-cs-s/AHRPTWnM7oOiAR5rXKS01AFD4ZEhDdMD__o70GR1a-BXSiJwZwsuDN40eWtqyUeBN6fMkD1oPiToWSmTld1JvV21_EbdKfvyBExdeFrZa1twPw38MvcTODdT8eNPvSQrrW_R3PLbV86t=w408-h306-k-no",https://www.google.com/maps/search/?api=1&query=RealMama's%20Kitchen&query_place_id=ChIJg7h18J0QLxgRDph9HS0eg6U,ChIJg7h18J0QLxgRDph9HS0eg6U,False
Recess Bar & Restaurant,Restaurant,"PQ24+4F9, Dagoreti Corner, Karandini Rd, Nairobi, Kenya",+254 721 725434,,,,,"https://www.google.com/maps/search/?api=1&query=Recess%20Bar%20%26%20Restaurant&query_place_id=ChIJwamAZ0EaLxgRgvNaH4nxVNw | https://www.google.com/maps/search/restaurant/@-1.296413588499247,36.76508901669314,16z?hl=en | https://lh3.googleusercontent.com/gps-proxy/ALd4DhFlCwf-wm-b7kuNLjeJAn_QvE7YiJyp-C5A8W5x6PnipEYmJ-eU5821HJJWGi0RLU5FHvWSccnBWfG97vHXlJaAhl4eWPo78qRxFBcOqCLVfnMH2x6jcw0lAQnrb2dGoQta-KmmNEAnlomYgD2v8cG51GnrxJ3pM-nT2HBVljE1h7xtEW08Fmo_l6QA208Jk8aEBA=w408-h306-k-no",https://www.google.com/maps/search/?api=1&query=Recess%20Bar%20%26%20Restaurant&query_place_id=ChIJwamAZ0EaLxgRgvNaH4nxVNw,ChIJwamAZ0EaLxgRgvNaH4nxVNw,False
RedBrick Hotel Bar & Restaurant,Restaurant,"Silanga Road , Langata, Nairobi, Kenya",+254 724 840037,,,,,"https://www.google.com/maps/search/?api=1&query=RedBrick%20Hotel%20Bar%20%26%20Restaurant&query_place_id=ChIJ0TBMDeAbLxgRi1MVlUhClgY | https://www.google.com/maps/search/restaurant/@-1.3651378858345886,36.76508901669314,16z?hl=en | https://lh3.googleusercontent.com/gps-cs-s/AHRPTWlt5KMh6xO8HPmtGiD71CgPkBjB7WMoDap7RQqj-hBEdZVJQkr23HVf01zVf2VI0rzsmrjkcuJ_x2sropbFSgdsI7J7N9eSekyNr1SNl4WCpXdwhcGNewOszJ0YDfaoQf7Fx3hM=w408-h307-k-no",https://www.google.com/maps/search/?api=1&query=RedBrick%20Hotel%20Bar%20%26%20Restaurant&query_place_id=ChIJ0TBMDeAbLxgRi1MVlUhClgY,ChIJ0TBMDeAbLxgRi1MVlUhClgY,False
Rendezvous Restaurant-Prestige Plaza,Restaurant,"Prestige Plaza, Ngong Rd, North, Kenya",+254 20 3313991,,,,,"https://www.google.com/maps/search/?api=1&query=Rendezvous%20Restaurant-Prestige%20Plaza&query_place_id=ChIJn7L29GIRLxgRX_JbG34ap_g | https://www.google.com/maps/search/restaurant/@-1.296413588499247,36.78227498330685,16z?hl=en | https://lh3.googleusercontent.com/gps-cs-s/AHRPTWkH00T13pPsiGNjIaIL1juDAekwVYrNZPLBqNOcfSGWP6LSch3D9AqfYluqlnXSP8mziyf2RpTQw886c5QdFx5iBDGrC1YAt31GdbFjpXXPCQjnQ_WgVfoBZ5JV8l6QKh1iIoeU=w408-h544-k-no",https://www.google.com/maps/search/?api=1&query=Rendezvous%20Restaurant-Prestige%20Plaza&query_place_id=ChIJn7L29GIRLxgRX_JbG34ap_g,ChIJn7L29GIRLxgRX_JbG34ap_g,False
Rent Place Bar & Rest,Restaurant,"PP4R+92R, Nairobi, Kenya",,,,,,"https://www.google.com/maps/search/?api=1&query=Rent%20Place%20Bar%20%26%20Rest&query_place_id=ChIJB4wJwzQaLxgRX9EcFLPrY3s | https://www.google.com/maps/search/restaurant/@-1.296413588499247,36.73071708346572,16z?hl=en | https://streetviewpixels-pa.googleapis.com/v1/thumbnail?panoid=mIfIQYePlHgnQXk9AfZjZQ&cb_client=search.gws-prod.gps&w=408&h=240&yaw=117.205376&pitch=0&thumbfov=100",https://www.google.com/maps/search/?api=1&query=Rent%20Place%20Bar%20%26%20Rest&query_place_id=ChIJB4wJwzQaLxgRX9EcFLPrY3s,ChIJB4wJwzQaLxgRX9EcFLPrY3s,False
Restaurant Ultimo Cafe,Restaurant,"Nairobi, Kenya",,,,,,"https://www.google.com/maps/search/?api=1&query=Restaurant%20Ultimo%20Cafe&query_place_id=ChIJV63S92sQLxgRF8mSCUe-9Tc | https://www.google.com/maps/search/restaurant/@-1.3307757371669178,36.78227498330685,16z?hl=en | https://streetviewpixels-pa.googleapis.com/v1/thumbnail?panoid=iZcN43vv0dt_5A11mQI-Cg&cb_client=search.gws-prod.gps&w=408&h=240&yaw=354.3706&pitch=0&thumbfov=100",https://www.google.com/maps/search/?api=1&query=Restaurant%20Ultimo%20Cafe&query_place_id=ChIJV63S92sQLxgRF8mSCUe-9Tc,ChIJV63S92sQLxgRF8mSCUe-9Tc,False
Reyhan butchery & Restaurant,Restaurant,"MRV2+JP7, Nairobi, Kenya",+254 716 403203,,,,,"https://www.google.com/maps/search/?api=1&query=Reyhan%20butchery%20%26%20Restaurant&query_place_id=ChIJm6_5QCoRLxgRuNxiGCzQOtk | https://www.google.com/maps/search/restaurant/@-1.3135946628330823,36.79946094992056,16z?hl=en | https://streetviewpixels-pa.googleapis.com/v1/thumbnail?panoid=Hs5s9hRB5iTVof5XEzQY4Q&cb_client=search.gws-prod.gps&w=408&h=240&yaw=33.026554&pitch=0&thumbfov=100",https://www.google.com/maps/search/?api=1&query=Reyhan%20butchery%20%26%20Restaurant&query_place_id=ChIJm6_5QCoRLxgRuNxiGCzQOtk,ChIJm6_5QCoRLxgRuNxiGCzQOtk,False
Rib Racks BBQ Karen,Restaurant,"Nairobi, Kenya",+254 701 634775,,,,,"https://www.google.com/maps/search/?api=1&query=Rib%20Racks%20BBQ%20Karen&query_place_id=ChIJr_6KcecbLxgRxCxi0PyURZ4 | https://www.google.com/maps/search/restaurant/@-1.3479568115007532,36.74790305007943,16z?hl=en | https://lh3.googleusercontent.com/gps-cs-s/AHRPTWlNAxPrUzzjL_dDUEo5ImxkGzP4xIdL9uzCCsjpIS5N4iX2SwFwano0BFQQazjY5RYc-8Q6JEH7uKx8A1yrKlRVVTfx8xEXAqIhK1jIRQ8DtV75InxnoinNIujQgRMHKxPTzZQPaQ=w408-h544-k-no",https://www.google.com/maps/search/?api=1&query=Rib%20Racks%20BBQ%20Karen&query_place_id=ChIJr_6KcecbLxgRxCxi0PyURZ4,ChIJr_6KcecbLxgRxCxi0PyURZ4,False
Ripples,Restaurant,"Nairobi, Kenya",,,,,,"https://www.google.com/maps/search/?api=1&query=Ripples&query_place_id=ChIJDe07Y54aLxgR4iVi5twriiU | https://www.google.com/maps/search/restaurant/@-1.3307757371669178,36.78227498330685,16z?hl=en | https://streetviewpixels-pa.googleapis.com/v1/thumbnail?panoid=Lhr7Ut3DlmwBQudJP0E4cw&cb_client=search.gws-prod.gps&w=408&h=240&yaw=245.49693&pitch=0&thumbfov=100",https://www.google.com/maps/search/?api=1&query=Ripples&query_place_id=ChIJDe07Y54aLxgR4iVi5twriiU,ChIJDe07Y54aLxgR4iVi5twriiU,False
Rising Star Cafe & Restaurant,Restaurant,"Lenana Rd, Nairobi, Kenya",+254 713 141414,,,,,"https://www.google.com/maps/search/?api=1&query=Rising%20Star%20Cafe%20%26%20Restaurant&query_place_id=ChIJK_rupJkQLxgRhxUBR5XJ4Hs | https://www.google.com/maps/search/restaurant/@-1.296413588499247,36.78227498330685,16z?hl=en | https://streetviewpixels-pa.googleapis.com/v1/thumbnail?panoid=1PVTf4gVkBGTejytB8d0uQ&cb_client=search.gws-prod.gps&w=408&h=240&yaw=181.19131&pitch=0&thumbfov=100",https://www.google.com/maps/search/?api=1&query=Rising%20Star%20Cafe%20%26%20Restaurant&query_place_id=ChIJK_rupJkQLxgRhxUBR5XJ4Hs,ChIJK_rupJkQLxgRhxUBR5XJ4Hs,False
ROCKSTAR RESTAURANT,Restaurant,"PR44+9F4, Ralph Bunche Rd, Nairobi, Kenya",,,,,,"https://www.google.com/maps/search/?api=1&query=ROCKSTAR%20RESTAURANT&query_place_id=ChIJldUss8EQLxgRTdOKAxQiZk0 | https://www.google.com/maps/search/restaurant/@-1.296413588499247,36.79946094992056,16z?hl=en | https://streetviewpixels-pa.googleapis.com/v1/thumbnail?panoid=UWrW-oxsD_CFssr-FLJh8g&cb_client=search.gws-prod.gps&w=408&h=240&yaw=52.90867&pitch=0&thumbfov=100",https://www.google.com/maps/search/?api=1&query=ROCKSTAR%20RESTAURANT&query_place_id=ChIJldUss8EQLxgRTdOKAxQiZk0,ChIJldUss8EQLxgRTdOKAxQiZk0,False
Roots & Riddimz Restaurant and Lounge,Restaurant,"Gitanga Rd, Nairobi, Kenya",,,,,,"https://www.google.com/maps/search/?api=1&query=Roots%20%26%20Riddimz%20Restaurant%20and%20Lounge&query_place_id=ChIJX7rEQQAbLxgRR44M4MP2dxQ | https://www.google.com/maps/search/restaurant/@-1.296413588499247,36.76508901669314,16z?hl=en | https://lh3.googleusercontent.com/gps-cs-s/AHRPTWkMZWIrdJkhpEFXFzyZnnN6ie6u9ws8wDwPheXxmEKD5GBcUV1T9HRkj0Jm2TT-6cTaplyfN8XHckF-Qg1ECxhcxij7pM6z-fzLzQBjz88f4dD3Pwyx1nKlcoRHgyyOJ_TXH5imVvp3auKB=w408-h272-k-no",https://www.google.com/maps/search/?api=1&query=Roots%20%26%20Riddimz%20Restaurant%20and%20Lounge&query_place_id=ChIJX7rEQQAbLxgRR44M4MP2dxQ,ChIJX7rEQQAbLxgRR44M4MP2dxQ,False
Rotana Cafe,Restaurant,"Ndemi Rd, Nairobi, Kenya",,,,,,"https://www.google.com/maps/search/?api=1&query=Rotana%20Cafe&query_place_id=ChIJE22RXQAbLxgReygQbg3RSDw | https://www.google.com/maps/search/restaurant/@-1.293340725,36.778052200000005,17.00233553235424z?hl=en | https://lh3.googleusercontent.com/gps-cs-s/AHRPTWkcS2VnwzDML-VDjHTR_ezEA_ukSMquB4AoaTTmegncb8S96XazyKiU66KXjWiFnCoJmhq1Vmg8L85u8T55j2VpLdBVsroggVwrBJpxWCF9KajEhZ52KCgB3jnKeM2W2HhK4irw7WB7THKe=w408-h328-k-no",https://www.google.com/maps/search/?api=1&query=Rotana%20Cafe&query_place_id=ChIJE22RXQAbLxgReygQbg3RSDw,ChIJE22RXQAbLxgReygQbg3RSDw,False
Roxy Restaurant,Restaurant,"PQ2M+RMF, Menelik Rd, Nairobi, Kenya",,,,,,"https://www.google.com/maps/search/?api=1&query=Roxy%20Restaurant&query_place_id=ChIJx2q_U54QLxgRtiaLa69KXXI | https://www.google.com/maps/search/restaurant/@-1.296413588499247,36.78227498330685,16z?hl=en | https://streetviewpixels-pa.googleapis.com/v1/thumbnail?panoid=FrRw3fyhy8HoGEuNSdZn2g&cb_client=search.gws-prod.gps&w=408&h=240&yaw=246.98433&pitch=0&thumbfov=100",https://www.google.com/maps/search/?api=1&query=Roxy%20Restaurant&query_place_id=ChIJx2q_U54QLxgRtiaLa69KXXI,ChIJx2q_U54QLxgRtiaLa69KXXI,False
Sa'Gene cafeserie,Restaurant,"Mararo Ave, Nairobi, Kenya",+254 719 827366,,,,,"https://www.google.com/maps/search/?api=1&query=Sa | https://www.google.com/maps/search/restaurant/@-1.2983534384615385,36.76283634615385,17.002332677197412z?hl=en | https://lh3.googleusercontent.com/gps-cs-s/AHRPTWlYGAyRP5etjkfFTjPq9mim9dIFoqmfebfShyd-2nVCZkb2QQLLXJYEAx0xU3sXt7nH2lSKmNWZC2qrEQCAeQC5Gn7S27Vbe-JWAWVFX1e6lObG66MZHpuKDHnkEOME7_9dZgf1wZltrtxT=w408-h262-k-no",https://www.google.com/maps/search/?api=1&query=Sa'Gene%20cafeserie&query_place_id=ChIJiRaGTyIRLxgRHwr8_pXltjQ,ChIJiRaGTyIRLxgRHwr8_pXltjQ,False
Sabrinas Ethiopian Cuisine Bar And Restaurant (Closed Down),Restaurant,"Kileleshwa Mbaazi Dagoreti North, Kenya",+254 722 813484,,,,,"https://www.google.com/maps/search/?api=1&query=Sabrinas%20Ethiopian%20Cuisine%20Bar%20And%20Restaurant%20(Closed%20Down)&query_place_id=ChIJpfmG10QbLxgR8xeMJOB6Jt8 | https://www.google.com/maps/search/restaurant/@-1.296413588499247,36.76508901669314,16z?hl=en | https://lh3.googleusercontent.com/gps-cs-s/AHRPTWkA5Jm25fCYGfsJGnHmarxReGZKtqmZ1B6JYQE_Wtd5PDpBlQbYpuf9-SvMy6I8fuyFKVfz6Iu2ffgOdMOMp2JUovc2MSxP0cLGSdfklVq4Q42QIEDoe9n3gCNZQ1IGHd8ozIzwmw=w408-h725-k-no",https://www.google.com/maps/search/?api=1&query=Sabrinas%20Ethiopian%20Cuisine%20Bar%20And%20Restaurant%20(Closed%20Down)&query_place_id=ChIJpfmG10QbLxgR8xeMJOB6Jt8,ChIJpfmG10QbLxgR8xeMJOB6Jt8,False
Saffron,Restaurant,"PQ27+Q28, Kiangara Road, Nairobi, Kenya",,,,,,"https://www.google.com/maps/search/?api=1&query=Saffron&query_place_id=ChIJYYVp-GoaLxgRDM4-_UxoHQ4 | https://www.google.com/maps/search/restaurant/@-1.2983534384615385,36.76283634615385,17.002332677197412z?hl=en",https://www.google.com/maps/search/?api=1&query=Saffron&query_place_id=ChIJYYVp-GoaLxgRDM4-_UxoHQ4,ChIJYYVp-GoaLxgRDM4-_UxoHQ4,False
Sawasawa Chips & Restaurant,Restaurant,"MQQH+XXP, Kibera Dr, Nairobi City, Kenya",,,,,,"https://www.google.com/maps/search/?api=1&query=Sawasawa%20Chips%20%26%20Restaurant&query_place_id=ChIJR1eXun8aLxgRjaTi1qIQvmA | https://www.google.com/maps/search/restaurant/@-1.3135946628330823,36.78227498330685,16z?hl=en | https://streetviewpixels-pa.googleapis.com/v1/thumbnail?panoid=n1XwCseG76nbp0sPreB3SQ&cb_client=search.gws-prod.gps&w=408&h=240&yaw=334.3596&pitch=0&thumbfov=100",https://www.google.com/maps/search/?api=1&query=Sawasawa%20Chips%20%26%20Restaurant&query_place_id=ChIJR1eXun8aLxgRjaTi1qIQvmA,ChIJR1eXun8aLxgRjaTi1qIQvmA,False
Scanden Bar & Restaurant,Restaurant,"MQX4+WF4, Karandini Rd, Nairobi City, Kenya",,,,,,"https://www.google.com/maps/search/?api=1&query=Scanden%20Bar%20%26%20Restaurant&query_place_id=ChIJ31nR4UMaLxgRdW7xTN4rPfI | https://www.google.com/maps/search/restaurant/@-1.296413588499247,36.76508901669314,16z?hl=en | https://streetviewpixels-pa.googleapis.com/v1/thumbnail?panoid=iB7dtKedCR4IwE-5GjWeiA&cb_client=search.gws-prod.gps&w=408&h=240&yaw=220.37202&pitch=0&thumbfov=100",https://www.google.com/maps/search/?api=1&query=Scanden%20Bar%20%26%20Restaurant&query_place_id=ChIJ31nR4UMaLxgRdW7xTN4rPfI,ChIJ31nR4UMaLxgRdW7xTN4rPfI,False
"Scottsdale Bar & Restaurant, Karen",Restaurant,"One Stop Arcade, Nairobi, Kenya",+254 748 949694,,,,,"https://www.google.com/maps/search/?api=1&query=Scottsdale%20Bar%20%26%20Restaurant%2C%20Karen&query_place_id=ChIJRXWyiCYbLxgRg898dK93ANo | https://www.google.com/maps/search/restaurant/@-1.3479568115007532,36.74790305007943,16z?hl=en | https://lh3.googleusercontent.com/gps-cs-s/AHRPTWke6tGuH6vABYsxnPpW_dCwikqCjEoZfN87AMwAYBeTfPEm3MTf4QVNc7rqDNkFZbW3puLNZz7wwugN4EbmU8ob2eGHZQHDkcYbHKg4bX_wBg1dXIV4b9gsk6QrKWI95Xn7jAEc=w408-h306-k-no",https://www.google.com/maps/search/?api=1&query=Scottsdale%20Bar%20%26%20Restaurant%2C%20Karen&query_place_id=ChIJRXWyiCYbLxgRg898dK93ANo,ChIJRXWyiCYbLxgRg898dK93ANo,False
Scottsdale Sports Bar & Restaurant,Restaurant,"MQ52+M2M, Langata Rd, Nairobi, Kenya",+254 781 368834,,,,,"https://www.google.com/maps/search/?api=1&query=Scottsdale%20Sports%20Bar%20%26%20Restaurant&query_place_id=ChIJK8hzEwAbLxgRPtTjGVevgIw | https://www.google.com/maps/search/restaurant/@-1.3307757371669178,36.76508901669314,16z?hl=en | https://lh3.googleusercontent.com/gps-cs-s/AHRPTWlMZnUgTDc8eSOn1BTWo0geGLdlY5JZotJ5Qm9zOV0SGPRkcj5ZwnM7mAkKfB69Rg8eQqzPawW3lIZ4pVV_50ZSUETaMK4Cp8VxN5bX6p4c5ab7Kj9H62H3QTWTJO1rrXaQq17T=w408-h306-k-no",https://www.google.com/maps/search/?api=1&query=Scottsdale%20Sports%20Bar%20%26%20Restaurant&query_place_id=ChIJK8hzEwAbLxgRPtTjGVevgIw,ChIJK8hzEwAbLxgRPtTjGVevgIw,False
Sebuleni Outdoor Bar,Restaurant,"Riara Rd, Nairobi, Kenya",,,,,,"https://www.google.com/maps/search/?api=1&query=Sebuleni%20Outdoor%20Bar&query_place_id=ChIJz9tbtTYbLxgRJcrvkZDlWeY | https://www.google.com/maps/search/restaurant/@-1.296413588499247,36.74790305007943,16z?hl=en | https://lh3.googleusercontent.com/gps-cs-s/AHRPTWnGicdwrCalS2VyddmuMXqwEeYQl2mInyzOa00AHeiVbqdzBJj-JfHdyaVPZGrgDnwsAoMxXf_Mo73ND6FtffZouNLxmA5zyUlabKZBQ6cLRHsW9LOwOyYS6k50t110abpZ0fKq=w408-h306-k-no",https://www.google.com/maps/search/?api=1&query=Sebuleni%20Outdoor%20Bar&query_place_id=ChIJz9tbtTYbLxgRJcrvkZDlWeY,ChIJz9tbtTYbLxgRJcrvkZDlWeY,False
Senna Lounge,Restaurant,"Off Mbaazi Rd, Nairobi, Kenya",+254 727 785302,,,,,"https://www.google.com/maps/search/?api=1&query=Senna%20Lounge&query_place_id=ChIJ0TlgtRMbLxgRxwlQ9KqH8SQ | https://www.google.com/maps/search/restaurant/@-1.292292,36.7671123,17.00233612829275z?hl=en | https://lh3.googleusercontent.com/gps-cs-s/AHRPTWk-MKlK_9C9TJQw4-8nU3T7u1YsVHe3Q7zBgbIkSbiLqgoSvudxmBwhJicRDowJIoh3ioQyQBa2Z_AnAc2LrckKzKuWgg9QtMbxhFAoF0a91p3s43bxaargwn3wFX3OGCiW1u2enw=w408-h544-k-no",https://www.google.com/maps/search/?api=1&query=Senna%20Lounge&query_place_id=ChIJ0TlgtRMbLxgRxwlQ9KqH8SQ,ChIJ0TlgtRMbLxgRxwlQ9KqH8SQ,False
Seraphic Aroma Restaurant,Restaurant,"748 Langata Rd, Nairobi, Kenya",,,,,,"https://www.google.com/maps/search/?api=1&query=Seraphic%20Aroma%20Restaurant&query_place_id=ChIJtViXLgARLxgRB5v6ixrH78I | https://www.google.com/maps/search/restaurant/@-1.3307757371669178,36.78227498330685,16z?hl=en | https://streetviewpixels-pa.googleapis.com/v1/thumbnail?panoid=zLHuZo3lyPWsovYIzglIYQ&cb_client=search.gws-prod.gps&w=408&h=240&yaw=331.70898&pitch=0&thumbfov=100",https://www.google.com/maps/search/?api=1&query=Seraphic%20Aroma%20Restaurant&query_place_id=ChIJtViXLgARLxgRB5v6ixrH78I,ChIJtViXLgARLxgRB5v6ixrH78I,False
SHABIMO,Restaurant,"PQ23+Q5Q, Wanyee Rd, Nairobi, Kenya",,,,,,"https://www.google.com/maps/search/?api=1&query=SHABIMO&query_place_id=ChIJnQ5UA0caLxgRGR-uzaF7NSg | https://www.google.com/maps/search/restaurant/@-1.30206825,36.7531745,17.002330554175863z?hl=en | https://streetviewpixels-pa.googleapis.com/v1/thumbnail?panoid=tOW79atSD5c0OSoYOHFJRg&cb_client=search.gws-prod.gps&w=408&h=240&yaw=3.935884&pitch=0&thumbfov=100",https://www.google.com/maps/search/?api=1&query=SHABIMO&query_place_id=ChIJnQ5UA0caLxgRGR-uzaF7NSg,ChIJnQ5UA0caLxgRGR-uzaF7NSg,False
Shamatta Pork,Restaurant,"PP6V+98Q, Nairobi, Kenya",,,,,,"https://www.google.com/maps/search/?api=1&query=Shamatta%20Pork&query_place_id=ChIJa-jCDjIaLxgRRiAjL8Oe65o | https://www.google.com/maps/search/restaurant/@-1.296413588499247,36.73071708346572,16z?hl=en | https://streetviewpixels-pa.googleapis.com/v1/thumbnail?panoid=LX4jQIhyTjHj28U0Ch49rA&cb_client=search.gws-prod.gps&w=408&h=240&yaw=219.8036&pitch=0&thumbfov=100",https://www.google.com/maps/search/?api=1&query=Shamatta%20Pork&query_place_id=ChIJa-jCDjIaLxgRRiAjL8Oe65o,ChIJa-jCDjIaLxgRRiAjL8Oe65o,False
Shawarma Pot,Restaurant,"Nairobi, Kenya",,,,,,"https://www.google.com/maps/search/?api=1&query=Shawarma%20Pot&query_place_id=ChIJDUxQUnMQLxgR4o3gIxEnnXs | https://www.google.com/maps/search/restaurant/@-1.3307757371669178,36.78227498330685,16z?hl=en | https://streetviewpixels-pa.googleapis.com/v1/thumbnail?panoid=usJr6gd0c8jxyQEFgxXRSg&cb_client=search.gws-prod.gps&w=408&h=240&yaw=128.25351&pitch=0&thumbfov=100",https://www.google.com/maps/search/?api=1&query=Shawarma%20Pot&query_place_id=ChIJDUxQUnMQLxgR4o3gIxEnnXs,ChIJDUxQUnMQLxgR4o3gIxEnnXs,True
Sheger ethiopia restaurant,Restaurant,"Kilimani Rd, Nairobi, Kenya",+254 702 247259,,,,,"https://www.google.com/maps/search/?api=1&query=Sheger%20ethiopia%20restaurant&query_place_id=ChIJeWZc9N4bLxgRrASz9iXhUVs | https://www.google.com/maps/search/restaurant/@-1.296413588499247,36.78227498330685,16z?hl=en | https://lh3.googleusercontent.com/gps-cs-s/AHRPTWlTdtqGsj2TyEMuiNJcfl7JGgDFbFgU1suYMUMDWDksA6Mh4LzFr2-SUEnsKuwPzpEipp9e3YGqpWMjtHS0XtycaSw_q9_y-xRd740BtdV3uzD3cQWZRw7te6wedbZgGtPIb4mNrJcACHHO=w426-h240-k-no",https://www.google.com/maps/search/?api=1&query=Sheger%20ethiopia%20restaurant&query_place_id=ChIJeWZc9N4bLxgRrASz9iXhUVs,ChIJeWZc9N4bLxgRrASz9iXhUVs,False
Sherlocks Den,Restaurant,"Karen Mugo Kabiru Rd Prestige Plaza, Kenya",+254 717 793716,,,,,"https://www.google.com/maps/search/?api=1&query=Sherlocks%20Den&query_place_id=ChIJp3PDCpwQLxgRauuZ8XxHZrM | https://www.google.com/maps/search/restaurant/@-1.296413588499247,36.79946094992056,16z?hl=en | https://lh3.googleusercontent.com/gps-cs-s/AHRPTWkQAXhIDDclCjgZfDZwi3WWaxF_sWzqA6IeljzVnWS3vDS5FHiMvSkcPFliaeWKAO4jU9w46cPIM1tuBnp8d-Xabgd6RgJ6jA6h8wrw3uAqpMyxUas8u02ID7kWnGN-e0zYtRKyMJIw8zo=w408-h544-k-no",https://www.google.com/maps/search/?api=1&query=Sherlocks%20Den&query_place_id=ChIJp3PDCpwQLxgRauuZ8XxHZrM,ChIJp3PDCpwQLxgRauuZ8XxHZrM,False
Shnank Lounge,Restaurant,"MQXJ+72P, Nairobi, Kenya",,,,,,"https://www.google.com/maps/search/?api=1&query=Shnank%20Lounge&query_place_id=ChIJd7FOsncaLxgRzMDhV8Wdm_U | https://www.google.com/maps/search/restaurant/@-1.2999357,36.7739766,17.00233177367389z?hl=en | https://streetviewpixels-pa.googleapis.com/v1/thumbnail?panoid=DXVFKraQdEcxIIlZVkKvJA&cb_client=search.gws-prod.gps&w=408&h=240&yaw=344.23193&pitch=0&thumbfov=100",https://www.google.com/maps/search/?api=1&query=Shnank%20Lounge&query_place_id=ChIJd7FOsncaLxgRzMDhV8Wdm_U,ChIJd7FOsncaLxgRzMDhV8Wdm_U,False
SIMBA COACH BUMALA,Restaurant,"riruta women, Mama Wahu Rd, Butula, Kenya",+254 707 661617,,,,,"https://www.google.com/maps/search/?api=1&query=SIMBA%20COACH%20BUMALA&query_place_id=ChIJwS2qVCEbLxgRr9TEODhW1gs | https://www.google.com/maps/search/restaurant/@-1.296413588499247,36.73071708346572,16z?hl=en | https://streetviewpixels-pa.googleapis.com/v1/thumbnail?panoid=gengQbIoppsBAM2_DOw_MA&cb_client=search.gws-prod.gps&w=408&h=240&yaw=184.2883&pitch=0&thumbfov=100",https://www.google.com/maps/search/?api=1&query=SIMBA%20COACH%20BUMALA&query_place_id=ChIJwS2qVCEbLxgRr9TEODhW1gs,ChIJwS2qVCEbLxgRr9TEODhW1gs,False
Sinia Eatery,Restaurant,"1148 Box park Gitanga Rd, Nairobi, Kenya",+254 746 885404,,,,,"https://www.google.com/maps/search/?api=1&query=Sinia%20Eatery&query_place_id=ChIJBbqvj5EbLxgR9c-rBBFDN2s | https://www.google.com/maps/search/restaurant/@-1.292292,36.7671123,17.00233612829275z?hl=en | https://lh3.googleusercontent.com/gps-cs-s/AHRPTWlsP_9Tnz6oiJr6S2hxr0wCe6NQ_ep0gEygg8hAdlVKjlsccEOZd6bZFP36igAYQksswVHBM4QyeMttBDGNnLWRz-1w9Tm_T1u7p1ZpgRQBAbcFl1SVe3_LZt5OV0GL01qul7ItO0DUcfto=w408-h725-k-no",https://www.google.com/maps/search/?api=1&query=Sinia%20Eatery&query_place_id=ChIJBbqvj5EbLxgR9c-rBBFDN2s,ChIJBbqvj5EbLxgR9c-rBBFDN2s,False
Six thirty Café,Restaurant,"Suguta Center, Suguta Rd, Nairobi, Kenya",+254 701 469200,,,,,"https://www.google.com/maps/search/?api=1&query=Six%20thirty%20Caf%C3%A9&query_place_id=ChIJtf3tKh0bLxgRKK11vkWS0Zg | https://www.google.com/maps/search/restaurant/@-1.2895935545454547,36.773318836363636,17.002337659462743z?hl=en | https://lh3.googleusercontent.com/gps-cs-s/AHRPTWlcOUe2d3BcwouMA2QXzILrMRGWQl_h11fOOTqTOzdVab0U_cxLaMwyfAFPKWTkiv2FUOy6rJsxOAWv5FHzjQd_IKHblgt9FXeTXh40oW8e4a5fjX5YHkKNzWIjVmIK6l7kNMz4Ow=w408-h306-k-no",https://www.google.com/maps/search/?api=1&query=Six%20thirty%20Caf%C3%A9&query_place_id=ChIJtf3tKh0bLxgRKK11vkWS0Zg,ChIJtf3tKh0bLxgRKK11vkWS0Zg,False
Smokeyard Langata,Restaurant,"Langata Link Rd, Nairobi, Kenya",+254 722 980002,,,,,"https://www.google.com/maps/search/?api=1&query=Smokeyard%20Langata&query_place_id=ChIJQ8jLusYRLxgR_y3D1J6jMZU | https://www.google.com/maps/search/restaurant/@-1.3651378858345886,36.76508901669314,16z?hl=en | https://lh3.googleusercontent.com/gps-cs-s/AHRPTWmhzTerif6XQJIolW9XlkMl3sIvFbMf-9e5QeQ8GMYermprlKonTGdwjHPB1n-XqbojWjTkj36xUzFai9HuqJCA8Nv-9uUmiPiXeZms0qrpPov50cu_91igp_cdgYGYBJNO1K90yg=w408-h306-k-no",https://www.google.com/maps/search/?api=1&query=Smokeyard%20Langata&query_place_id=ChIJQ8jLusYRLxgR_y3D1J6jMZU,ChIJQ8jLusYRLxgR_y3D1J6jMZU,False
Soapy K's Carwash,Restaurant,"JQV6+RFF Park, Nairobi, Kenya",,,,,,"https://www.google.com/maps/search/?api=1&query=Soapy%20K | https://www.google.com/maps/search/restaurant/@-1.3479568115007532,36.74790305007943,16z?hl=en | https://streetviewpixels-pa.googleapis.com/v1/thumbnail?panoid=fT0SCb_HX2x8-9gdVOy84g&cb_client=search.gws-prod.gps&w=408&h=240&yaw=319.76257&pitch=0&thumbfov=100",https://www.google.com/maps/search/?api=1&query=Soapy%20K's%20Carwash&query_place_id=ChIJ6en4vEAFLxgRjFd3HaAl46M,ChIJ6en4vEAFLxgRjFd3HaAl46M,False
SOJOVALO FAST FOOD,Restaurant,"Nairobi, Kenya",,,,,,"https://www.google.com/maps/search/?api=1&query=SOJOVALO%20FAST%20FOOD&query_place_id=ChIJBzVIkn0aLxgRlUuqhuDOd1Y | https://www.google.com/maps/search/restaurant/@-1.3135946628330823,36.76508901669314,16z?hl=en | https://streetviewpixels-pa.googleapis.com/v1/thumbnail?panoid=W4JvsQv2MbmsQQopSm-nmQ&cb_client=search.gws-prod.gps&w=408&h=240&yaw=37.35373&pitch=0&thumbfov=100",https://www.google.com/maps/search/?api=1&query=SOJOVALO%20FAST%20FOOD&query_place_id=ChIJBzVIkn0aLxgRlUuqhuDOd1Y,ChIJBzVIkn0aLxgRlUuqhuDOd1Y,False
Soxxy's Kitchen and Grill,Restaurant,"Kitengela Rd, Nairobi, Kenya",+254 721 642438,,,,,"https://www.google.com/maps/search/?api=1&query=Soxxy | https://www.google.com/maps/search/restaurant/@-1.3307757371669178,36.78227498330685,16z?hl=en | http://t3.gstatic.com/images?q=tbn:ANd9GcTuepd5ozUIKji6T_KZgIclPm4Vw-Qv0ldsjOdJSqQeYBwgjH7k",https://www.google.com/maps/search/?api=1&query=Soxxy's%20Kitchen%20and%20Grill&query_place_id=ChIJy7t1mH4RLxgRYIiRtw8UuQ0,ChIJy7t1mH4RLxgRYIiRtw8UuQ0,False
Spice Eatery,Restaurant,"MQXM+M6F, Ngong Rd, Nairobi, Kenya",+254 797 603762,,,,,"https://www.google.com/maps/search/?api=1&query=Spice%20Eatery&query_place_id=ChIJeQHIJrURLxgRdSlmHZtk-kA | https://www.google.com/maps/search/restaurant/@-1.3013050000000002,36.7787164,17.002330990869897z?hl=en | https://lh3.googleusercontent.com/gps-cs-s/AHRPTWlDHELK47BkIYQZ4d1oQZ52YTnwkzPAhWXbkrimevD5Qbnv2d0RKa_QHCvWbSiN0MgkjRH-fcGpVH3jNLTxjgi5SGIEU29xSES1c_DQVXx6nR87_cDTMZn1ck6c2TDbQYBtPHOvHJQGrfnV=w408-h306-k-no",https://www.google.com/maps/search/?api=1&query=Spice%20Eatery&query_place_id=ChIJeQHIJrURLxgRdSlmHZtk-kA,ChIJeQHIJrURLxgRdSlmHZtk-kA,False
Spiced Rocks,Restaurant,"MQXF+8JR, Joseph Kangethe Rd, Nairobi, Kenya",,,,,,"https://www.google.com/maps/search/?api=1&query=Spiced%20Rocks&query_place_id=ChIJIdDfAHEaLxgRVzHkh68FqEM | https://www.google.com/maps/search/restaurant/@-1.2999357,36.7739766,17.00233177367389z?hl=en | https://streetviewpixels-pa.googleapis.com/v1/thumbnail?panoid=ZpQ2QiRKM0V0RqHj-yQagA&cb_client=search.gws-prod.gps&w=408&h=240&yaw=234.1951&pitch=0&thumbfov=100",https://www.google.com/maps/search/?api=1&query=Spiced%20Rocks&query_place_id=ChIJIdDfAHEaLxgRVzHkh68FqEM,ChIJIdDfAHEaLxgRVzHkh68FqEM,False
Spicy Fries,Restaurant,"Dagoretti South, Kenya",+254 707 661617,,,,,"https://www.google.com/maps/search/?api=1&query=Spicy%20Fries&query_place_id=ChIJSfQd-fkbLxgRVydXchT2v54 | https://www.google.com/maps/search/restaurant/@-1.296413588499247,36.73071708346572,16z?hl=en | https://streetviewpixels-pa.googleapis.com/v1/thumbnail?panoid=gengQbIoppsBAM2_DOw_MA&cb_client=search.gws-prod.gps&w=408&h=240&yaw=184.2883&pitch=0&thumbfov=100",https://www.google.com/maps/search/?api=1&query=Spicy%20Fries&query_place_id=ChIJSfQd-fkbLxgRVydXchT2v54,ChIJSfQd-fkbLxgRVydXchT2v54,False
Stage Inn Bar & Restaurant,Restaurant,"MQRJ+PP8, Kibera Dr, Nairobi City, Kenya",,,,,,"https://www.google.com/maps/search/?api=1&query=Stage%20Inn%20Bar%20%26%20Restaurant&query_place_id=ChIJE5DcWH8aLxgRpr8CfJxLHFQ | https://www.google.com/maps/search/restaurant/@-1.3135946628330823,36.78227498330685,16z?hl=en | https://streetviewpixels-pa.googleapis.com/v1/thumbnail?panoid=71Z3OVfqQyfCmRV6TRTpmQ&cb_client=search.gws-prod.gps&w=408&h=240&yaw=201.69708&pitch=0&thumbfov=100",https://www.google.com/maps/search/?api=1&query=Stage%20Inn%20Bar%20%26%20Restaurant&query_place_id=ChIJE5DcWH8aLxgRpr8CfJxLHFQ,ChIJE5DcWH8aLxgRpr8CfJxLHFQ,False
Steak And Ale Restaurant-Ngong Rd,Restaurant,"Kawangware George Padimore Ln Dundee Court, North, Kenya",+254 711 611872,,,,,"https://www.google.com/maps/search/?api=1&query=Steak%20And%20Ale%20Restaurant-Ngong%20Rd&query_place_id=ChIJG2eq7JkQLxgReoYelhIzcnA | https://www.google.com/maps/search/restaurant/@-1.296413588499247,36.78227498330685,16z?hl=en | https://lh3.googleusercontent.com/gps-cs-s/AHRPTWm5BHAAumgcKU83sO4WjSRW0E0zPRYOrio6pe0_rzRWnfe5C6TDhjbVC9FThWClUvnm5XCWp8_yXSzI0y9Uk4EjkJbLt2xJMNTEfaM-PVTt50kvZST35TPjU2qVeRSWFn7v7l0L=w408-h544-k-no",https://www.google.com/maps/search/?api=1&query=Steak%20And%20Ale%20Restaurant-Ngong%20Rd&query_place_id=ChIJG2eq7JkQLxgReoYelhIzcnA,ChIJG2eq7JkQLxgReoYelhIzcnA,False
Steffeys Restaurant Ltd,Restaurant,"PQ6P+JHQ, Ring Rd, Nairobi, Kenya",+254 724 567182,,,,,"https://www.google.com/maps/search/?api=1&query=Steffeys%20Restaurant%20Ltd&query_place_id=ChIJn2SNDFYRLxgRkK5EGYJJZhw | https://www.google.com/maps/search/restaurant/@-1.296413588499247,36.79946094992056,16z?hl=en | https://streetviewpixels-pa.googleapis.com/v1/thumbnail?panoid=EA47_vjt3iPO5LX4i7bKdw&cb_client=search.gws-prod.gps&w=408&h=240&yaw=285.1729&pitch=0&thumbfov=100",https://www.google.com/maps/search/?api=1&query=Steffeys%20Restaurant%20Ltd&query_place_id=ChIJn2SNDFYRLxgRkK5EGYJJZhw,ChIJn2SNDFYRLxgRkK5EGYJJZhw,False
Stonicseatery,Restaurant,"Prestige Plaza, along Ngong road Dagorreti North, Kenya",+254 704 844732,,,,,"https://www.google.com/maps/search/?api=1&query=Stonicseatery&query_place_id=ChIJa9d_NKERLxgRXFbpc4f9OIM | https://www.google.com/maps/search/restaurant/@-1.2986442,36.77959205,17.00233251124554z?hl=en",https://www.google.com/maps/search/?api=1&query=Stonicseatery&query_place_id=ChIJa9d_NKERLxgRXFbpc4f9OIM,ChIJa9d_NKERLxgRXFbpc4f9OIM,False
Students' mess,Restaurant,"MQX7+86W, Nairobi, Kenya",,,,,,"https://www.google.com/maps/search/?api=1&query=Students | https://www.google.com/maps/search/restaurant/@-1.2983534384615385,36.76283634615385,17.002332677197412z?hl=en",https://www.google.com/maps/search/?api=1&query=Students'%20mess&query_place_id=ChIJHXXVqWkaLxgRl9EJN8hAvcc,ChIJHXXVqWkaLxgRl9EJN8hAvcc,False
Subs and Sands,Restaurant,"Nairobi, Kenya",+254 741 813222,,,,,"https://www.google.com/maps/search/?api=1&query=Subs%20and%20Sands&query_place_id=ChIJ-0rtM6oRLxgRVbir5gVWXXw | https://www.google.com/maps/search/restaurant/@-1.3307757371669178,36.78227498330685,16z?hl=en | https://streetviewpixels-pa.googleapis.com/v1/thumbnail?panoid=e8USI5z__2OzNtoPBFTVMQ&cb_client=search.gws-prod.gps&w=408&h=240&yaw=151.53835&pitch=0&thumbfov=100",https://www.google.com/maps/search/?api=1&query=Subs%20and%20Sands&query_place_id=ChIJ-0rtM6oRLxgRVbir5gVWXXw,ChIJ-0rtM6oRLxgRVbir5gVWXXw,False
Sumptious Snack Basket,Restaurant,"Bogani E Rd, Nairobi, Kenya",+254 701 957855,,,,,"https://www.google.com/maps/search/?api=1&query=Sumptious%20Snack%20Basket&query_place_id=ChIJI_uun00FLxgRWGm_lZ9vNn0 | https://www.google.com/maps/search/restaurant/@-1.3479568115007532,36.74790305007943,16z?hl=en | https://lh3.googleusercontent.com/gps-cs-s/AHRPTWn452Mu4g2cdVygFxDOCzq1Yq4noq5kjmKJkL6yt9MIKzK4Z8x3f6iTJfKq4mzfqboadMYCbld8vpeYSLhvuYC8ms5yIJk14f0pQ-WQW4s4ZqinJrpiqVpTwxXdblgNr5uI7aG5pQ=w408-h408-k-no",https://www.google.com/maps/search/?api=1&query=Sumptious%20Snack%20Basket&query_place_id=ChIJI_uun00FLxgRWGm_lZ9vNn0,ChIJI_uun00FLxgRWGm_lZ9vNn0,False
Sun downer restaurant,Restaurant,"PQ2Q+C4W Hotel Rudi, Silanga Road, Nairobi, Kenya",+254 20 2610902,,,,,"https://www.google.com/maps/search/?api=1&query=Sun%20downer%20restaurant&query_place_id=ChIJ6aXFSJkQLxgRot8os2c5G0o | https://www.google.com/maps/search/restaurant/@-1.296413588499247,36.78227498330685,16z?hl=en | https://streetviewpixels-pa.googleapis.com/v1/thumbnail?panoid=LYYBWCCbx-Zs5hyIpfechQ&cb_client=search.gws-prod.gps&w=408&h=240&yaw=258.14218&pitch=0&thumbfov=100",https://www.google.com/maps/search/?api=1&query=Sun%20downer%20restaurant&query_place_id=ChIJ6aXFSJkQLxgRot8os2c5G0o,ChIJ6aXFSJkQLxgRot8os2c5G0o,False
Super Delicious Chinese Restaurant,Restaurant,"PQ4R+PWQ, Argwings Kodhek Rd, Nairobi, Kenya",,,,,,"https://www.google.com/maps/search/?api=1&query=Super%20Delicious%20Chinese%20Restaurant&query_place_id=ChIJmS3g3TARLxgRs4x1veHz7Bc | https://www.google.com/maps/search/restaurant/@-1.296413588499247,36.78227498330685,16z?hl=en | https://lh3.googleusercontent.com/gps-cs-s/AHRPTWmzsBnakAJ6yYi8ilONhpe_A-FDo7CpNyqENDz5lULEvzD3u-tdeEwMQgLK8PuJrNFlNmdP5guS-JdF5UxRITCIuf6wDNJ3sndX3az_QsAVtO70g-eWThhbm0GxPmIE7Fap1DBg=w408-h306-k-no",https://www.google.com/maps/search/?api=1&query=Super%20Delicious%20Chinese%20Restaurant&query_place_id=ChIJmS3g3TARLxgRs4x1veHz7Bc,ChIJmS3g3TARLxgRs4x1veHz7Bc,False
Swadish Gardens,Restaurant,"Kilimani Siaya Rd, Nairobi, North, Kenya",+254 720 078928,,,,,"https://www.google.com/maps/search/?api=1&query=Swadish%20Gardens&query_place_id=ChIJRf-_1CQZLxgRHw4SzMaOYC8 | https://www.google.com/maps/search/restaurant/@-1.2792325141654115,36.78227498330685,16z?hl=en | https://lh3.googleusercontent.com/gps-cs-s/AHRPTWmACI7OlFGB8pfVErg3q1v7LsHbuFmF5yBaJ3gfkNaOteBhaAws4nOEQAsCM7CSLhLZZx1jWQ-8NPfS_y2z3OoXmu5ECrhufjcmyQORur8c1opSZqCe-aN-M1BvWm4fidTLsvqp=w408-h306-k-no",https://www.google.com/maps/search/?api=1&query=Swadish%20Gardens&query_place_id=ChIJRf-_1CQZLxgRHw4SzMaOYC8,ChIJRf-_1CQZLxgRHw4SzMaOYC8,False
Swahili Dishes & Snacks,Restaurant,"MQGP+WW7, Kitengela Rd, Nairobi, Kenya",,,,,,"https://www.google.com/maps/search/?api=1&query=Swahili%20Dishes%20%26%20Snacks&query_place_id=ChIJq5m6rHYQLxgR0xmaizlyFrU | https://www.google.com/maps/search/restaurant/@-1.3307757371669178,36.78227498330685,16z?hl=en | https://streetviewpixels-pa.googleapis.com/v1/thumbnail?panoid=_WtN9NBTgqKQdRA4hZvWGQ&cb_client=search.gws-prod.gps&w=408&h=240&yaw=135.18224&pitch=0&thumbfov=100",https://www.google.com/maps/search/?api=1&query=Swahili%20Dishes%20%26%20Snacks&query_place_id=ChIJq5m6rHYQLxgR0xmaizlyFrU,ChIJq5m6rHYQLxgR0xmaizlyFrU,False
SWAHILI FOOD JOINT,Restaurant,"Nairobi, Kenya",,,,,,"https://www.google.com/maps/search/?api=1&query=SWAHILI%20FOOD%20JOINT&query_place_id=ChIJ2VgsknUQLxgRWD2Ljg4iGEg | https://www.google.com/maps/search/restaurant/@-1.3307757371669178,36.78227498330685,16z?hl=en | https://streetviewpixels-pa.googleapis.com/v1/thumbnail?panoid=2wHRnHv_AZB77TJZovEIwg&cb_client=search.gws-prod.gps&w=408&h=240&yaw=94.98492&pitch=0&thumbfov=100",https://www.google.com/maps/search/?api=1&query=SWAHILI%20FOOD%20JOINT&query_place_id=ChIJ2VgsknUQLxgRWD2Ljg4iGEg,ChIJ2VgsknUQLxgRWD2Ljg4iGEg,False
SWAHILI FOOD JOINT SOUTHLAND,Restaurant,"MQFM+VVC, Kitengela Rd, Nairobi, Kenya",,,,,,"https://www.google.com/maps/search/?api=1&query=SWAHILI%20FOOD%20JOINT%20SOUTHLAND&query_place_id=ChIJvWjycQARLxgRPZyp8dZV8vA | https://www.google.com/maps/search/restaurant/@-1.3307757371669178,36.78227498330685,16z?hl=en | https://streetviewpixels-pa.googleapis.com/v1/thumbnail?panoid=GdjDd8-g24O3VgPV-C412Q&cb_client=search.gws-prod.gps&w=408&h=240&yaw=359.24106&pitch=0&thumbfov=100",https://www.google.com/maps/search/?api=1&query=SWAHILI%20FOOD%20JOINT%20SOUTHLAND&query_place_id=ChIJvWjycQARLxgRPZyp8dZV8vA,ChIJvWjycQARLxgRPZyp8dZV8vA,False
Syombua's Kitchen,Restaurant,"MPWW+QQ6, Igiria.Kirui Rd, Nairobi, Kenya",,,,,,"https://www.google.com/maps/search/?api=1&query=Syombua | https://www.google.com/maps/search/restaurant/@-1.30206825,36.7531745,17.002330554175863z?hl=en | https://streetviewpixels-pa.googleapis.com/v1/thumbnail?panoid=XXu3kQZBMTdQk4RbOSQLeA&cb_client=search.gws-prod.gps&w=408&h=240&yaw=88.43031&pitch=0&thumbfov=100",https://www.google.com/maps/search/?api=1&query=Syombua's%20Kitchen&query_place_id=ChIJiYPVwCYbLxgRKquEw893NJ0,ChIJiYPVwCYbLxgRKquEw893NJ0,False
Tafuna Restaurant,Restaurant,"MQXM+QQ8 Plaza, Ngong Ln, Nairobi, Kenya",,,,,,"https://www.google.com/maps/search/?api=1&query=Tafuna%20Restaurant&query_place_id=ChIJrYtayp0QLxgRqo0iCMbU0DU | https://www.google.com/maps/search/restaurant/@-1.296413588499247,36.78227498330685,16z?hl=en | https://streetviewpixels-pa.googleapis.com/v1/thumbnail?panoid=6SmBa8wsQ8mh7n6Nrt6Fjg&cb_client=search.gws-prod.gps&w=408&h=240&yaw=264.16382&pitch=0&thumbfov=100",https://www.google.com/maps/search/?api=1&query=Tafuna%20Restaurant&query_place_id=ChIJrYtayp0QLxgRqo0iCMbU0DU,ChIJrYtayp0QLxgRqo0iCMbU0DU,False
Tai Fries,Restaurant,"MQWF+XJX, Joseph Kangethe Rd, Nairobi, Kenya",,,,,,"https://www.google.com/maps/search/?api=1&query=Tai%20Fries&query_place_id=ChIJFUV383AaLxgRqMlIqrb2BW0 | https://www.google.com/maps/search/restaurant/@-1.2999357,36.7739766,17.00233177367389z?hl=en | https://streetviewpixels-pa.googleapis.com/v1/thumbnail?panoid=qmp3HBIOF3J2bWFaMLq1gg&cb_client=search.gws-prod.gps&w=408&h=240&yaw=302.60745&pitch=0&thumbfov=100",https://www.google.com/maps/search/?api=1&query=Tai%20Fries&query_place_id=ChIJFUV383AaLxgRqMlIqrb2BW0,ChIJFUV383AaLxgRqMlIqrb2BW0,False
Tamasha Club and Restaurant,Restaurant,"Unnamed Road, Nairobi, Kenya",,,,,,"https://www.google.com/maps/search/?api=1&query=Tamasha%20Club%20and%20Restaurant&query_place_id=ChIJFfPh-_ARLxgRIlpPQdZLQ3w | https://www.google.com/maps/search/restaurant/@-1.3307757371669178,36.81664691653427,16z?hl=en | https://lh3.googleusercontent.com/gps-cs-s/AHRPTWlUXHai8guR4c3TBaYRO-3NPJ19-NEkNuqBB1BhuDj1GITnbndwpQaB7LZd70XEm4bD8G1_FAErQuv7kAMgY9NDoviaC9e4x7tIjarMaFmJfJ1Urw-YGH7sOmkYPhF1ZyJAr2YuewXJ_IcX=w408-h544-k-no",https://www.google.com/maps/search/?api=1&query=Tamasha%20Club%20and%20Restaurant&query_place_id=ChIJFfPh-_ARLxgRIlpPQdZLQ3w,ChIJFfPh-_ARLxgRIlpPQdZLQ3w,False
Tamu Inn Hotel,Restaurant,"MPXX+M8H, Nairobi, Kenya",+254 713 532046,,,,,"https://www.google.com/maps/search/?api=1&query=Tamu%20Inn%20Hotel&query_place_id=ChIJw7-iDAAbLxgR63SOYxBw-_s | https://www.google.com/maps/search/restaurant/@-1.30206825,36.7531745,17.002330554175863z?hl=en | https://lh3.googleusercontent.com/gps-cs-s/AHRPTWkVwJ7DbFCIgpllFKWBN1e2DML4EZNGHrUx5FWWPL36-qqd9Ex6DQ2PXCMQ6KydUmb1A3OEg9s1UNY63l00VGIQkaiq4DhekdWXb5-PKxh_GxaWZeFmiDzti49-54z3dzODMZhjiRGDsLM=w408-h725-k-no",https://www.google.com/maps/search/?api=1&query=Tamu%20Inn%20Hotel&query_place_id=ChIJw7-iDAAbLxgR63SOYxBw-_s,ChIJw7-iDAAbLxgR63SOYxBw-_s,False
TAMU POP & PICK,Restaurant,"Nairobi, Kenya",,,,,,"https://www.google.com/maps/search/?api=1&query=TAMU%20POP%20%26%20PICK&query_place_id=ChIJq21TB3UQLxgRUU5rNh6CJVI | https://www.google.com/maps/search/restaurant/@-1.3307757371669178,36.78227498330685,16z?hl=en | https://streetviewpixels-pa.googleapis.com/v1/thumbnail?panoid=0YDIdojsFe5K0D9HrU4RKQ&cb_client=search.gws-prod.gps&w=408&h=240&yaw=146.06047&pitch=0&thumbfov=100",https://www.google.com/maps/search/?api=1&query=TAMU%20POP%20%26%20PICK&query_place_id=ChIJq21TB3UQLxgRUU5rNh6CJVI,ChIJq21TB3UQLxgRUU5rNh6CJVI,False
Taste & Tell Cuisine (T&T),Restaurant,"PQ69+5PX, Gitanga Rd, Nairobi, Kenya",+254 701 313115,,,,,"https://www.google.com/maps/search/?api=1&query=Taste%20%26%20Tell%20Cuisine%20(T%26T)&query_place_id=ChIJrY1TQQAbLxgR6OOVgO9ap6Q | https://www.google.com/maps/search/restaurant/@-1.2895935545454547,36.773318836363636,17.002337659462743z?hl=en | https://lh3.googleusercontent.com/gps-cs-s/AHRPTWmxY5Nmrydwc7_o6n5E0ZtUM6Bu9kCsh1mWRb5Wi0Cv58hoBCwA_TCFjdeSHpWd9n3I9iJwhO-0InJHy1yJP8p-fmVe6OcP5iemJT_yhj1iDuNXl2sC7447S5QiiZZvzEMj7SOy_07IRdIJ=w408-h272-k-no",https://www.google.com/maps/search/?api=1&query=Taste%20%26%20Tell%20Cuisine%20(T%26T)&query_place_id=ChIJrY1TQQAbLxgR6OOVgO9ap6Q,ChIJrY1TQQAbLxgR6OOVgO9ap6Q,False
Taste Hub Kitchen,Restaurant,"MQXF+6J7, Joseph Kangethe Rd, Nairobi, Kenya",,,,,,"https://www.google.com/maps/search/?api=1&query=Taste%20Hub%20Kitchen&query_place_id=ChIJeZVT_nAaLxgRb-RZTy57SoA | https://www.google.com/maps/search/restaurant/@-1.2999357,36.7739766,17.00233177367389z?hl=en | https://streetviewpixels-pa.googleapis.com/v1/thumbnail?panoid=EakC2ko7pin0IxiIWm6q_A&cb_client=search.gws-prod.gps&w=408&h=240&yaw=285.50107&pitch=0&thumbfov=100",https://www.google.com/maps/search/?api=1&query=Taste%20Hub%20Kitchen&query_place_id=ChIJeZVT_nAaLxgRb-RZTy57SoA,ChIJeZVT_nAaLxgRb-RZTy57SoA,False
Tasty To Go Fast Food Restaurant,Restaurant,"Nairobi, Kenya",+254 792 255989,,,,,"https://www.google.com/maps/search/?api=1&query=Tasty%20To%20Go%20Fast%20Food%20Restaurant&query_place_id=ChIJqWLoAWkQLxgRliJgniFDcjw | https://www.google.com/maps/search/restaurant/@-1.3135946628330823,36.79946094992056,16z?hl=en | http://t2.gstatic.com/images?q=tbn:ANd9GcTv2R0AriEpwdRBbUh1CGybe98fQMAhbAt4pz_8vLQHy6GDBiuC",https://www.google.com/maps/search/?api=1&query=Tasty%20To%20Go%20Fast%20Food%20Restaurant&query_place_id=ChIJqWLoAWkQLxgRliJgniFDcjw,ChIJqWLoAWkQLxgRliJgniFDcjw,False
Techan Shop,Restaurant,"igiria kirui uppville apartments, Kenya",,,,,,"https://www.google.com/maps/search/?api=1&query=Techan%20Shop&query_place_id=ChIJ09lYGZcbLxgRK0QsuwcJmOQ | https://www.google.com/maps/search/restaurant/@-1.30206825,36.7531745,17.002330554175863z?hl=en | https://streetviewpixels-pa.googleapis.com/v1/thumbnail?panoid=ZU1vl3wXpntguDRy-VX7GQ&cb_client=search.gws-prod.gps&w=408&h=240&yaw=78.303444&pitch=0&thumbfov=100",https://www.google.com/maps/search/?api=1&query=Techan%20Shop&query_place_id=ChIJ09lYGZcbLxgRK0QsuwcJmOQ,ChIJ09lYGZcbLxgRK0QsuwcJmOQ,False
The ACEA Restaurant,Restaurant,"Langata Rd, Nairobi, Kenya",+254 20 6008990,,,,,"https://www.google.com/maps/search/?api=1&query=The%20ACEA%20Restaurant&query_place_id=ChIJYR6SBTYRLxgRSm9gVT0J9IU | https://www.google.com/maps/search/restaurant/@-1.3135946628330823,36.81664691653427,16z?hl=en | https://streetviewpixels-pa.googleapis.com/v1/thumbnail?panoid=uiDlrvxNYga5W6gn6kLNgw&cb_client=search.gws-prod.gps&w=408&h=240&yaw=142.32538&pitch=0&thumbfov=100",https://www.google.com/maps/search/?api=1&query=The%20ACEA%20Restaurant&query_place_id=ChIJYR6SBTYRLxgRSm9gVT0J9IU,ChIJYR6SBTYRLxgRSm9gVT0J9IU,False
The Ark Restaurant & Bar,Restaurant,"Ngong Rd, Nairobi, Kenya",+254 714 557171,,,,,"https://www.google.com/maps/search/?api=1&query=The%20Ark%20Restaurant%20%26%20Bar&query_place_id=ChIJDYoooeUbLxgRM8XmpCO3lmk | https://www.google.com/maps/search/restaurant/@-1.296413588499247,36.76508901669314,16z?hl=en | https://lh3.googleusercontent.com/gps-cs-s/AHRPTWmUVQ7i5MhSY1hVA5H7-VypirPIUSdrJGfElkXxy8nbdmFmGonD1CCEIfJ5IuLnqD9K6aCAhLahbR_DavdkouhB3rga8dtevlTal-SrK9e4hRJp6Q-N_cIroix5fs2jBDEhUsgn=w408-h577-k-no",https://www.google.com/maps/search/?api=1&query=The%20Ark%20Restaurant%20%26%20Bar&query_place_id=ChIJDYoooeUbLxgRM8XmpCO3lmk,ChIJDYoooeUbLxgRM8XmpCO3lmk,False
The Aura Restaurant,Restaurant,"PQ4Q+QX8, Argwings Kodhek Rd, Nairobi, Kenya",+254 112 015180,,,,,"https://www.google.com/maps/search/?api=1&query=The%20Aura%20Restaurant&query_place_id=ChIJ04sphDkRLxgRtLQaTT-1sOs | https://www.google.com/maps/search/restaurant/@-1.296413588499247,36.78227498330685,16z?hl=en | https://lh3.googleusercontent.com/gps-cs-s/AHRPTWm1KmyqUxHlL66dggt1pS1zbgbXY1rZv_4VRN5b4W8Mw-Z-P3zI8EKtI3g7r2x16qnXYKH9fdfpyI4vzGsW35mOP1pMEKbYKDaLu4mN0bC8scQXKHF7lODK8TBxdgOBqF-tqeI=w408-h544-k-no",https://www.google.com/maps/search/?api=1&query=The%20Aura%20Restaurant&query_place_id=ChIJ04sphDkRLxgRtLQaTT-1sOs,ChIJ04sphDkRLxgRtLQaTT-1sOs,False
The Base Restaurant,Restaurant,"Siaya Rd, Nairobi, Kenya",+254 715 255008,,,,,"https://www.google.com/maps/search/?api=1&query=The%20Base%20Restaurant&query_place_id=ChIJ2a7w2coXLxgRM00jE2o1N4U | https://www.google.com/maps/search/restaurant/@-1.2792325141654115,36.78227498330685,16z?hl=en | https://lh3.googleusercontent.com/gps-cs-s/AHRPTWmg4-hNK2lNc-Nm_x387L3wOi0-xYXKb4TgfvTnq0idebVbmc2REykq8ByKLU7lGFk_JU-bWwVKfU2Vd2aTi3KeQIkF0I0SOG8fsX6Mnhh8v2_TM-jkrZYe6EQGrViXCcbvnjxfUg=w408-h306-k-no",https://www.google.com/maps/search/?api=1&query=The%20Base%20Restaurant&query_place_id=ChIJ2a7w2coXLxgRM00jE2o1N4U,ChIJ2a7w2coXLxgRM00jE2o1N4U,False
The Big Five,Restaurant,"MQGP+8CV, Kitengela Rd, Nairobi, Kenya",,,,,,"https://www.google.com/maps/search/?api=1&query=The%20Big%20Five&query_place_id=ChIJ9yBuanQQLxgRzO5VxKGulmE | https://www.google.com/maps/search/restaurant/@-1.3307757371669178,36.78227498330685,16z?hl=en | https://streetviewpixels-pa.googleapis.com/v1/thumbnail?panoid=yESkN1bJuTwUNn4bamIzYg&cb_client=search.gws-prod.gps&w=408&h=240&yaw=158.64232&pitch=0&thumbfov=100",https://www.google.com/maps/search/?api=1&query=The%20Big%20Five&query_place_id=ChIJ9yBuanQQLxgRzO5VxKGulmE,ChIJ9yBuanQQLxgRzO5VxKGulmE,False
The Bing Restaurant,Restaurant,"PQ2H+9FM, Kilimani Rd, Nairobi City, Kenya",,,,,,"https://www.google.com/maps/search/?api=1&query=The%20Bing%20Restaurant&query_place_id=ChIJ75hbMHQaLxgRIFWLzWa_RLM | https://www.google.com/maps/search/restaurant/@-1.296413588499247,36.76508901669314,16z?hl=en | https://streetviewpixels-pa.googleapis.com/v1/thumbnail?panoid=5hUE80xEx5y9w9kUYVNBvA&cb_client=search.gws-prod.gps&w=408&h=240&yaw=175.12848&pitch=0&thumbfov=100",https://www.google.com/maps/search/?api=1&query=The%20Bing%20Restaurant&query_place_id=ChIJ75hbMHQaLxgRIFWLzWa_RLM,ChIJ75hbMHQaLxgRIFWLzWa_RLM,False
The Canaan Restaurant,Restaurant,"Jahmuri, Nairobi, Kenya",+254 710 934580,,,,,"https://www.google.com/maps/search/?api=1&query=The%20Canaan%20Restaurant&query_place_id=ChIJ2w2WCcIbLxgRnYeLrxrumDA | https://www.google.com/maps/search/restaurant/@-1.296413588499247,36.76508901669314,16z?hl=en | https://lh3.googleusercontent.com/gps-cs-s/AHRPTWl8NX5uB6_4l_fRIAQ2H09eT_u__gOSou4OYAKPnHHVnJpVBOzjlQ68g6-33wFa70ccE7diNhRqWX5SPO4B91YbSd2AF2Hnrt0KzINjcdkOqNdHJsgSU6W4wESPrxzE5BBKtCKq=w408-h577-k-no",https://www.google.com/maps/search/?api=1&query=The%20Canaan%20Restaurant&query_place_id=ChIJ2w2WCcIbLxgRnYeLrxrumDA,ChIJ2w2WCcIbLxgRnYeLrxrumDA,False
The Cellar,Restaurant,"Oloitoktok Rd, Nairobi, Kenya",+254 20 3860514,,,,,"https://www.google.com/maps/search/?api=1&query=The%20Cellar&query_place_id=ChIJnd_AdEIbLxgRe323ljk7eb0 | https://www.google.com/maps/search/restaurant/@-1.293340725,36.778052200000005,17.00233553235424z?hl=en | https://streetviewpixels-pa.googleapis.com/v1/thumbnail?panoid=c6npuavlR5ocWenDCRmoBQ&cb_client=search.gws-prod.gps&w=408&h=240&yaw=3.1727288&pitch=0&thumbfov=100",https://www.google.com/maps/search/?api=1&query=The%20Cellar&query_place_id=ChIJnd_AdEIbLxgRe323ljk7eb0,ChIJnd_AdEIbLxgRe323ljk7eb0,False
The Chairman's Pork,Restaurant,"Hendred Ave, Nairobi, Kenya",+254 116 006315,,,,,"https://www.google.com/maps/search/?api=1&query=The%20Chairman | https://www.google.com/maps/search/restaurant/@-1.2895935545454547,36.773318836363636,17.002337659462743z?hl=en | https://lh3.googleusercontent.com/gps-cs-s/AHRPTWnzqR_gmP9P11MDIlSNDLGWNcup04EQl-UZ-1l-ki9dM5pdi5vtvva5TBbf99u9hfh926sln0YPi4HWB5jrZHzURQiROe7AcFGbsdRkyVz_hjBaxmOfoaYWQX7FV3E9rvWnKCGD=w408-h454-k-no",https://www.google.com/maps/search/?api=1&query=The%20Chairman's%20Pork&query_place_id=ChIJw41TJS8bLxgRvd1gN0cmly4,ChIJw41TJS8bLxgRvd1gN0cmly4,False
The Circle Chill Spot,Restaurant,"Ndemi Rd Off Ngong Rd, Kenya",+254 748 685799,,,,,"https://www.google.com/maps/search/?api=1&query=The%20Circle%20Chill%20Spot&query_place_id=ChIJ7QNnvuwbLxgRVUSpBx44zhg | https://www.google.com/maps/search/restaurant/@-1.2955217,36.7736869,17.002334291465527z?hl=en | https://lh3.googleusercontent.com/gps-cs-s/AHRPTWkTBjSmjPglzvERwWts5Cy5vcVvHCuzNsPptxR2hucFnjg5x7AUxgF1OSua2R_iZhdBQj_z2NVi5-H_rBVY1JuzEx181F5QoyfGoRPG-UrURjQz2OcIs2g-Gk4yxKD5mOGxaYw=w408-h306-k-no",https://www.google.com/maps/search/?api=1&query=The%20Circle%20Chill%20Spot&query_place_id=ChIJ7QNnvuwbLxgRVUSpBx44zhg,ChIJ7QNnvuwbLxgRVUSpBx44zhg,False
The courtyard kitchen The Meeting Place,Restaurant,"JQW2+H2H, off Rd with Utamundi Craft Center, Bogani E Rd, Nairobi, Kenya",+254 702 845383,,,,,"https://www.google.com/maps/search/?api=1&query=The%20courtyard%20kitchen%20The%20Meeting%20Place&query_place_id=ChIJR27UNjsFLxgRPJrekubMI5E | https://www.google.com/maps/search/restaurant/@-1.3651378858345886,36.76508901669314,16z?hl=en | https://lh3.googleusercontent.com/gps-cs-s/AHRPTWkXPvRZvO_Fzp7LIVxz07jcyzKqy9jyQxkN9F7TtA9vOy2pc0KqvD1CyYK1JykPEbKaSaFBGiG1ODuBlblDC_J3JH7vtI-1FWoUZl7REmmwAMB7tvJ8QaXwk4uErJd0wNjvLHJb=w680-h240-k-no",https://www.google.com/maps/search/?api=1&query=The%20courtyard%20kitchen%20The%20Meeting%20Place&query_place_id=ChIJR27UNjsFLxgRPJrekubMI5E,ChIJR27UNjsFLxgRPJrekubMI5E,False
The Food Dispensary,Restaurant,"Off Ngong Rd, Nairobi, Kenya",+254 114 476424,,,,,"https://www.google.com/maps/search/?api=1&query=The%20Food%20Dispensary&query_place_id=ChIJmSNJVwAbLxgRE3GHlDAAi8A | https://www.google.com/maps/search/restaurant/@-1.2999357,36.7739766,17.00233177367389z?hl=en | https://lh3.googleusercontent.com/gps-cs-s/AHRPTWnUypQb7wsZcl9LTRtTzPoKhIwvjDQ42lfahQ2h1B_EcnoRaRWaEV0QbsizHBVXapSQa7F8owio-F22RnCEz1_IW6HPIuhz9SdGRAy3uA3cqDwmzlclqQoCK5moKtch280Jh7eZ6L-meECr=w408-h306-k-no",https://www.google.com/maps/search/?api=1&query=The%20Food%20Dispensary&query_place_id=ChIJmSNJVwAbLxgRE3GHlDAAi8A,ChIJmSNJVwAbLxgRE3GHlDAAi8A,False
The Governors Restaurant 'N' Fish Centre,Restaurant,"PP3X+CM2, Wanyee Rd, Nairobi, Kenya",+254 722 408959,,,,,"https://www.google.com/maps/search/?api=1&query=The%20Governors%20Restaurant%20 | https://www.google.com/maps/search/restaurant/@-1.296413588499247,36.74790305007943,16z?hl=en | https://lh3.googleusercontent.com/gps-cs-s/AHRPTWnpiuy2gY37w1BU23HZbhIMC09vdMzr4l6fV81dpGr2iMK0qLbRoJxw-UzETmaZeelVWOd5jvSDLw5na1CNBb_Y4oy8lSpmViSf97IOKLNgGX1sWVzEtrblpWYSC35AU1PTzpKlng=w426-h240-k-no",https://www.google.com/maps/search/?api=1&query=The%20Governors%20Restaurant%20'N'%20Fish%20Centre&query_place_id=ChIJf0BQUGEbLxgRvJU3sUkK1oo,ChIJf0BQUGEbLxgRvJU3sUkK1oo,False
The Grind Caffe,Restaurant,"Skyward Express, Wilson Airport Nairobi KE, Kenya",+254 743 027083,,,,,"https://www.google.com/maps/search/?api=1&query=The%20Grind%20Caffe&query_place_id=ChIJTxS5SpYbLxgRgud4XO_KlOs | https://www.google.com/maps/search/restaurant/@-1.3307757371669178,36.79946094992056,16z?hl=en | https://lh3.googleusercontent.com/gps-cs-s/AHRPTWlM8O75toasTVYsaOe8QAUIFESf7h0ZMiEbLDtQEjfJRaE4J3pgLlw6fnVgO6chEv7WWTWaKeqsfx4ovgxtu0Bv97Qt_yjgRzqOeXXqCtXij2HNtPSSFxwakf2nZ0-0uX4wP7sB=w408-h306-k-no",https://www.google.com/maps/search/?api=1&query=The%20Grind%20Caffe&query_place_id=ChIJTxS5SpYbLxgRgud4XO_KlOs,ChIJTxS5SpYbLxgRgud4XO_KlOs,False
The Hood Bar Restaurant and Carwash,Restaurant,"The Hood, Kasuku Rd, Nairobi, Kenya",+254 714 463030,,,,,"https://www.google.com/maps/search/?api=1&query=The%20Hood%20Bar%20Restaurant%20and%20Carwash&query_place_id=ChIJEf9xS7sQLxgRxqro3CCdtNA | https://www.google.com/maps/search/restaurant/@-1.296413588499247,36.78227498330685,16z?hl=en | https://lh3.googleusercontent.com/gps-cs-s/AHRPTWnLLZ6WScu1RgF5NsoTp7ccbMIVbSk3rOdq_fXXlqzvGlNiGZWF_MhbU7TOqdFMNmsq68JNHdXro1mN02bmq5EWJI0M4c1-vmhP4LsApziizCmHPHSQKt5R5dalRjTJOJAi0OUmcQ=w408-h725-k-no",https://www.google.com/maps/search/?api=1&query=The%20Hood%20Bar%20Restaurant%20and%20Carwash&query_place_id=ChIJEf9xS7sQLxgRxqro3CCdtNA,ChIJEf9xS7sQLxgRxqro3CCdtNA,False
The Liquor Book,Restaurant,"Mosque Lane, Nairobi, Kenya",+254 725 597301,,,,,"https://www.google.com/maps/search/?api=1&query=The%20Liquor%20Book&query_place_id=ChIJiQ0DbPwbLxgR66WftYhfrFo | https://www.google.com/maps/search/restaurant/@-1.3479568115007532,36.74790305007943,16z?hl=en | https://lh3.googleusercontent.com/gps-cs-s/AHRPTWmZtG1rX16ezSGk9VY2qHJSQqJdZeutKcspbb9i0hG8gk-dEh3cNutrraJiI6pKuBBiiHsodEWX6tL-a1XeYyltrmoU57xYYcPq3o2bYkWHj15zN52AalABKQmY6BuZpsq66G48cJl-Z8g=w408-h544-k-no",https://www.google.com/maps/search/?api=1&query=The%20Liquor%20Book&query_place_id=ChIJiQ0DbPwbLxgR66WftYhfrFo,ChIJiQ0DbPwbLxgR66WftYhfrFo,False
THE PEARL BUTCHERY & RESTAURANT,Restaurant,"JQW4+RMP, Bogani E Rd, Nairobi, Kenya",,,,,,"https://www.google.com/maps/search/?api=1&query=THE%20PEARL%20BUTCHERY%20%26%20RESTAURANT&query_place_id=ChIJWWdZCTkFLxgRU1mRkqhEKo0 | https://www.google.com/maps/search/restaurant/@-1.3651378858345886,36.76508901669314,16z?hl=en | https://streetviewpixels-pa.googleapis.com/v1/thumbnail?panoid=7xRD_hhEsIk99UGtxDpgKw&cb_client=search.gws-prod.gps&w=408&h=240&yaw=141.83286&pitch=0&thumbfov=100",https://www.google.com/maps/search/?api=1&query=THE%20PEARL%20BUTCHERY%20%26%20RESTAURANT&query_place_id=ChIJWWdZCTkFLxgRU1mRkqhEKo0,ChIJWWdZCTkFLxgRU1mRkqhEKo0,False
the plate restaurant,Restaurant,"Amboseli Rd, Nairobi, Kenya",,,,,,"https://www.google.com/maps/search/?api=1&query=the%20plate%20restaurant&query_place_id=ChIJxaU3HrAbLxgR2mn4nHxiXt8 | https://www.google.com/maps/search/restaurant/@-1.2792325141654115,36.74790305007943,16z?hl=en | https://streetviewpixels-pa.googleapis.com/v1/thumbnail?panoid=dS6oYZG6KQg66V8knzLQfA&cb_client=search.gws-prod.gps&w=408&h=240&yaw=235.60571&pitch=0&thumbfov=100",https://www.google.com/maps/search/?api=1&query=the%20plate%20restaurant&query_place_id=ChIJxaU3HrAbLxgR2mn4nHxiXt8,ChIJxaU3HrAbLxgR2mn4nHxiXt8,False
The Pumpkin Restaurant and Grill,Restaurant,"Kenya, Nairobi, George Padmore Road",+254 705 669214,,,,,"https://www.google.com/maps/search/?api=1&query=The%20Pumpkin%20Restaurant%20and%20Grill&query_place_id=ChIJTTdk4EMRLxgRn_g4sVkOtZE | https://www.google.com/maps/search/restaurant/@-1.296413588499247,36.78227498330685,16z?hl=en | http://t1.gstatic.com/images?q=tbn:ANd9GcQm932EZAVMCac2miMS2fTypwb819V-Uxv8OQ-1kncC2Fk_LVLG",https://www.google.com/maps/search/?api=1&query=The%20Pumpkin%20Restaurant%20and%20Grill&query_place_id=ChIJTTdk4EMRLxgRn_g4sVkOtZE,ChIJTTdk4EMRLxgRn_g4sVkOtZE,False
The Sleek Restaurant,Restaurant,"PQ62+J6X, Gitanga Road, Nairobi and, Coast rd, junction, Nairobi, Kenya",,,,,,"https://www.google.com/maps/search/?api=1&query=The%20Sleek%20Restaurant&query_place_id=ChIJT3isTyUaLxgRHer6v83eZxg | https://www.google.com/maps/search/restaurant/@-1.296413588499247,36.76508901669314,16z?hl=en | https://lh3.googleusercontent.com/gps-cs-s/AHRPTWkdXmWkj1LZkCa-L3Hqau8JXY7-cX7EetgB3KuBy_cTsg0Cx1mz6V_ZqpvmdIaY938sFVGH33kF7xsCStp3wF-81JMLdFE7lKjnOijKNXL4abZGkv3K-kuMZwOVrv5clVZho0Rv=w408-h725-k-no",https://www.google.com/maps/search/?api=1&query=The%20Sleek%20Restaurant&query_place_id=ChIJT3isTyUaLxgRHer6v83eZxg,ChIJT3isTyUaLxgRHer6v83eZxg,False
THE SWAHILI FOOD PALACE,Restaurant,"Nairobi, Kenya",,,,,,"https://www.google.com/maps/search/?api=1&query=THE%20SWAHILI%20FOOD%20PALACE&query_place_id=ChIJy6FuQ2wQLxgR_BD2nedj4Qw | https://www.google.com/maps/search/restaurant/@-1.3307757371669178,36.78227498330685,16z?hl=en | http://t3.gstatic.com/images?q=tbn:ANd9GcTa4-ER7q5PAkotgMD7Q0nvl9hcBY8_k5PsV6YVuvb1P9Qz7tNF",https://www.google.com/maps/search/?api=1&query=THE%20SWAHILI%20FOOD%20PALACE&query_place_id=ChIJy6FuQ2wQLxgR_BD2nedj4Qw,ChIJy6FuQ2wQLxgR_BD2nedj4Qw,False
The Thai Place,Restaurant,"Acacia Court, Ngong Rd, Nairobi, Kenya",+254 723 733713,,,,,"https://www.google.com/maps/search/?api=1&query=The%20Thai%20Place&query_place_id=ChIJea-bCWwaLxgRM6NtSnwRNAE | https://www.google.com/maps/search/restaurant/@-1.2983534384615385,36.76283634615385,17.002332677197412z?hl=en | https://lh3.googleusercontent.com/gps-cs-s/AHRPTWkM41c6rDM5kjdU4xKrdg5MurIewIlMQTs8E9CwKdanfu-K6FCxh2wU8LvnxAUgH-HyCT7UOd4XiCG9rztOoDa2DXaPcmtPVJXavWMP0APPMRIF7Jcatc6kLce317J6e9upr4Vw1w=w408-h680-k-no",https://www.google.com/maps/search/?api=1&query=The%20Thai%20Place&query_place_id=ChIJea-bCWwaLxgRM6NtSnwRNAE,ChIJea-bCWwaLxgRM6NtSnwRNAE,False
The Tilapia Spot,Restaurant,"MQWH+XHW, Suna Rd, Nairobi, Kenya",+254 714 457040,,,,,"https://www.google.com/maps/search/?api=1&query=The%20Tilapia%20Spot&query_place_id=ChIJ007BYQAbLxgRtOpr6vopZpw | https://www.google.com/maps/search/restaurant/@-1.2999357,36.7739766,17.00233177367389z?hl=en | https://lh3.googleusercontent.com/gps-cs-s/AHRPTWlDBUEUs4v3P80DzYhVG5f8dIlW2eRlZmDPjpDLRBfAQDQf-A40mJEhsZJGz5f4cFWmmT4VVtkcGgK-rw_59shblAYMAk8z3kjWPPCVERxIrz93w1r7M3D-pSo0pHZrTEl1t-tuMrO1RCU=w425-h240-k-no",https://www.google.com/maps/search/?api=1&query=The%20Tilapia%20Spot&query_place_id=ChIJ007BYQAbLxgRtOpr6vopZpw,ChIJ007BYQAbLxgRtOpr6vopZpw,False
The Wine Shop,Restaurant,"671 Ngong Rd, Nairobi, Kenya",+254 718 003302,,,,,"https://www.google.com/maps/search/?api=1&query=The%20Wine%20Shop&query_place_id=ChIJKXStmOgbLxgR7KEU8inulHg | https://www.google.com/maps/search/restaurant/@-1.2983534384615385,36.76283634615385,17.002332677197412z?hl=en | https://streetviewpixels-pa.googleapis.com/v1/thumbnail?panoid=21h9VmKOg7b_mZQC6AVr_A&cb_client=search.gws-prod.gps&w=408&h=240&yaw=13.909139&pitch=0&thumbfov=100",https://www.google.com/maps/search/?api=1&query=The%20Wine%20Shop&query_place_id=ChIJKXStmOgbLxgR7KEU8inulHg,ChIJKXStmOgbLxgR7KEU8inulHg,False
Tibbz Restaurant,Restaurant,"Amboseli Rd, Nairobi City, Kenya",+254 768 284567,,,,,"https://www.google.com/maps/search/?api=1&query=Tibbz%20Restaurant&query_place_id=ChIJLWof_yEaLxgRNO7qoDUhsUQ | https://www.google.com/maps/search/restaurant/@-1.2792325141654115,36.74790305007943,16z?hl=en | https://lh3.googleusercontent.com/gps-cs-s/AHRPTWlkqNNBvfnqndCNZUz9lTLoVhS2925wL1oQMgMcbaVr1SCCx7Q4vSBYYLShe-gR--Pf1RODq103PvTkLp941COjQVGV1DrtecA5sc__iXLVHH77cIkcv_-um1bO0aX3JPloBFeu=w408-h306-k-no",https://www.google.com/maps/search/?api=1&query=Tibbz%20Restaurant&query_place_id=ChIJLWof_yEaLxgRNO7qoDUhsUQ,ChIJLWof_yEaLxgRNO7qoDUhsUQ,False
Top View Restaurant,Restaurant,"Dagoretti South, Kenya",+254 721 804776,,,,,"https://www.google.com/maps/search/?api=1&query=Top%20View%20Restaurant&query_place_id=ChIJI9CZyKwbLxgRb1lVpgNV5fA | https://www.google.com/maps/search/restaurant/@-1.296413588499247,36.74790305007943,16z?hl=en | https://streetviewpixels-pa.googleapis.com/v1/thumbnail?panoid=ZU1vl3wXpntguDRy-VX7GQ&cb_client=search.gws-prod.gps&w=408&h=240&yaw=78.303444&pitch=0&thumbfov=100",https://www.google.com/maps/search/?api=1&query=Top%20View%20Restaurant&query_place_id=ChIJI9CZyKwbLxgRb1lVpgNV5fA,ChIJI9CZyKwbLxgRb1lVpgNV5fA,False
Treasure Gardens,Restaurant,"PQ5J+6X5, Nairobi, Kenya",+254 782 999981,,,,,"https://www.google.com/maps/search/?api=1&query=Treasure%20Gardens&query_place_id=ChIJ-yGO_QgRLxgREkIivt_Mhxo | https://www.google.com/maps/search/restaurant/@-1.293340725,36.778052200000005,17.00233553235424z?hl=en | https://lh3.googleusercontent.com/gps-cs-s/AHRPTWlAjPT02H3HC1859Rg1P0LjMGLVmuEGxeO_qZkJGgnqHvQIM4vRWEndFw6EiMuAU23CXjTP8cHJ3kWvvkVicUrv6U-fr-r70cPb_9TmxOBZE34VpWrh3N_e78fZisZVM9jAhV5l=w408-h262-k-no",https://www.google.com/maps/search/?api=1&query=Treasure%20Gardens&query_place_id=ChIJ-yGO_QgRLxgREkIivt_Mhxo,ChIJ-yGO_QgRLxgREkIivt_Mhxo,True
Tricent BUTCHERY & RESTAURANT,Restaurant,"Nairobi, Kenya",,,,,,"https://www.google.com/maps/search/?api=1&query=Tricent%20BUTCHERY%20%26%20RESTAURANT&query_place_id=ChIJzdkbvSYaLxgRjARIrYHFx8U | https://www.google.com/maps/search/restaurant/@-1.2792325141654115,36.74790305007943,16z?hl=en | https://lh3.googleusercontent.com/gps-cs-s/AHRPTWkZt4EDgvc-6lFItViuqJb0nkYuxTzjs22yr-WhwP7in3pcaZWH_iv7xclpPRbkY3tACjvWpds4u9sLgIINKRCg_YTQ8L7BV7iVUHXtuc9vpOEC3SQLQp5rHI8XVESXY9QOiWryHqlUQ9l9=w408-h544-k-no",https://www.google.com/maps/search/?api=1&query=Tricent%20BUTCHERY%20%26%20RESTAURANT&query_place_id=ChIJzdkbvSYaLxgRjARIrYHFx8U,ChIJzdkbvSYaLxgRjARIrYHFx8U,False
TRINITY RESTAURANT AND CATETERS,Restaurant,"JQW4+R6J, Bogani E Rd, Nairobi, Kenya",,,,,,"https://www.google.com/maps/search/?api=1&query=TRINITY%20RESTAURANT%20AND%20CATETERS&query_place_id=ChIJi2sLeTkFLxgR5LC5jmQGbO4 | https://www.google.com/maps/search/restaurant/@-1.3651378858345886,36.76508901669314,16z?hl=en | https://streetviewpixels-pa.googleapis.com/v1/thumbnail?panoid=XhmlLFspSi6ZSnKVHHsKQg&cb_client=search.gws-prod.gps&w=408&h=240&yaw=249.38931&pitch=0&thumbfov=100",https://www.google.com/maps/search/?api=1&query=TRINITY%20RESTAURANT%20AND%20CATETERS&query_place_id=ChIJi2sLeTkFLxgR5LC5jmQGbO4,ChIJi2sLeTkFLxgR5LC5jmQGbO4,False
Triple Dee Pork Center,Restaurant,"5874 00200, Nairobi, Kenya",+254 701 431260,,,,,"https://www.google.com/maps/search/?api=1&query=Triple%20Dee%20Pork%20Center&query_place_id=ChIJ47TrZD4bLxgReNO3rWxn7sI | https://www.google.com/maps/search/restaurant/@-1.2999357,36.7739766,17.00233177367389z?hl=en | https://lh3.googleusercontent.com/gps-cs-s/AHRPTWmlLZ1MkvO0IxgzaYg_8Jrzj2BVHy1Vg2J7qO1Z4ldhqDA7fxDMx9KuicO0-uaEff_map3ka2UioC3CHD7StbIAIN51zmk2CvIMTnn1Z4wHontvrd6HEVitR0PuXxEC1DcaBVaC2Q=w408-h306-k-no",https://www.google.com/maps/search/?api=1&query=Triple%20Dee%20Pork%20Center&query_place_id=ChIJ47TrZD4bLxgReNO3rWxn7sI,ChIJ47TrZD4bLxgReNO3rWxn7sI,False
Tripple Patisserie Restaurant,Restaurant,"Hurlingham plaza, Nairobi, Kenya",,,,,,"https://www.google.com/maps/search/?api=1&query=Tripple%20Patisserie%20Restaurant&query_place_id=ChIJN4lJ5ZERLxgR7Q61ES9r9qQ | https://www.google.com/maps/search/restaurant/@-1.296413588499247,36.79946094992056,16z?hl=en | https://lh3.googleusercontent.com/gps-cs-s/AHRPTWlmkqzgHYnmshW-D4svT5bFkROfHS_8nTi8QDyivpnyUcJrmariOpiqa-lkvEmw0eLPrSnMQ7OHMB9w3z7n_Tt8db1xAU6SdPO0GeAVJGLHsFWBKZEcjvzXMjn6YBWuSNCEPclDTZuwHzs=w408-h544-k-no",https://www.google.com/maps/search/?api=1&query=Tripple%20Patisserie%20Restaurant&query_place_id=ChIJN4lJ5ZERLxgR7Q61ES9r9qQ,ChIJN4lJ5ZERLxgR7Q61ES9r9qQ,False
Tuborg Restaurant,Restaurant,"MRG3+V3F, Langata Rd, Nairobi, Kenya",+254 721 358724,,,,,"https://www.google.com/maps/search/?api=1&query=Tuborg%20Restaurant&query_place_id=ChIJfZTlkLYRLxgR5F4GoMs1-ag | https://www.google.com/maps/search/restaurant/@-1.3307757371669178,36.81664691653427,16z?hl=en | https://streetviewpixels-pa.googleapis.com/v1/thumbnail?panoid=YdaBzf7Lfv8YMxzDrVxqFQ&cb_client=search.gws-prod.gps&w=408&h=240&yaw=340.27618&pitch=0&thumbfov=100",https://www.google.com/maps/search/?api=1&query=Tuborg%20Restaurant&query_place_id=ChIJfZTlkLYRLxgR5F4GoMs1-ag,ChIJfZTlkLYRLxgR5F4GoMs1-ag,False
Tulip restaurant at Weston Hotel,Restaurant,"MRM7+PF6 The Weston Hotel, Langata Rd, Nairobi, Kenya",,,,,,"https://www.google.com/maps/search/?api=1&query=Tulip%20restaurant%20at%20Weston%20Hotel&query_place_id=ChIJE9VPDVoQLxgR2IDLbuNGzrg | https://www.google.com/maps/search/restaurant/@-1.3135946628330823,36.81664691653427,16z?hl=en | https://streetviewpixels-pa.googleapis.com/v1/thumbnail?panoid=v1GNZ8uTRDehcmixmC1bmQ&cb_client=search.gws-prod.gps&w=408&h=240&yaw=319.64774&pitch=0&thumbfov=100",https://www.google.com/maps/search/?api=1&query=Tulip%20restaurant%20at%20Weston%20Hotel&query_place_id=ChIJE9VPDVoQLxgR2IDLbuNGzrg,ChIJE9VPDVoQLxgR2IDLbuNGzrg,False
Tupelo African Restaurant,Restaurant,"J.F Centre, Argwings Kodhek Rd, Kenya",+254 719 189412,,,,,"https://www.google.com/maps/search/?api=1&query=Tupelo%20African%20Restaurant&query_place_id=ChIJSWwWl3URLxgRpI0SotTCBpM | https://www.google.com/maps/search/restaurant/@-1.296413588499247,36.79946094992056,16z?hl=en | https://lh3.googleusercontent.com/gps-cs-s/AHRPTWmghc4HLiSpKuAthQrNXAEoHaO00N55l29sau2spMxFgs0AxCd_turk5pLTm6vgCkv7SnXjUtrIPHV3_MitAFiPwqwpCvu41Op13UX9aBPnUUzA8D9hc03AgP27J7--rPDhO9jfJQ=w408-h544-k-no",https://www.google.com/maps/search/?api=1&query=Tupelo%20African%20Restaurant&query_place_id=ChIJSWwWl3URLxgRpI0SotTCBpM,ChIJSWwWl3URLxgRpI0SotTCBpM,True
Turt'les Snack Hut,Restaurant,"MQFR+G3C, Kitengela Rd, Nairobi, Kenya",,,,,,"https://www.google.com/maps/search/?api=1&query=Turt | https://www.google.com/maps/search/restaurant/@-1.3307757371669178,36.78227498330685,16z?hl=en | https://streetviewpixels-pa.googleapis.com/v1/thumbnail?panoid=hi1drc-H1BHTw7KzXkvLQw&cb_client=search.gws-prod.gps&w=408&h=240&yaw=285.39813&pitch=0&thumbfov=100",https://www.google.com/maps/search/?api=1&query=Turt'les%20Snack%20Hut&query_place_id=ChIJ0bXj2HIQLxgRMx_mKR6uGKQ,ChIJ0bXj2HIQLxgRMx_mKR6uGKQ,False
Two Spoons Cafe,Restaurant,"Westfield Mall, Othaya, Kenya",+254 745 146377,,,,,"https://www.google.com/maps/search/?api=1&query=Two%20Spoons%20Cafe&query_place_id=ChIJP1avuVMbLxgRXCqNzyLI43I | https://www.google.com/maps/search/restaurant/@-1.293340725,36.778052200000005,17.00233553235424z?hl=en | https://lh3.googleusercontent.com/gps-cs-s/AHRPTWmpZ-CDRhfN8UVLANaL1wUfm-_Qe3qo3s_IPctjl9B5Rrxz_tsq91oHGCX-iXuUEVUHOVNbSy3LLNmpkipoE4oqdykfm6paz-By2T9g-wc7z8n3HR9PksQdRn6vCKZgHu_3s9Q=w408-h544-k-no",https://www.google.com/maps/search/?api=1&query=Two%20Spoons%20Cafe&query_place_id=ChIJP1avuVMbLxgRXCqNzyLI43I,ChIJP1avuVMbLxgRXCqNzyLI43I,False
Uncle's PEDI LOUNGE,Restaurant,"MPVQ+C58, Ngong Rd, Nairobi, Kenya",,,,,,"https://www.google.com/maps/search/?api=1&query=Uncle | https://www.google.com/maps/search/restaurant/@-1.3135946628330823,36.73071708346572,16z?hl=en | https://streetviewpixels-pa.googleapis.com/v1/thumbnail?panoid=f-aRkT4A2JN8uu9QFrwUPA&cb_client=search.gws-prod.gps&w=408&h=240&yaw=351.7874&pitch=0&thumbfov=100",https://www.google.com/maps/search/?api=1&query=Uncle's%20PEDI%20LOUNGE&query_place_id=ChIJB2Ec2awbLxgRhVc0LXB55wc,ChIJB2Ec2awbLxgRhVc0LXB55wc,False
Under The Radar Restaurant,Restaurant,"Argwings Kodhek Rd, Nairobi, Kenya",+254 705 949254,,,,,"https://www.google.com/maps/search/?api=1&query=Under%20The%20Radar%20Restaurant&query_place_id=ChIJTbj9wAsaLxgRuD5SZIM5s80 | https://www.google.com/maps/search/restaurant/@-1.296413588499247,36.76508901669314,16z?hl=en | https://lh3.googleusercontent.com/gps-cs-s/AHRPTWkcndrctowJiKsv2JGnZt_oM8drHKLjmt8h-CIV8aU0LB7WsiUKXUd5_pXsEaTAm38cRkn0Jv-3fxyiIB41BxKPISsEIAD9OIg4TqYFf2pOFtHHJdhQpO4rke0kxOZX3CWWjIix=w408-h306-k-no",https://www.google.com/maps/search/?api=1&query=Under%20The%20Radar%20Restaurant&query_place_id=ChIJTbj9wAsaLxgRuD5SZIM5s80,ChIJTbj9wAsaLxgRuD5SZIM5s80,False
Underground Pub and Restaurant,Restaurant,"MQRJ+XVG, Nyamira Kibera Drive, Nairobi City, Kenya",+254 725 659659,,,,,"https://www.google.com/maps/search/?api=1&query=Underground%20Pub%20and%20Restaurant&query_place_id=ChIJPUZB_4EQLxgRvahO51PSLjQ | https://www.google.com/maps/search/restaurant/@-1.3135946628330823,36.78227498330685,16z?hl=en | https://streetviewpixels-pa.googleapis.com/v1/thumbnail?panoid=capOc1t74e75JE5LhEuWXQ&cb_client=search.gws-prod.gps&w=408&h=240&yaw=297.02475&pitch=0&thumbfov=100",https://www.google.com/maps/search/?api=1&query=Underground%20Pub%20and%20Restaurant&query_place_id=ChIJPUZB_4EQLxgRvahO51PSLjQ,ChIJPUZB_4EQLxgRvahO51PSLjQ,False
Urban Delights,Restaurant,"Ndemi Rd, Nairobi, Kenya",+254 118 359883,,,,,"https://www.google.com/maps/search/?api=1&query=Urban%20Delights&query_place_id=ChIJRTzEIfsbLxgRdBwTfREkfkU | https://www.google.com/maps/search/restaurant/@-1.293340725,36.778052200000005,17.00233553235424z?hl=en | https://lh3.googleusercontent.com/gps-cs-s/AHRPTWnrQ8a7ZKX_wNM1L-kluj5gu93XFpw_3sQ5OfzIuMpNzF4BNmFVBy7I0pfU9fffxlkhrz7hTd37q0U2vyfFebG52a_tLrJ-UOdWbCl_Q9Y6TjF4XgW36uM85NSsRhTFnlYVG_OJRVGow71w=w408-h404-k-no",https://www.google.com/maps/search/?api=1&query=Urban%20Delights&query_place_id=ChIJRTzEIfsbLxgRdBwTfREkfkU,ChIJRTzEIfsbLxgRdBwTfREkfkU,False
Urban Gourmet-Galleria,Restaurant,"Karen Langata road Galleria Mall, Kenya",+254 702 052610,,,,,"https://www.google.com/maps/search/?api=1&query=Urban%20Gourmet-Galleria&query_place_id=ChIJ68Ybn4QbLxgREJ1NnsdHxbE | https://www.google.com/maps/search/restaurant/@-1.30206825,36.7531745,17.002330554175863z?hl=en | https://lh3.googleusercontent.com/gps-cs-s/AHRPTWk0YKsV4lTTzc7lIpGuZh2yYCmQbaxYR4YquLF4FGt9SCJDmuAlb2QsC_gl07j77o7vAO_jne4PWO0W8pZ6gTfrTPV0-L57kk53zOQC7AKZtYeWAG3Ktz40-RzwLjrBrVOn8HTB=w408-h544-k-no",https://www.google.com/maps/search/?api=1&query=Urban%20Gourmet-Galleria&query_place_id=ChIJ68Ybn4QbLxgREJ1NnsdHxbE,ChIJ68Ybn4QbLxgREJ1NnsdHxbE,False
UTAMADUNI RESTAURANT,Restaurant,"Chiromo Ln, Nairobi, Kenya",,,,,,"https://www.google.com/maps/search/?api=1&query=UTAMADUNI%20RESTAURANT&query_place_id=ChIJL6LY1pUbLxgRlVCWfSkI6_A | https://www.google.com/maps/search/restaurant/@-1.296413588499247,36.76508901669314,16z?hl=en | https://lh3.googleusercontent.com/gps-cs-s/AHRPTWnksoxpvq7ESEeiuBc0j72QBGyZME_c9lj6cBUBR24LFKQvj4Yp0ufV9d85de7hKzY0fetmcy3zLORywAK6Mhh7K90BmGltxjjWn8JRcnsV_TLpiZ7QzZs3EWWYj6kmmwyCJ_oR=w408-h725-k-no",https://www.google.com/maps/search/?api=1&query=UTAMADUNI%20RESTAURANT&query_place_id=ChIJL6LY1pUbLxgRlVCWfSkI6_A,ChIJL6LY1pUbLxgRlVCWfSkI6_A,False
Utamaduni Restaurant - Bomas of Kenya,Restaurant,"Nairobi, Kenya",+254 20 2022426,,,,,"https://www.google.com/maps/search/?api=1&query=Utamaduni%20Restaurant%20-%20Bomas%20of%20Kenya&query_place_id=ChIJeycZV2IFLxgRmLeWuEILWR8 | https://www.google.com/maps/search/restaurant/@-1.3307757371669178,36.78227498330685,16z?hl=en | https://lh3.googleusercontent.com/gps-cs-s/AHRPTWkvI_dF7hYNx9s0fAPAlR7HdaXZIRJnSAN_0VyHMqLLAcQa1lT2_Al908VsxGnz0rgJ_mL5HsbOlSacYfqbKe5G4rdBcyaIezt2qK9c9bsqzne2jSO-FIamnZnjktV3T8yXaNpq=w426-h240-k-no",https://www.google.com/maps/search/?api=1&query=Utamaduni%20Restaurant%20-%20Bomas%20of%20Kenya&query_place_id=ChIJeycZV2IFLxgRmLeWuEILWR8,ChIJeycZV2IFLxgRmLeWuEILWR8,False
Vava Coffee Limited,Restaurant,"Murishu Rd, Nairobi, Kenya",+254 720 723253,,,,,"https://www.google.com/maps/search/?api=1&query=Vava%20Coffee%20Limited&query_place_id=ChIJV8FFMJobLxgR5vTGSKfxOQ0 | https://www.google.com/maps/search/restaurant/@-1.3307757371669178,36.76508901669314,16z?hl=en | https://streetviewpixels-pa.googleapis.com/v1/thumbnail?panoid=TGZ8w8MFEs4pKKIYNHUW1A&cb_client=search.gws-prod.gps&w=408&h=240&yaw=188.79123&pitch=0&thumbfov=100",https://www.google.com/maps/search/?api=1&query=Vava%20Coffee%20Limited&query_place_id=ChIJV8FFMJobLxgR5vTGSKfxOQ0,ChIJV8FFMJobLxgR5vTGSKfxOQ0,False
VENNY'S FOODS - QUINCY MALL,Restaurant,"MQFH+J6C, Ground Floor, Quincy Mall, Police Dog Unit Rd, Nairobi, Kenya",+254 727 685883,,,,,"https://www.google.com/maps/search/?api=1&query=VENNY | https://www.google.com/maps/search/restaurant/@-1.3307757371669178,36.78227498330685,16z?hl=en | https://streetviewpixels-pa.googleapis.com/v1/thumbnail?panoid=HWFw9Jbq1AaJNflRD_7T9Q&cb_client=search.gws-prod.gps&w=408&h=240&yaw=230.39746&pitch=0&thumbfov=100",https://www.google.com/maps/search/?api=1&query=VENNY'S%20FOODS%20-%20QUINCY%20MALL&query_place_id=ChIJBekKFZ8aLxgRUc2P_irLMbo,ChIJBekKFZ8aLxgRUc2P_irLMbo,False
Verandah Restaurant,Restaurant,"Bogani E Rd, Nairobi, Kenya",+254 20 2437871,,,,,"https://www.google.com/maps/search/?api=1&query=Verandah%20Restaurant&query_place_id=ChIJU73BeEoFLxgRssLMtMdRa8g | https://www.google.com/maps/search/restaurant/@-1.3651378858345886,36.76508901669314,16z?hl=en | https://lh3.googleusercontent.com/gps-cs-s/AHRPTWmbHFLj5YQia5wztTRfdBC_BDAtHkhQeCZzKnWR2aakKOGy73MmGcfIKU-io0D26AlQOGBIjR5eU0rIuUkMonfrMx_hFz9rwS5kQRqsRtqcCOTczo7iM6cMnOX479h5lLDLVezj=w408-h544-k-no",https://www.google.com/maps/search/?api=1&query=Verandah%20Restaurant&query_place_id=ChIJU73BeEoFLxgRssLMtMdRa8g,ChIJU73BeEoFLxgRssLMtMdRa8g,False
Vesba Chicken & Chips,Restaurant,"MQGP+VQG, Kitengela Rd, Nairobi, Kenya",,,,,,"https://www.google.com/maps/search/?api=1&query=Vesba%20Chicken%20%26%20Chips&query_place_id=ChIJYwlvqXYQLxgRmXS8pzZ4RDI | https://www.google.com/maps/search/restaurant/@-1.3307757371669178,36.78227498330685,16z?hl=en | https://streetviewpixels-pa.googleapis.com/v1/thumbnail?panoid=VBvOzbHNmyDbGXMvzx5ZBw&cb_client=search.gws-prod.gps&w=408&h=240&yaw=334.63782&pitch=0&thumbfov=100",https://www.google.com/maps/search/?api=1&query=Vesba%20Chicken%20%26%20Chips&query_place_id=ChIJYwlvqXYQLxgRmXS8pzZ4RDI,ChIJYwlvqXYQLxgRmXS8pzZ4RDI,False
Viance Restaurant,Restaurant,"Apt B7, Nairobi, Kenya",,,,,,"https://www.google.com/maps/search/?api=1&query=Viance%20Restaurant&query_place_id=ChIJe--USKUQLxgRUBPWPc3_ziI | https://www.google.com/maps/search/restaurant/@-1.296413588499247,36.78227498330685,16z?hl=en | https://streetviewpixels-pa.googleapis.com/v1/thumbnail?panoid=25vIY7mgB0x8Pz3Y5PmW2w&cb_client=search.gws-prod.gps&w=408&h=240&yaw=247.45735&pitch=0&thumbfov=100",https://www.google.com/maps/search/?api=1&query=Viance%20Restaurant&query_place_id=ChIJe--USKUQLxgRUBPWPc3_ziI,ChIJe--USKUQLxgRUBPWPc3_ziI,False
Vision hotl,Restaurant,"MQWH+RV3, Kinangop Rd, Nairobi, Kenya",,,,,,"https://www.google.com/maps/search/?api=1&query=Vision%20hotl&query_place_id=ChIJ58bEp9obLxgRXeA0fkjyNcc | https://www.google.com/maps/search/restaurant/@-1.2999357,36.7739766,17.00233177367389z?hl=en | https://streetviewpixels-pa.googleapis.com/v1/thumbnail?panoid=CsgN-BLwzBDE1H_mjyyUuA&cb_client=search.gws-prod.gps&w=408&h=240&yaw=303.69336&pitch=0&thumbfov=100",https://www.google.com/maps/search/?api=1&query=Vision%20hotl&query_place_id=ChIJ58bEp9obLxgRXeA0fkjyNcc,ChIJ58bEp9obLxgRXeA0fkjyNcc,False
Vissio Dishes 254,Restaurant,"Nairobi, Kenya",,,,,,"https://www.google.com/maps/search/?api=1&query=Vissio%20Dishes%20254&query_place_id=ChIJBb9RSnkaLxgRWZXwYEAe7fM | https://www.google.com/maps/search/restaurant/@-1.3135946628330823,36.76508901669314,16z?hl=en | https://streetviewpixels-pa.googleapis.com/v1/thumbnail?panoid=Vu_Abr5yjQ54mXUvCHiioA&cb_client=search.gws-prod.gps&w=408&h=240&yaw=54.410275&pitch=0&thumbfov=100",https://www.google.com/maps/search/?api=1&query=Vissio%20Dishes%20254&query_place_id=ChIJBb9RSnkaLxgRWZXwYEAe7fM,ChIJBb9RSnkaLxgRWZXwYEAe7fM,False
Vyakula vitamu,Restaurant,"MQFR+Q5G, Nairobi, Kenya",,,,,,"https://www.google.com/maps/search/?api=1&query=Vyakula%20vitamu&query_place_id=ChIJU8OHYmQRLxgRJx7o902nAl0 | https://www.google.com/maps/search/restaurant/@-1.3307757371669178,36.78227498330685,16z?hl=en | https://streetviewpixels-pa.googleapis.com/v1/thumbnail?panoid=d4V99PxqCHezYC5iJCwGYg&cb_client=search.gws-prod.gps&w=408&h=240&yaw=265.53955&pitch=0&thumbfov=100",https://www.google.com/maps/search/?api=1&query=Vyakula%20vitamu&query_place_id=ChIJU8OHYmQRLxgRJx7o902nAl0,ChIJU8OHYmQRLxgRJx7o902nAl0,False
Wa Lucy Restaurant,Restaurant,"PQ99+VQ5, Mugumo Rd, Nairobi, Kenya",,,,,,"https://www.google.com/maps/search/?api=1&query=Wa%20Lucy%20Restaurant&query_place_id=ChIJIfsfKQAZLxgR04QYR7-2Vjg | https://www.google.com/maps/search/restaurant/@-1.2792325141654115,36.76508901669314,16z?hl=en | https://lh3.googleusercontent.com/gps-cs-s/AHRPTWltEB6E-8tN5yidA3JpPFgGFUGIqL4sNlKaHcQCn9Wxelw0n2HQkyFu9mn9KjY5h01Krkr-zt8a3kaYAt8OSN6T9qijIxJ5eFF_IEol4VTPJDAUUwPB1RabfmecmAxcEezaTBgQBQ=w408-h306-k-no",https://www.google.com/maps/search/?api=1&query=Wa%20Lucy%20Restaurant&query_place_id=ChIJIfsfKQAZLxgR04QYR7-2Vjg,ChIJIfsfKQAZLxgR04QYR7-2Vjg,False
WAMA Africa,Restaurant,"Muthangari Rd, Nairobi, Kenya",+254 748 745010,,,,,"https://www.google.com/maps/search/?api=1&query=WAMA%20Africa&query_place_id=ChIJ7SIZFQYbLxgRY8QiIBDOg5I | https://www.google.com/maps/search/restaurant/@-1.2792325141654115,36.76508901669314,16z?hl=en | https://lh3.googleusercontent.com/gps-cs-s/AHRPTWnUNTX_0CoBqM-LBq45jONDRuOyBj8kP1dsVCJUdfCD0XdmbWg0tHlxbUotIYHkWHv2u8fo5lxmbQRtUhP_QhvUioarkYFW7H9ivLrFnEFAc1yRkXKYr2Xhse6az8FxT2bbCyLMVg=w408-h500-k-no",https://www.google.com/maps/search/?api=1&query=WAMA%20Africa&query_place_id=ChIJ7SIZFQYbLxgRY8QiIBDOg5I,ChIJ7SIZFQYbLxgRY8QiIBDOg5I,True
Wanjohi Restaurant,Restaurant,"PQ73+6XF, Nairobi, Kenya",,,,,,"https://www.google.com/maps/search/?api=1&query=Wanjohi%20Restaurant&query_place_id=ChIJaTZegiQaLxgR5NDhZI6pQqQ | https://www.google.com/maps/search/restaurant/@-1.2792325141654115,36.76508901669314,16z?hl=en | https://streetviewpixels-pa.googleapis.com/v1/thumbnail?panoid=NK8K1JnAByunRjXuuUVXug&cb_client=search.gws-prod.gps&w=408&h=240&yaw=139.19615&pitch=0&thumbfov=100",https://www.google.com/maps/search/?api=1&query=Wanjohi%20Restaurant&query_place_id=ChIJaTZegiQaLxgR5NDhZI6pQqQ,ChIJaTZegiQaLxgR5NDhZI6pQqQ,False
Warka Restaurant,Restaurant,"Kawangware Ngong Road The Junction Mall Dagoreti North, Kenya",+254 721 930082,,,,,"https://www.google.com/maps/search/?api=1&query=Warka%20Restaurant&query_place_id=ChIJXbSvWSwbLxgR-rXOmH_u-Kk | https://www.google.com/maps/search/restaurant/@-1.296413588499247,36.76508901669314,16z?hl=en",https://www.google.com/maps/search/?api=1&query=Warka%20Restaurant&query_place_id=ChIJXbSvWSwbLxgR-rXOmH_u-Kk,ChIJXbSvWSwbLxgR-rXOmH_u-Kk,False
Watercress Restaurant,Restaurant,"Fifth Ngong Ave, Nairobi, Kenya",+254 733 715376,,,,,"https://www.google.com/maps/search/?api=1&query=Watercress%20Restaurant&query_place_id=ChIJ0YVwp8EQLxgR6sHkApqxXoE | https://www.google.com/maps/search/restaurant/@-1.296413588499247,36.79946094992056,16z?hl=en | https://streetviewpixels-pa.googleapis.com/v1/thumbnail?panoid=sFVWEjzK5ilAUSln73w57g&cb_client=search.gws-prod.gps&w=408&h=240&yaw=241.37798&pitch=0&thumbfov=100",https://www.google.com/maps/search/?api=1&query=Watercress%20Restaurant&query_place_id=ChIJ0YVwp8EQLxgR6sHkApqxXoE,ChIJ0YVwp8EQLxgR6sHkApqxXoE,False
WD’s Kitchen,Restaurant,"Gitanga Road, Nairobi City, Kenya",+254 748 185873,,,,,"https://www.google.com/maps/search/?api=1&query=WD%E2%80%99s%20Kitchen&query_place_id=ChIJmfZMlZMbLxgRNTL1Dwyoc5o | https://www.google.com/maps/search/restaurant/@-1.293340725,36.778052200000005,17.00233553235424z?hl=en | https://lh3.googleusercontent.com/gps-cs-s/AHRPTWlyvKaERPj42HZJ7FaqxXGJTYgyIDndRwS6BxS9XlkDarUjPfMaRJBCMI-9MnDoxzWSRuDTy9MdGfXXkbsZw8lNmtOFPqfCXaXcayI-FG5RLtWqbCxJEx0MYmXIjUeAyhocWPIl1w=w408-h725-k-no",https://www.google.com/maps/search/?api=1&query=WD%E2%80%99s%20Kitchen&query_place_id=ChIJmfZMlZMbLxgRNTL1Dwyoc5o,ChIJmfZMlZMbLxgRNTL1Dwyoc5o,False
Westfield Mall,Restaurant,"78659-0507, Kenya",+254 721 929065,,,,,"https://www.google.com/maps/search/?api=1&query=Westfield%20Mall&query_place_id=ChIJoQhe5zMbLxgRSGFXnBNz-e4 | https://www.google.com/maps/search/restaurant/@-1.293340725,36.778052200000005,17.00233553235424z?hl=en | https://lh3.googleusercontent.com/gps-cs-s/AHRPTWkFU_QYDqarpnkegRtMyXwV5kBJaMC4YjVMddXLWovX2v-uRjT7753jB34R1RFkj7vs-NroJb6Xd53RsSuGrYAJYBfcASPTZqJ5KVIpAkPLVEdc78C_fAs7p8l4E3G8DsB4y5oB=w408-h306-k-no",https://www.google.com/maps/search/?api=1&query=Westfield%20Mall&query_place_id=ChIJoQhe5zMbLxgRSGFXnBNz-e4,ChIJoQhe5zMbLxgRSGFXnBNz-e4,False
Weston Restaurant,Restaurant,"MRM7+J9P, Nairobi, Kenya",,,,,,"https://www.google.com/maps/search/?api=1&query=Weston%20Restaurant&query_place_id=ChIJfTp8tGsRLxgRoPN-J8u4Lhk | https://www.google.com/maps/search/restaurant/@-1.3135946628330823,36.79946094992056,16z?hl=en | https://lh3.googleusercontent.com/gps-cs-s/AHRPTWlNjHG9XNXq4ufqKlXH4OdISrruGI_F1Hm0au-7tru0Y5Qe64NQSJ8JJfz1hZe7Rf0GTB2NU9uJ9oCKsXu5vnfYRMd-qT4cud-MM33m1wXdsVjoqqWLo5_68fzRGAEEkTrC3rBx=w408-h306-k-no",https://www.google.com/maps/search/?api=1&query=Weston%20Restaurant&query_place_id=ChIJfTp8tGsRLxgRoPN-J8u4Lhk,ChIJfTp8tGsRLxgRoPN-J8u4Lhk,False
Wing It Nairobi,Restaurant,"Karen, Magadi Rd, Kenya",+254 724 155554,,,,,"https://www.google.com/maps/search/?api=1&query=Wing%20It%20Nairobi&query_place_id=ChIJ7_ZR_SwFLxgRds8Z3fZSD2k | https://www.google.com/maps/search/restaurant/@-1.3479568115007532,36.76508901669314,16z?hl=en | https://streetviewpixels-pa.googleapis.com/v1/thumbnail?panoid=j0KaaeVqC2exPoF03TJ2vQ&cb_client=search.gws-prod.gps&w=408&h=240&yaw=155.9395&pitch=0&thumbfov=100",https://www.google.com/maps/search/?api=1&query=Wing%20It%20Nairobi&query_place_id=ChIJ7_ZR_SwFLxgRds8Z3fZSD2k,ChIJ7_ZR_SwFLxgRds8Z3fZSD2k,False
Www Shop And Bar,Restaurant,"The Junction Shopping Mall, Ngong Rd, Starehe, Kenya",+254 704 595818,,,,,"https://www.google.com/maps/search/?api=1&query=Www%20Shop%20And%20Bar&query_place_id=ChIJIRXvqMUbLxgR7FYXf60UrVQ | https://www.google.com/maps/search/restaurant/@-1.2983534384615385,36.76283634615385,17.002332677197412z?hl=en",https://www.google.com/maps/search/?api=1&query=Www%20Shop%20And%20Bar&query_place_id=ChIJIRXvqMUbLxgR7FYXf60UrVQ,ChIJIRXvqMUbLxgR7FYXf60UrVQ,False
Xabibi lounge,Restaurant,"PQ3H+MGC, Nairobi, Kenya",,,,,,"https://www.google.com/maps/search/?api=1&query=Xabibi%20lounge&query_place_id=ChIJvzHjewAbLxgRDiDBBBkV4iw | https://www.google.com/maps/search/restaurant/@-1.2955217,36.7736869,17.002334291465527z?hl=en | https://streetviewpixels-pa.googleapis.com/v1/thumbnail?panoid=rsl_JwGul1_z8xwYhz7NWQ&cb_client=search.gws-prod.gps&w=408&h=240&yaw=221.14577&pitch=0&thumbfov=100",https://www.google.com/maps/search/?api=1&query=Xabibi%20lounge&query_place_id=ChIJvzHjewAbLxgRDiDBBBkV4iw,ChIJvzHjewAbLxgRDiDBBBkV4iw,False
Yedil Cafe And Restaurant,Restaurant,"Argwings Kodhek Rd, Nairobi, Kenya",+254 710 185958,,,,,"https://www.google.com/maps/search/?api=1&query=Yedil%20Cafe%20And%20Restaurant&query_place_id=ChIJWz8TPL0QLxgRIG4S5n2QpQQ | https://www.google.com/maps/search/restaurant/@-1.296413588499247,36.78227498330685,16z?hl=en | https://lh3.googleusercontent.com/gps-cs-s/AHRPTWntNkMXFfmUWzP4Br58APK0hzzAJyyJTqpT3X8vEqZ3x0MWV5tr309ks0ZWt_rIsY1_0WsrIChPposdGjofyIERcOU9fUqpou9QlAq3MC4kAoh9pgW7FAX5orI8W8iqT_LN4Lg=w426-h240-k-no",https://www.google.com/maps/search/?api=1&query=Yedil%20Cafe%20And%20Restaurant&query_place_id=ChIJWz8TPL0QLxgRIG4S5n2QpQQ,ChIJWz8TPL0QLxgRIG4S5n2QpQQ,False
Yejoka,Restaurant,"chiromo lane,Parklands/Highridge, Kenya",,,,,,"https://www.google.com/maps/search/?api=1&query=Yejoka&query_place_id=ChIJlUir7VgRLxgRmK5xZjI7iRI | https://www.google.com/maps/search/restaurant/@-1.293340725,36.778052200000005,17.00233553235424z?hl=en",https://www.google.com/maps/search/?api=1&query=Yejoka&query_place_id=ChIJlUir7VgRLxgRmK5xZjI7iRI,ChIJlUir7VgRLxgRmK5xZjI7iRI,False
Yemeni kitchen restaurant,Restaurant,"Dennis Pritt Rd, Nairobi, Kenya",+254 702 056666,,,,,"https://www.google.com/maps/search/?api=1&query=Yemeni%20kitchen%20restaurant&query_place_id=ChIJH-krMJsRLxgRNY902Nst37c | https://www.google.com/maps/search/restaurant/@-1.2792325141654115,36.79946094992056,16z?hl=en | https://lh3.googleusercontent.com/gps-cs-s/AHRPTWmDuS6sagdFO7pIsG-xKPPM9cw7DIBlTENfF0VZ6f8--hpSC5caRHgbAdkb6zbeILTfgOQkAhtJxkeT_BTFV4iPuEn3vWgyYt1hD5CyK9cofBpW1WUw-2gOWT3c5hw6-0zg3iEyDxo4Lane=w408-h306-k-no",https://www.google.com/maps/search/?api=1&query=Yemeni%20kitchen%20restaurant&query_place_id=ChIJH-krMJsRLxgRNY902Nst37c,ChIJH-krMJsRLxgRNY902Nst37c,False
Yepec Chinese restaurant,Restaurant,"MQ48+J95, Galleria Shopping Mall, Langata Rd, Nairobi, Kenya",+254 790 069926,,,,,"https://www.google.com/maps/search/?api=1&query=Yepec%20Chinese%20restaurant&query_place_id=ChIJP2lsKNIFLxgR7yYEgLTd2Eg | https://www.google.com/maps/search/restaurant/@-1.3651378858345886,36.78227498330685,16z?hl=en | https://lh3.googleusercontent.com/gps-cs-s/AHRPTWk-_2hulaVaiRiGa62Pxdp0dtz4tVFghyYaAZAmA02nVcYVfJv_rMHoxMZvCSJBLDgFcGysY6J0I4keyD4hgt3BfIi3cELdxYC6R9Z3CDXrfUjcIdrqYdaoiLYtINh4tgSPuQjk=w408-h306-k-no",https://www.google.com/maps/search/?api=1&query=Yepec%20Chinese%20restaurant&query_place_id=ChIJP2lsKNIFLxgR7yYEgLTd2Eg,ChIJP2lsKNIFLxgR7yYEgLTd2Eg,False
Ynot bbq,Restaurant,"14th Dr, Nairobi, Kenya",+254 732 444446,,,,,"https://www.google.com/maps/search/?api=1&query=Ynot%20bbq&query_place_id=ChIJS3vhpjgbLxgR2JprotjKkh0 | https://www.google.com/maps/search/restaurant/@-1.2895935545454547,36.773318836363636,17.002337659462743z?hl=en | https://lh3.googleusercontent.com/gps-cs-s/AHRPTWlORd1v0lA8RpvlH5umgdx9vtVKZEAI-r2yPjHCYAK6pH022A4NPwrlOYlGeTV77h7wFR0M36BJ00C-vLaFI1V9TC4D4nIzjnJloTR93smQEzoV0IL40nIg0rz-Oyju6RdiDF19=w408-h306-k-no",https://www.google.com/maps/search/?api=1&query=Ynot%20bbq&query_place_id=ChIJS3vhpjgbLxgR2JprotjKkh0,ChIJS3vhpjgbLxgR2JprotjKkh0,False
Youth restaurant chinese food,Restaurant,"PQ3Q+245, Nairobi, Kenya",,,,,,"https://www.google.com/maps/search/?api=1&query=Youth%20restaurant%20chinese%20food&query_place_id=ChIJnQ8n15gQLxgRfGUq0SjmJ2Q | https://www.google.com/maps/search/restaurant/@-1.296413588499247,36.78227498330685,16z?hl=en | https://lh3.googleusercontent.com/gps-cs-s/AHRPTWlXRESovQ8f4N1YI3V-iDAr_vyQHFPnd12AYTjmy5ZUjDuiR6Ly3jFoDQQ8tiNkGbVU2jVy2g2B8k0R5wxExazH-bT_Xz29anDaPFCkamrWF2n-aFlnJDiD4xXiHDZXiTC19X0s=w408-h544-k-no",https://www.google.com/maps/search/?api=1&query=Youth%20restaurant%20chinese%20food&query_place_id=ChIJnQ8n15gQLxgRfGUq0SjmJ2Q,ChIJnQ8n15gQLxgRfGUq0SjmJ2Q,False
Zeyhaj Lounge & Restaurant,Restaurant,"Muchai Rd, Nairobi, Kenya",+254 799 947609,,,,,"https://www.google.com/maps/search/?api=1&query=Zeyhaj%20Lounge%20%26%20Restaurant&query_place_id=ChIJDQYZsgERLxgR7k2m1DtK8F4 | https://www.google.com/maps/search/restaurant/@-1.296413588499247,36.79946094992056,16z?hl=en | https://lh3.googleusercontent.com/gps-cs-s/AHRPTWmQbcd3Yy0mREAGJ7Aac3iz3SZnraD7t1-Uq8OkEsO7iT8T1EFBwD5vlkVLGh9UKTop4i6ivyEgk6b5goWfvLrIvJgt-Pn7ubdiKf1INOr3R41ge53xR9uFBe6qCRXeUVlZbv7H9-A4ZNa8=w408-h725-k-no",https://www.google.com/maps/search/?api=1&query=Zeyhaj%20Lounge%20%26%20Restaurant&query_place_id=ChIJDQYZsgERLxgR7k2m1DtK8F4,ChIJDQYZsgERLxgR7k2m1DtK8F4,False
Zigna Restaurant,Restaurant,"MQXQ+M36, Mugo Kibiru Dr, Nairobi, Kenya",,,,,,"https://www.google.com/maps/search/?api=1&query=Zigna%20Restaurant&query_place_id=ChIJ19Dgi5sQLxgRRkYb1EsCIzU | https://www.google.com/maps/search/restaurant/@-1.296413588499247,36.78227498330685,16z?hl=en | https://streetviewpixels-pa.googleapis.com/v1/thumbnail?panoid=0Yvpf5BBPHN4l4vT694eQg&cb_client=search.gws-prod.gps&w=408&h=240&yaw=102.42312&pitch=0&thumbfov=100",https://www.google.com/maps/search/?api=1&query=Zigna%20Restaurant&query_place_id=ChIJ19Dgi5sQLxgRRkYb1EsCIzU,ChIJ19Dgi5sQLxgRRkYb1EsCIzU,False
عآصٍم عبْدِہ جٍمعةّ,Restaurant,"PQ4G+4G7, Nairobi, Kenya",,,,,,"https://www.google.com/maps/search/?api=1&query=%D8%B9%D8%A2%D8%B5%D9%8D%D9%85%20%D8%B9%D8%A8%D9%92%D8%AF%D9%90%DB%81%20%D8%AC%D9%8D%D9%85%D8%B9%D8%A9%D9%91&query_place_id=ChIJT3WdBQAbLxgRmOSMlwcwhDs | https://www.google.com/maps/search/restaurant/@-1.2955217,36.7736869,17.002334291465527z?hl=en | https://streetviewpixels-pa.googleapis.com/v1/thumbnail?panoid=gEMBm3TR2ykzILhgmScGKg&cb_client=search.gws-prod.gps&w=408&h=240&yaw=280.0712&pitch=0&thumbfov=100",https://www.google.com/maps/search/?api=1&query=%D8%B9%D8%A2%D8%B5%D9%8D%D9%85%20%D8%B9%D8%A8%D9%92%D8%AF%D9%90%DB%81%20%D8%AC%D9%8D%D9%85%D8%B9%D8%A9%D9%91&query_place_id=ChIJT3WdBQAbLxgRmOSMlwcwhDs,ChIJT3WdBQAbLxgRmOSMlwcwhDs,False
مطعم ممتاز في نيروبي,Restaurant,"MP5X+X82, Langata Rd, Nairobi, Kenya",,,,,,"https://www.google.com/maps/search/?api=1&query=%D9%85%D8%B7%D8%B9%D9%85%20%D9%85%D9%85%D8%AA%D8%A7%D8%B2%20%D9%81%D9%8A%20%D9%86%D9%8A%D8%B1%D9%88%D8%A8%D9%8A&query_place_id=ChIJE0EVXUAbLxgRB-B-BetsZTQ | https://www.google.com/maps/search/restaurant/@-1.3479568115007532,36.74790305007943,16z?hl=en | https://streetviewpixels-pa.googleapis.com/v1/thumbnail?panoid=OD2C8rMlJh5JQ8D8bPes4Q&cb_client=search.gws-prod.gps&w=408&h=240&yaw=332.3923&pitch=0&thumbfov=100",https://www.google.com/maps/search/?api=1&query=%D9%85%D8%B7%D8%B9%D9%85%20%D9%85%D9%85%D8%AA%D8%A7%D8%B2%20%D9%81%D9%8A%20%D9%86%D9%8A%D8%B1%D9%88%D8%A8%D9%8A&query_place_id=ChIJE0EVXUAbLxgRB-B-BetsZTQ,ChIJE0EVXUAbLxgRB-B-BetsZTQ,False
世外桃源饭店/Xanadu,Restaurant,"PQ4G+4G7, Nairobi, Kenya",+254 799 877777,,,,,"https://www.google.com/maps/search/?api=1&query=%E4%B8%96%E5%A4%96%E6%A1%83%E6%BA%90%E9%A5%AD%E5%BA%97%2FXanadu&query_place_id=ChIJTzC5ngwaLxgReZ5mzlSWKGA | https://www.google.com/maps/search/restaurant/@-1.293340725,36.778052200000005,17.00233553235424z?hl=en | https://lh3.googleusercontent.com/gps-cs-s/AHRPTWm5hQ4aOCx8pzaLBEld8DItXsge_wSAaYVaJojOlCsMsatwMyAhV54FJhFfssPsvmAqRdbyey4-GL9z_11pq_IkI3WcZWxcd3jlwYK80H-fny00BWU69kJDVODTnvZHNGkwElZL=w408-h306-k-no",https://www.google.com/maps/search/?api=1&query=%E4%B8%96%E5%A4%96%E6%A1%83%E6%BA%90%E9%A5%AD%E5%BA%97%2FXanadu&query_place_id=ChIJTzC5ngwaLxgReZ5mzlSWKGA,ChIJTzC5ngwaLxgReZ5mzlSWKGA,False
"飞天阁酒店Foodplay bar, bbq, restaurant",Restaurant,"No. 28 Mugumo Rd, Nairobi, Kenya",,,,,,"https://www.google.com/maps/search/?api=1&query=%E9%A3%9E%E5%A4%A9%E9%98%81%E9%85%92%E5%BA%97Foodplay%20bar%2C%20bbq%2C%20restaurant&query_place_id=ChIJORuXC88bLxgRN9W5V57CPSc | https://www.google.com/maps/search/restaurant/@-1.2792325141654115,36.76508901669314,16z?hl=en | https://lh3.googleusercontent.com/gps-cs-s/AHRPTWlBjjIsVX3dVSzGcKtLrSvyNQbPJSEbdrcqHFZ9JpRgoLW3Fgt3N2YgMuVwSWROhAIaqLqlctKABdM7OHzHpijfWE5YFdP5Gn0GQTcyzcOHI-r3oAlAKQlcQrAEqsB8WwBK3wNXWQ=w426-h240-k-no",https://www.google.com/maps/search/?api=1&query=%E9%A3%9E%E5%A4%A9%E9%98%81%E9%85%92%E5%BA%97Foodplay%20bar%2C%20bbq%2C%20restaurant&query_place_id=ChIJORuXC88bLxgRN9W5V57CPSc,ChIJORuXC88bLxgRN9W5V57CPSc,False
한국 식품점,Restaurant,"PQ47+9RX, Nairobi, Kenya",,,,,,"https://www.google.com/maps/search/?api=1&query=%ED%95%9C%EA%B5%AD%20%EC%8B%9D%ED%92%88%EC%A0%90&query_place_id=ChIJmSH_YBQaLxgR-ZsuCqAWqpc | https://www.google.com/maps/search/restaurant/@-1.292292,36.7671123,17.00233612829275z?hl=en",https://www.google.com/maps/search/?api=1&query=%ED%95%9C%EA%B5%AD%20%EC%8B%9D%ED%92%88%EC%A0%90&query_place_id=ChIJmSH_YBQaLxgR-ZsuCqAWqpc,ChIJmSH_YBQaLxgR-ZsuCqAWqpc,False
Fez Restaurant,Ryotei restaurant,"Juna road, PQ4Xjggr, Nairobi, Kenya",,,,,,"https://www.google.com/maps/search/?api=1&query=Fez%20Restaurant&query_place_id=ChIJu-X3vX8RLxgRn3ALQ4M_fUQ | https://www.google.com/maps/search/restaurant/@-1.296413588499247,36.79946094992056,16z?hl=en | https://lh3.googleusercontent.com/gps-cs-s/AHRPTWl5jM__uQK6xp2CJnoNPGCxyHNYvg3PCLmX0TO65zVf1wADocBU_mY9pfGbRSwUHS9I9sd1MisFP-VXLSYVV42PstFhFrjQz9D-d91zfAfSZV59OPpm4E0HehJ3WD8NTUYYAtj17g=w408-h306-k-no",https://www.google.com/maps/search/?api=1&query=Fez%20Restaurant&query_place_id=ChIJu-X3vX8RLxgRn3ALQ4M_fUQ,ChIJu-X3vX8RLxgRn3ALQ4M_fUQ,False
Rosemary Sandwicherie,Sandwich shop,"Legend, Valley Business Park, Gitanga Rd, Nairobi, Kenya",,,,,,"https://www.google.com/maps/search/?api=1&query=Rosemary%20Sandwicherie&query_place_id=ChIJbbS3IAAbLxgRObKtH2lDvhQ | https://www.google.com/maps/search/restaurant/@-1.293340725,36.778052200000005,17.00233553235424z?hl=en | https://lh3.googleusercontent.com/gps-cs-s/AHRPTWk_dYLwrJxWPncC8vxPDhm0lvJdSnWTYy6VpKLGA7r0IKXTxdMk-XfgF0smwNmen-2wKkZvZZF9sytvgurhZKhEfn4YmREwSEZHy6u8Dr2oKJDj9dDp5G0Y9SeFBwCpWcsFzHVVq2f02uq4=w460-h240-k-no",https://www.google.com/maps/search/?api=1&query=Rosemary%20Sandwicherie&query_place_id=ChIJbbS3IAAbLxgRObKtH2lDvhQ,ChIJbbS3IAAbLxgRObKtH2lDvhQ,False
SUBZ - Greenhouse Mall,Sandwich shop,"Greenhouse Mall, Nairobi, Kenya",+254 740 022931,,,,,"https://www.google.com/maps/search/?api=1&query=SUBZ%20-%20Greenhouse%20Mall&query_place_id=ChIJh-bsYrIbLxgRPRW5dc7uZO4 | https://www.google.com/maps/search/restaurant/@-1.3013050000000002,36.7787164,17.002330990869897z?hl=en | https://lh3.googleusercontent.com/gps-cs-s/AHRPTWnds5Kba1OjKbUzi_w5fZYCpnQDW_qOGM80DsJr59z3sdNsxGFANRGu-qWovAJ9aiOjKiHJyulMTegsgV74jR2VypuNhdDdggEajdDegaXImYqoaOFARpkT5y6Z1adPtfy3Q6uSUw=w408-h306-k-no",https://www.google.com/maps/search/?api=1&query=SUBZ%20-%20Greenhouse%20Mall&query_place_id=ChIJh-bsYrIbLxgRPRW5dc7uZO4,ChIJh-bsYrIbLxgRPRW5dc7uZO4,False
SUBZ - Junction,Sandwich shop,"Junction Mall Parking Hall, Ngong Rd, Nairobi, Kenya",+254 740 022912,,,,,"https://www.google.com/maps/search/?api=1&query=SUBZ%20-%20Junction&query_place_id=ChIJ7XTX92oaLxgRQ8AYt45qmbw | https://www.google.com/maps/search/restaurant/@-1.296413588499247,36.76508901669314,16z?hl=en | https://lh3.googleusercontent.com/gps-cs-s/AHRPTWl6UNzRUTmpmJORcF2TcSPR8BhQBSp5bfC3h96ujgLkwZzyy7ozCP2KTXNPhDzqUh6-WDAatnqmlVqB4EsmtvhZz8Tu-c2ce1ZYBK9wcHhCFgTfaVCP9HVMgUop2ho9NXwk-NNY=w408-h306-k-no",https://www.google.com/maps/search/?api=1&query=SUBZ%20-%20Junction&query_place_id=ChIJ7XTX92oaLxgRQ8AYt45qmbw,ChIJ7XTX92oaLxgRQ8AYt45qmbw,False
SUBZ - Valley Arcade,Sandwich shop,"Shopping Mall, Nairobi, Kenya",+254 740 022930,,,,,"https://www.google.com/maps/search/?api=1&query=SUBZ%20-%20Valley%20Arcade&query_place_id=ChIJK-kOU9MbLxgR6Z06GHAnF7k | https://www.google.com/maps/search/restaurant/@-1.2895935545454547,36.773318836363636,17.002337659462743z?hl=en | http://t0.gstatic.com/images?q=tbn:ANd9GcQvg_9j5Y8JOAfW_Hd1QWw8yAcPjZRx0aKBnjqvPxAGGJovR_7J",https://www.google.com/maps/search/?api=1&query=SUBZ%20-%20Valley%20Arcade&query_place_id=ChIJK-kOU9MbLxgR6Z06GHAnF7k,ChIJK-kOU9MbLxgR6Z06GHAnF7k,False
Samaki Samaki Seafood and Jazz,Seafood restaurant,"28 Othaya Rd, Nairobi, Kenya",+254 737 345667,,,,,"https://www.google.com/maps/search/?api=1&query=Samaki%20Samaki%20Seafood%20and%20Jazz&query_place_id=ChIJE7Tw6lYbLxgRk4BAGKIKwtk | https://www.google.com/maps/search/restaurant/@-1.2792325141654115,36.78227498330685,16z?hl=en | https://lh3.googleusercontent.com/gps-cs-s/AHRPTWka_r3JjkIUZm6WHvPjx1arGALCSxvnbUZl8O4ZP0mZDs96gQDUt8upPQNL8a0gXctVDpFWN1hqQS4YUlHCtlQsbWDFVPd5i0GS0Z3tUioIjYmNYbzJQWslGm3gVbYj5Kj_ClW-=w408-h270-k-no",https://www.google.com/maps/search/?api=1&query=Samaki%20Samaki%20Seafood%20and%20Jazz&query_place_id=ChIJE7Tw6lYbLxgRk4BAGKIKwtk,ChIJE7Tw6lYbLxgRk4BAGKIKwtk,False
Hire annah personal cook,Self service restaurant,"kitengela, Kenya",+254 725 904121,,,,,"https://www.google.com/maps/search/?api=1&query=Hire%20annah%20personal%20cook&query_place_id=ChIJ16rHuhAbLxgREevaGGFvlFs | https://www.google.com/maps/search/restaurant/@-1.292292,36.7671123,17.00233612829275z?hl=en",https://www.google.com/maps/search/?api=1&query=Hire%20annah%20personal%20cook&query_place_id=ChIJ16rHuhAbLxgREevaGGFvlFs,ChIJ16rHuhAbLxgREevaGGFvlFs,False
Kindaruma Homes Furnished Apartment,Serviced accommodation,"Kindaruma Rd, Nairobi, Kenya",+254 714 424760,,,,,"https://www.google.com/travel/lodging/clk?pc=AA80Osw60OZqzjNusGcQMVxJ_rs5PTgs-JNM43bcfluDrp6u-s_KUmyGBSYZOZEJaQtZDvcd4amz-lyF5Sd0yPPfWojhLYOM8qM_FZ26wY1o68y4WiYGz1TYAUcD1I3hWiw7gJOlgJFdJIsUC0JyRGroFIqICRYHcf81_iK5cndby2TkboigkRVe4RGVs_NE9ls&pcurl=https://www.hotels.com/Hotel-Search?selected%3D128191293%26startDate%3D2026-09-19%26endDate%3D2026-09-20%26mdpcid%3DHCOM-US.META.HPA.HOTEL-ORGANIC-desktop.HOTEL%26MDPDTL%3DHTL.128191293.20260919.20260920.DDT.5.CID..AUDID.%26adults%3D2%26children%3D%26mctc%3D10%26mpf%3D62.97%26mpg%3DUSD%26mpl%3DUSD%26mpj%3D10.20%26mpr%3D0.00%26rffrid%3Dsem.hcom.US.156.024.mapresults.02.desktop-1.kwrd%3DGGMETA.128191293USen-20260919-D-ABW%3D5-camp%3D-aud%3D-N%26rateplanid%3D408991576%26mpm%3D24%26mpn%3D328458574%26mpo%3DEC%26mpp%3D1%26locale%3Den_US%26siteid%3D300000001&s=AD1XQnle0JguDmS6PiElBv7Zwh0J | https://www.hotels.com/Hotel-Search?selected=128191293&startDate=2026-09-19&endDate=2026-09-20&mdpcid=HCOM-US.META.HPA.HOTEL-ORGANIC-desktop.HOTEL&MDPDTL=HTL.128191293.20260919.20260920.DDT.5.CID..AUDID.&adults=2&children=&mctc=10&mpf=62.97&mpg=USD&mpl=USD&mpj=10.20&mpr=0.00&rffrid=sem.hcom.US.156.024.mapresults.02.desktop-1.kwrd=GGMETA.128191293USen-20260919-D-ABW=5-camp=-aud=-N&rateplanid=408991576&mpm=24&mpn=328458574&mpo=EC&mpp=1&locale=en_US&siteid=300000001 | https://www.google.com/travel/lodging/clk?pc=AA80Oswi586XLs0v9ZkdyFAl6SjL5V72nlQsvDckBuvJsVwWGp3JEtc0YXRDuoTL-F4PS6ugyQEvTCI8VVgusnazByve-AMOHnMNMPrC9MSjiCg7F0mfJmcHWiXF1JD1KY93_-yfJ1JuM7jFVd10T9iKZxidAzNCXNabG4-7xEsT3Q9lkUym_gcVzF_x7i9cCJi8&pcurl=https://www.expedia.com/Hotel-Search?selected%3D128191293%26startDate%3D2026-09-19%26endDate%3D2026-09-20%26MDPCID%3DUS.META.HPA.HOTEL-ORGANIC-desktop.HOTEL%26MDPDTL%3DHTL.128191293.20260919.20260920.DDT.5.CID..AUDID..RRID.bex_us_desktop%26mctc%3D10%26ct%3Dhotel%26mpg%3DUSD%26mpf%3D66.33%26mpj%3D10.20%26mpr%3D0.00%26mpl%3DUSD%26exp_pg%3Dgoogle%26langid%3Den%26ad%3D2%26tp%3D%26utm_source%3Dgoogle%26utm_medium%3Dcpc%26utm_term%3D128191293%26utm_content%3Dmapresults%26utm_campaign%3DHotelAds%26langid%3D1033%26adults%3D2%26children%3D%26rrid%3Dbex_us_desktop%26rateplanid%3D408991576%26mpm%3D24%26mpn%3D328458574%26mpo%3DEC%26mpp%3D1&s=AD1XQnnYNKZ3CljY7CEyWo0QKmkq | https://www.expedia.com/Hotel-Search?selected=128191293&startDate=2026-09-19&endDate=2026-09-20&MDPCID=US.META.HPA.HOTEL-ORGANIC-desktop.HOTEL&MDPDTL=HTL.128191293.20260919.20260920.DDT.5.CID..AUDID..RRID.bex_us_desktop&mctc=10&ct=hotel&mpg=USD&mpf=66.33&mpj=10.20&mpr=0.00&mpl=USD&exp_pg=google&langid=en&ad=2&tp=&utm_source=google&utm_medium=cpc&utm_term=128191293&utm_content=mapresults&utm_campaign=HotelAds&langid=1033&adults=2&children=&rrid=bex_us_desktop&rateplanid=408991576&mpm=24&mpn=328458574&mpo=EC&mpp=1 | https://www.google.com/travel/lodging/clk?pc=AA80OswFpZv215GiV54PzlExEpPFEqYRhQA7PyaFFB6FzbSP-d5uVEuhffX_gCspH8V8icZxNGpkKUfSprArGgkJY8t78f6kZ-Q6KKX8SImsuRZtZZw_FU2tjKRVe2dxgfVaacllbZLjuTzYJjZzg5VRRH7i4FZIPg42bAucYzlXJPk-WpZuhBOgkEbeXXyZ5e0&pcurl=https://www.orbitz.com/Hotel-Search?selected%3D128191293%26startDate%3D2026-09-19%26endDate%3D2026-09-20%26adults%3D2%26children%3D%26MDPCID%3DORBITZ-US.META.HPA.ORGANIC-desktop.HOTEL%26MDPDTL%3Dhtl.128191293.20260919.20260920.DDT.5.CID..AUDID..mapresults%26mpg%3DUSD%26mpf%3D66.33%26mpj%3D10.20%26mpr%3D0.00%26mctc%3D10%26rateplanid%3D408991576%26mpm%3D24%26mpn%3D328458574%26mpo%3DEC%26mpp%3D1&s=AD1XQnnoGyHpMXB-AWng6w4aMYMB | https://www.orbitz.com/Hotel-Search?selected=128191293&startDate=2026-09-19&endDate=2026-09-20&adults=2&children=&MDPCID=ORBITZ-US.META.HPA.ORGANIC-desktop.HOTEL&MDPDTL=htl.128191293.20260919.20260920.DDT.5.CID..AUDID..mapresults&mpg=USD&mpf=66.33&mpj=10.20&mpr=0.00&mctc=10&rateplanid=408991576&mpm=24&mpn=328458574&mpo=EC&mpp=1 | https://www.google.com/travel/lodging/clk?pc=AA80OszP5hszxqDCivy5TV9heVjTcy5Yxrpb6N6azHz-IksAMcNqt0SB1mUDvlweOaP__BLnEYm5I9V3hHS4waIlzFlbwJGpRFoj_tmjMS3f0GlFQhSZd63pqISSu0notdipI7zlWJVMGoLLdrA-hFUZA4cHNU030JZnB2kgVKbNuPuSP-zmPVqbuXV-cFyvjfQv&pcurl=https://www.travelocity.com/Hotel-Search?selected%3D128191293%26startDate%3D2026-09-19%26endDate%3D2026-09-20%26adults%3D2%26children%3D%26MDPCID%3Dtravelocity-US.META.HPA.ORGANIC.HOTEL%26MDPDTL%3DHTL.128191293.20260919.20260920.DDT.5.CID..AUDID..mapresults%26mpg%3DUSD%26mpf%3D66.33%26mpj%3D10.20%26mpr%3D0.00%26mctc%3D10%26rateplanid%3D408991576%26mpm%3D24%26mpn%3D328458574%26mpo%3DEC%26mpp%3D1&s=AD1XQnkxnMqLI0gC0qXZUjhQSCEy | https://www.travelocity.com/Hotel-Search?selected=128191293&startDate=2026-09-19&endDate=2026-09-20&adults=2&children=&MDPCID=travelocity-US.META.HPA.ORGANIC.HOTEL&MDPDTL=HTL.128191293.20260919.20260920.DDT.5.CID..AUDID..mapresults&mpg=USD&mpf=66.33&mpj=10.20&mpr=0.00&mctc=10&rateplanid=408991576&mpm=24&mpn=328458574&mpo=EC&mpp=1 | https://www.google.com/travel/lodging/clk?pc=AA80OsyJCzBQXtOoW5EwRroff2ug_DsIo6xLmCSldpIgtuCxDVeL0EI4Op-4PYq0fdekrYddoN1mgnhSRINOBk8mZgwgKfsZ6_ZhVtDzSORMq0zPBC7ertye-cYsropD_8g9jj_TQkVICInsN4nNiIrIeMcBgema135R4c2cx7UxxRyqA7GdepUAXgEZCXNQonnucEHkLxE&pcurl=https://www.cheaptickets.com/Hotel-Search?selected%3D128191293%26startDate%3D2026-09-19%26endDate%3D2026-09-20%26MDPCID%3DCHEAPTICKETS-US.META.HPA.ORGANIC-desktop.HOTEL%26langid%3D1033%26adults%3D2%26children%3D%26MDPDTL%3Dhtl.128191293.20260919.20260920.DDT.5.CID..AUDID..mapresults%26mpg%3DUSD%26mpf%3D66.33%26mpj%3D10.20%26mpr%3D0.00%26mctc%3D10%26rateplanid%3D408991576%26rateplanid%3D408991576%26mpm%3D24%26mpn%3D328458574%26mpo%3DEC%26mpp%3D1&s=AD1XQnl6vHMMGaXnSPpnRnbvBVBW | https://www.cheaptickets.com/Hotel-Search?selected=128191293&startDate=2026-09-19&endDate=2026-09-20&MDPCID=CHEAPTICKETS-US.META.HPA.ORGANIC-desktop.HOTEL&langid=1033&adults=2&children=&MDPDTL=htl.128191293.20260919.20260920.DDT.5.CID..AUDID..mapresults&mpg=USD&mpf=66.33&mpj=10.20&mpr=0.00&mctc=10&rateplanid=408991576&rateplanid=408991576&mpm=24&mpn=328458574&mpo=EC&mpp=1 | https://www.google.com/travel/lodging/clk?pc=AA80OsxTSfG3ajBYmUqTHawu6B2-GKFp0Viwn7ITAlq41SWPjkE0xWRkTElFkV3mvUbvtdMoSVSwIQDR7uhZReSzHCE-K0xb9rBEwnp95_RE3xReDIjUIY-XXvdE9C4FlwiiA-R-ny37fwzExd6f06M6_jW0mLjGLRjziTLlSXEaaLVrRmjnrsz3&pcurl=https://accommodation.edreams.net/Hotel-Search?selected%3D128191293%26startDate%3D2026-09-19%26endDate%3D2026-09-20%26adults%3D2%26children%3D%26mpf%3D66.33%26cur%3DUSD%26mpj%3D10.20%26MDPCID%3DeDreams-US.DPS.Edreams.MetaSearch-GHA.HOTEL%26mpl%3DUSD%26numberOfRooms%3D1%26locale%3Den_US%26rffrid%3Dh4p.hcom.US.ghaodigeo.000.000.kwrd%3D%26pos%3DEDREAMS_US%26rateplanid%3D408991576%26mctc%3D10%26utm_medium%3Dmetasearch%26utm_campaign%3D4103121376%26utm_term%3Dhotel%26utm_source%3DFREEBOOKING&s=AD1XQnmjzPk-F1fOAVjHY3tR6RW8 | https://accommodation.edreams.net/Hotel-Search?selected=128191293&startDate=2026-09-19&endDate=2026-09-20&adults=2&children=&mpf=66.33&cur=USD&mpj=10.20&MDPCID=eDreams-US.DPS.Edreams.MetaSearch-GHA.HOTEL&mpl=USD&numberOfRooms=1&locale=en_US&rffrid=h4p.hcom.US.ghaodigeo.000.000.kwrd=&pos=EDREAMS_US&rateplanid=408991576&mctc=10&utm_medium=metasearch&utm_campaign=4103121376&utm_term=hotel&utm_source=FREEBOOKING | https://www.google.com/maps/search/?api=1&query=Kindaruma%20Homes%20Furnished%20Apartment&query_place_id=ChIJmQQuqHgRLxgRRNXozmLba44 | https://www.google.com/maps/search/Hotel/@-1.3012663249999998,36.789468625,17.002331012991007z?hl=en | https://lh3.googleusercontent.com/gps-cs-s/AHRPTWml-Gq5sGhmaib0Q3oLcfc0XyiosqroSasWBkj22Irw7rEmRMLN-2Xj-qWGnLWh5yayS3wTNkuns0Ge3JfiDxfjcmFmsUJKEv1-euufG4cVWuHSW1PFQM21eZ3_A5wrMMQDHldzGmqJqfbc=w408-h306-k-no",https://www.google.com/maps/search/?api=1&query=Kindaruma%20Homes%20Furnished%20Apartment&query_place_id=ChIJmQQuqHgRLxgRRNXozmLba44,ChIJmQQuqHgRLxgRRNXozmLba44,False
Pinecrest Airbnb's,Serviced accommodation,"Kindaruma Rd, Nairobi, Kenya",+254 713 957525,,,,,"https://www.google.com/travel/lodging/clk?pc=AA80Oswt7hCCOSvEevsqtQJKqiFFU_-wVRMd6xHA0MWQYDXVGSmAz6x9CIm7QJedXVshHlMtpL72F35BFhZj7lDHsabdleL3xoaUrNMttSuWIcIKDxG1iSWdd_M7BV-3N4pSr4PWAdP1_bgOk9hoXeCSY-_LtnvO8RksMtMW3WWYE5ULHEWVsB9SSn0jfTsUSfbk&pcurl=https://www.expedia.com/Hotel-Search?selected%3D133113635%26startDate%3D2026-09-19%26endDate%3D2026-09-20%26MDPCID%3DUS.META.HPA.HOTEL-ORGANIC-desktop.HOTEL%26MDPDTL%3DHTL.133113635.20260919.20260920.DDT.5.CID..AUDID..RRID.bex_us_desktop%26mctc%3D10%26ct%3Dhotel%26mpg%3DUSD%26mpf%3D70.00%26mpj%3D10.68%26mpr%3D0.00%26mpl%3DUSD%26exp_pg%3Dgoogle%26langid%3Den%26ad%3D2%26tp%3D%26utm_source%3Dgoogle%26utm_medium%3Dcpc%26utm_term%3D133113635%26utm_content%3Dmapresults%26utm_campaign%3DHotelAds%26langid%3D1033%26adults%3D2%26children%3D%26rrid%3Dbex_us_desktop%26rateplanid%3D410974804%26mpm%3D24%26mpn%3D329008292%26mpo%3DEC%26mpp%3D1&s=AD1XQnmSkHRGgddhQB2cvkgh9QZ0 | https://www.expedia.com/Hotel-Search?selected=133113635&startDate=2026-09-19&endDate=2026-09-20&MDPCID=US.META.HPA.HOTEL-ORGANIC-desktop.HOTEL&MDPDTL=HTL.133113635.20260919.20260920.DDT.5.CID..AUDID..RRID.bex_us_desktop&mctc=10&ct=hotel&mpg=USD&mpf=70.00&mpj=10.68&mpr=0.00&mpl=USD&exp_pg=google&langid=en&ad=2&tp=&utm_source=google&utm_medium=cpc&utm_term=133113635&utm_content=mapresults&utm_campaign=HotelAds&langid=1033&adults=2&children=&rrid=bex_us_desktop&rateplanid=410974804&mpm=24&mpn=329008292&mpo=EC&mpp=1 | https://www.google.com/travel/lodging/clk?pc=AA80OswR9DAj6ekDZa4KYWgAs_Aaev9ObLUeoetipdXOsDd4TGYOkQvI5RxMJF64kOZ32fask7WGAjknG5c3prc8ijViRnWgRQQOmyF3zP1Vh616g9GoxvAjWpU-bGyGWHMJNALAAbokgAQeuhLEUrf6ilkRojblwI5lmChS9ga08qEVbu1LvpquMhGdk3JBQNw&pcurl=https://www.hotels.com/Hotel-Search?selected%3D133113635%26startDate%3D2026-09-19%26endDate%3D2026-09-20%26mdpcid%3DHCOM-US.META.HPA.HOTEL-ORGANIC-desktop.HOTEL%26MDPDTL%3DHTL.133113635.20260919.20260920.DDT.5.CID..AUDID.%26adults%3D2%26children%3D%26mctc%3D10%26mpf%3D70.00%26mpg%3DUSD%26mpl%3DUSD%26mpj%3D10.68%26mpr%3D0.00%26rffrid%3Dsem.hcom.US.156.024.mapresults.02.desktop-1.kwrd%3DGGMETA.133113635USen-20260919-D-ABW%3D5-camp%3D-aud%3D-N%26rateplanid%3D410974804%26mpm%3D24%26mpn%3D329008292%26mpo%3DEC%26mpp%3D1%26locale%3Den_US%26siteid%3D300000001&s=AD1XQnnUirZ54pSmuXCEDsxs4bQa | https://www.hotels.com/Hotel-Search?selected=133113635&startDate=2026-09-19&endDate=2026-09-20&mdpcid=HCOM-US.META.HPA.HOTEL-ORGANIC-desktop.HOTEL&MDPDTL=HTL.133113635.20260919.20260920.DDT.5.CID..AUDID.&adults=2&children=&mctc=10&mpf=70.00&mpg=USD&mpl=USD&mpj=10.68&mpr=0.00&rffrid=sem.hcom.US.156.024.mapresults.02.desktop-1.kwrd=GGMETA.133113635USen-20260919-D-ABW=5-camp=-aud=-N&rateplanid=410974804&mpm=24&mpn=329008292&mpo=EC&mpp=1&locale=en_US&siteid=300000001 | https://www.google.com/travel/lodging/clk?pc=AA80OsyGaZDCmKgfu6u60E6-gK_Q-2LEcKp-QM5C8XlyijxuCsmWLHQokkFpdZStIxDux3E9XmdTy7Z8WFHfJrem9TA_-5u6j_ot9euy1q_OIpcdFqVLZt5ydCIjbw1VpmnMeWgZO3tmQ1ouT1K861phIcrbO3K3s7ebwh9PYOBoUJTWCVSzcMBCsDgXAPuvyLc&pcurl=https://www.orbitz.com/Hotel-Search?selected%3D133113635%26startDate%3D2026-09-19%26endDate%3D2026-09-20%26adults%3D2%26children%3D%26MDPCID%3DORBITZ-US.META.HPA.ORGANIC-desktop.HOTEL%26MDPDTL%3Dhtl.133113635.20260919.20260920.DDT.5.CID..AUDID..mapresults%26mpg%3DUSD%26mpf%3D70.00%26mpj%3D10.68%26mpr%3D0.00%26mctc%3D10%26rateplanid%3D410974804%26mpm%3D24%26mpn%3D329008292%26mpo%3DEC%26mpp%3D1&s=AD1XQnlnPCUN9eNNKKiT7KjgdeIE | https://www.orbitz.com/Hotel-Search?selected=133113635&startDate=2026-09-19&endDate=2026-09-20&adults=2&children=&MDPCID=ORBITZ-US.META.HPA.ORGANIC-desktop.HOTEL&MDPDTL=htl.133113635.20260919.20260920.DDT.5.CID..AUDID..mapresults&mpg=USD&mpf=70.00&mpj=10.68&mpr=0.00&mctc=10&rateplanid=410974804&mpm=24&mpn=329008292&mpo=EC&mpp=1 | https://www.google.com/travel/lodging/clk?pc=AA80OsxoiV10NSCNgwp2xx-XuqvOMgXAGclNalyGtHC4FsasKlp_d29crGYk4kXW-m6jBronCRudEStfKJGkkXHqtHOHTnZRJUE8bjASRw091AjbdXzOFihnn2rqSiA36yPoDR_1b1l4hFtOb_So-wiJ4LqYBwatNAYfwBMWGlvSn3LSavMy3Ogk3ktgo3w5R0rd&pcurl=https://www.travelocity.com/Hotel-Search?selected%3D133113635%26startDate%3D2026-09-19%26endDate%3D2026-09-20%26adults%3D2%26children%3D%26MDPCID%3Dtravelocity-US.META.HPA.ORGANIC.HOTEL%26MDPDTL%3DHTL.133113635.20260919.20260920.DDT.5.CID..AUDID..mapresults%26mpg%3DUSD%26mpf%3D70.00%26mpj%3D10.68%26mpr%3D0.00%26mctc%3D10%26rateplanid%3D410974804%26mpm%3D24%26mpn%3D329008292%26mpo%3DEC%26mpp%3D1&s=AD1XQnl7E8kmEVADzpupfe3_LsIL | https://www.travelocity.com/Hotel-Search?selected=133113635&startDate=2026-09-19&endDate=2026-09-20&adults=2&children=&MDPCID=travelocity-US.META.HPA.ORGANIC.HOTEL&MDPDTL=HTL.133113635.20260919.20260920.DDT.5.CID..AUDID..mapresults&mpg=USD&mpf=70.00&mpj=10.68&mpr=0.00&mctc=10&rateplanid=410974804&mpm=24&mpn=329008292&mpo=EC&mpp=1 | https://www.google.com/travel/lodging/clk?pc=AA80OszKCt8yFCRczmUwyAn1evWsWE9LZ8v9F8kDtGIsEPKsVXbkBFAv5jN5nqYoQmCqruFw7y3UCd0PrgFiPEeVqSMTKL5JR6k_y4WCcOn3sk2r7KubpuFNbF5vJWt6YpC6g-anaS386NfNYPIqSMN26T6cRb6bJlJZeoq3va0byfeJrqO7wNZ6fjYmCN43PRdvY80JzZg&pcurl=https://www.cheaptickets.com/Hotel-Search?selected%3D133113635%26startDate%3D2026-09-19%26endDate%3D2026-09-20%26MDPCID%3DCHEAPTICKETS-US.META.HPA.ORGANIC-desktop.HOTEL%26langid%3D1033%26adults%3D2%26children%3D%26MDPDTL%3Dhtl.133113635.20260919.20260920.DDT.5.CID..AUDID..mapresults%26mpg%3DUSD%26mpf%3D70.00%26mpj%3D10.68%26mpr%3D0.00%26mctc%3D10%26rateplanid%3D410974804%26rateplanid%3D410974804%26mpm%3D24%26mpn%3D329008292%26mpo%3DEC%26mpp%3D1&s=AD1XQnllzVCvy0H-gCx4gkvZzKra | https://www.cheaptickets.com/Hotel-Search?selected=133113635&startDate=2026-09-19&endDate=2026-09-20&MDPCID=CHEAPTICKETS-US.META.HPA.ORGANIC-desktop.HOTEL&langid=1033&adults=2&children=&MDPDTL=htl.133113635.20260919.20260920.DDT.5.CID..AUDID..mapresults&mpg=USD&mpf=70.00&mpj=10.68&mpr=0.00&mctc=10&rateplanid=410974804&rateplanid=410974804&mpm=24&mpn=329008292&mpo=EC&mpp=1 | https://www.google.com/maps/search/?api=1&query=Pinecrest%20Airbnb | https://www.google.com/maps/search/Hotel/@-1.3011517,36.7847816,17.00233107854971z?hl=en | https://lh3.googleusercontent.com/gps-cs-s/AHRPTWmUsCsyhSkd1AZvaYIPphZah9RlcChtUYCqro5x08x9MAB1Cd9u8Ybd2Pxy8kVEkzcmXSgDehCg5QyhuAzq1uvMHyNr7g4H-RFbfLxAhtlDChdf0yANy6hg5PDlNMU-TIFnaKZh8l6c27-A=w408-h725-k-no",https://www.google.com/maps/search/?api=1&query=Pinecrest%20Airbnb's&query_place_id=ChIJPSYgi30RLxgRCQwfiQQZ1IM,ChIJPSYgi30RLxgRCQwfiQQZ1IM,False
"Rose Crown Suites - Hurlingham, Nairobi",Serviced accommodation,"Rose Ave, Off Argwings Kodhek Road, Opposite FourPoints Sheraton, at Avenue Rose Building, Nairobi, Kenya",+254 700 386122,,,,,"https://www.google.com/travel/lodging/clk?pc=AA80OsxCadSfXcZ45aqqICqWdXe9yboKiE73HTASmBRiBl_SDwnSEEV_r_CX4HPBwPrC4Gh1Y2q2DE31SibtHBN8YnwVJVgtV2M5rXrUVGy2of3uncfOVcBJMuNbIAfOD-jr3tHIPw7DfDXasa6DV_h5luAzAZgnd90Zmp9HNwhe1WSbIX22jXRKZqeNFF0bAM4MLg3mPg&pcurl=https://www.booking.com/searchresults.en.html?dest_id%3D16609292%26highlighted_hotels%3D16609292%26dest_type%3Dhotel%26checkin%3D2026-09-19%26checkout%3D2026-09-20%26group_adults%3D2%26req_adults%3D2%26show_room%3D1660929202_437985460_2_0_0%26lang%3Den%26selected_currency%3DUSD%26exrt%3D1.00000000%26ext_price_total%3D46.80%26ext_price_tax%3D7.14%26xfc%3DUSD%26hca%3Dm%26group_children%3D0%26req_children%3D0%26%26no_rooms%3D1%26ts%3D1789357334%26edgtid%3DcMsfybFqTz2u5gOCPumU-Q%26efpc%3DRrgKRrgKLw%26utm_source%3Dmetagha%26utm_medium%3Dmapresults%26utm_campaign%3DUS%26utm_term%3Dhotel-16609292%26utm_content%3Ddev-desktop_los-1_bw-5_dow-Saturday_defdate-1_room-0_gstadt-2_rateid-public_aud-0_gacid-_mcid-10_ppa-0_clrid-0_ad-0_gstkid-0_checkin-20260919_ppt-Cg%26aid%3D2127489%26label%3Dmetagha-link-MRUS-hotel-16609292_dev-desktop_los-1_bw-5_dow-Saturday_defdate-1_room-0_gstadt-2_rateid-public_aud-0_gacid-_mcid-10_ppa-0_clrid-0_ad-0_gstkid-0_checkin-20260919_ppt-Cg&s=AD1XQnkyD_1mHtFy1QRCJf24Sw20 | https://www.booking.com/searchresults.en.html?dest_id=16609292&highlighted_hotels=16609292&dest_type=hotel&checkin=2026-09-19&checkout=2026-09-20&group_adults=2&req_adults=2&show_room=1660929202_437985460_2_0_0&lang=en&selected_currency=USD&exrt=1.00000000&ext_price_total=46.80&ext_price_tax=7.14&xfc=USD&hca=m&group_children=0&req_children=0&&no_rooms=1&ts=1789357334&edgtid=cMsfybFqTz2u5gOCPumU-Q&efpc=RrgKRrgKLw&utm_source=metagha&utm_medium=mapresults&utm_campaign=US&utm_term=hotel-16609292&utm_content=dev-desktop_los-1_bw-5_dow-Saturday_defdate-1_room-0_gstadt-2_rateid-public_aud-0_gacid-_mcid-10_ppa-0_clrid-0_ad-0_gstkid-0_checkin-20260919_ppt-Cg&aid=2127489&label=metagha-link-MRUS-hotel-16609292_dev-desktop_los-1_bw-5_dow-Saturday_defdate-1_room-0_gstadt-2_rateid-public_aud-0_gacid-_mcid-10_ppa-0_clrid-0_ad-0_gstkid-0_checkin-20260919_ppt-Cg | https://www.google.com/travel/lodging/clk?pc=AA80OszNFymV9Te0pP_yuTYQ6ae8BFWvUPYSuO7cRXJotwUQblCduWipQedpe3sEyFVoh8wXiCRbey3d7Ntjl6hi_FsNZftYOisB16WUlwlsIZdx8PEWoq8Uhb_UugqqakBMeSwbDTLldI_MQWDI6EIIp8Q64Qqnw73n4MWDkdjEhN2uoXs01lNpKeGVj3FbWBxy2g&pcurl=https://h-en.reserving.com/search?i%3D7103%26rf%3DGOOGLEHOTELS%26portal%3Drsvcom%26lang%3Den%26auto%3D1%26tipo%3DS%26id%3D1505803%26numero_habs%3D1%26no_adultos_hab1%3D2%26no_ninos_hab1%3D0%26fecha_entrada%3D19%252F09%252F2026%26fecha_salida%3D20%252F09%252F2026%26refp%3D46.72%26campaing-id%3D%26tp%3D%26moneda%3DUSD%26device%3Ddesktop%26pais_dom%3DUS%26sg%3Db%3D39.71,bhab%3D4823,big%3D2026-09-14T03:41:00%2B02:00,bmid%3D100,bpd%3Des,bpt%3D5.48,breg%3D12,bt%3D0.68,bwp%3D0TGIYzuhH4E,ts%3D2026-09-14T05:20:47%2B02:00/B:F61FBDE7B3FFEA06540E1B06D45C5CA1967F37E4C1ED8BE84B152CC1%26c3%3Dmode%3DP,d%3D2,ts_id%3D3560474013784243%26r%3DCAMPAIGN-ID%3D;TRACKING-PARAM%3D;CUSTOM1%3D;PRICE-DISPLAYED-TOTAL%3D46.72;DEFAULT-DATE%3D1;CLICK-TYPE%3Dhotel;USER-COUNTRY%3DUS;DEVICE%3Ddesktop;SITE%3Dmapresults;USER-LANGUAGE%3Den;USER-CURRENCY%3DUSD;POS%3DALL-ALL-ALL-RSVCOM;AD-CLICK%3D0;PAYMENT-ID%3Dfree;C2%3Db%3D39.71,bhab%3D4823,big%3D2026-09-14T03:41:00%2B02:00,bmid%3D100,bpd%3Des,bpt%3D5.48,breg%3D12,bt%3D0.68,bwp%3D0TGIYzuhH4E,ts%3D2026-09-14T05:20:47%2B02:00/B:F61FBDE7B3FFEA06540E1B06D45C5CA1967F37E4C1ED8BE84B152CC1;C3%3Dmode%3DP,d%3D2,ts_id%3D3560474013784243&s=AD1XQnl97vrIFwlcKaoBhIa8Tetl | https://h-en.reserving.com/search?i=7103&rf=GOOGLEHOTELS&portal=rsvcom&lang=en&auto=1&tipo=S&id=1505803&numero_habs=1&no_adultos_hab1=2&no_ninos_hab1=0&fecha_entrada=19/09/2026&fecha_salida=20/09/2026&refp=46.72&campaing-id=&tp=&moneda=USD&device=desktop&pais_dom=US&sg=b=39.71,bhab=4823,big=2026-09-14T03:41:00+02:00,bmid=100,bpd=es,bpt=5.48,breg=12,bt=0.68,bwp=0TGIYzuhH4E,ts=2026-09-14T05:20:47+02:00/B:F61FBDE7B3FFEA06540E1B06D45C5CA1967F37E4C1ED8BE84B152CC1&c3=mode=P,d=2,ts_id=3560474013784243&r=CAMPAIGN-ID=;TRACKING-PARAM=;CUSTOM1=;PRICE-DISPLAYED-TOTAL=46.72;DEFAULT-DATE=1;CLICK-TYPE=hotel;USER-COUNTRY=US;DEVICE=desktop;SITE=mapresults;USER-LANGUAGE=en;USER-CURRENCY=USD;POS=ALL-ALL-ALL-RSVCOM;AD-CLICK=0;PAYMENT-ID=free;C2=b=39.71,bhab=4823,big=2026-09-14T03:41:00+02:00,bmid=100,bpd=es,bpt=5.48,breg=12,bt=0.68,bwp=0TGIYzuhH4E,ts=2026-09-14T05:20:47+02:00/B:F61FBDE7B3FFEA06540E1B06D45C5CA1967F37E4C1ED8BE84B152CC1;C3=mode=P,d=2,ts_id=3560474013784243 | https://www.google.com/travel/lodging/clk?pc=AA80OsyDdgQnt4qW1JlMxJSqMg0Kk3JDwqMxTioLwwFig5zo1HOHGkrBKaIPJBVlrVSzdKXkTQzEOgA8ncVdJDgbZ8cSP4r7AR8LEgOnJbkCzd6Y_GL2GDuLGvkqIqF2ROpVYuah2slIHhyPRCXt5KVdqXzQOasC0mzOECcSfT1fNHBR-uYEtWqxHujEhrZhojEn&pcurl=https://www.expedia.com/Hotel-Search?selected%3D132162610%26startDate%3D2026-09-19%26endDate%3D2026-09-20%26MDPCID%3DUS.META.HPA.HOTEL-ORGANIC-desktop.HOTEL%26MDPDTL%3DHTL.132162610.20260919.20260920.DDT.5.CID..AUDID..RRID.bex_us_desktop%26mctc%3D10%26ct%3Dhotel%26mpg%3DUSD%26mpf%3D116.94%26mpj%3D18.30%26mpr%3D0.00%26mpl%3DUSD%26exp_pg%3Dgoogle%26langid%3Den%26ad%3D2%26tp%3D%26utm_source%3Dgoogle%26utm_medium%3Dcpc%26utm_term%3D132162610%26utm_content%3Dmapresults%26utm_campaign%3DHotelAds%26langid%3D1033%26adults%3D2%26children%3D%26rrid%3Dbex_us_desktop%26rateplanid%3D410538153%26mpm%3D24%26mpn%3D328864062%26mpo%3DEC%26mpp%3D1&s=AD1XQnkOoazXkdJlm6Znpz2--bqe | https://www.expedia.com/Hotel-Search?selected=132162610&startDate=2026-09-19&endDate=2026-09-20&MDPCID=US.META.HPA.HOTEL-ORGANIC-desktop.HOTEL&MDPDTL=HTL.132162610.20260919.20260920.DDT.5.CID..AUDID..RRID.bex_us_desktop&mctc=10&ct=hotel&mpg=USD&mpf=116.94&mpj=18.30&mpr=0.00&mpl=USD&exp_pg=google&langid=en&ad=2&tp=&utm_source=google&utm_medium=cpc&utm_term=132162610&utm_content=mapresults&utm_campaign=HotelAds&langid=1033&adults=2&children=&rrid=bex_us_desktop&rateplanid=410538153&mpm=24&mpn=328864062&mpo=EC&mpp=1 | https://www.google.com/travel/lodging/clk?pc=AA80OsyM_qY2qYAB-tBR3W8bSIq0dFFZMYxIcOHAnrdossSOUt8Q2hVWdZfrxBtFzWQ6IY66PzrxYz2_4KCASj2IuoDW6GbJ3niVMkjBeDXpBlbA0bIpUn1Yrd64D71i0nbzgYpSM49L-W-UhXOnk57fWOF_CCPyYgZdyctZA0vgPlWl8ONgv2Mbhbl0v3Yfeqc&pcurl=https://www.hotels.com/Hotel-Search?selected%3D132162610%26startDate%3D2026-09-19%26endDate%3D2026-09-20%26mdpcid%3DHCOM-US.META.HPA.HOTEL-ORGANIC-desktop.HOTEL%26MDPDTL%3DHTL.132162610.20260919.20260920.DDT.5.CID..AUDID.%26adults%3D2%26children%3D%26mctc%3D10%26mpf%3D111.02%26mpg%3DUSD%26mpl%3DUSD%26mpj%3D18.30%26mpr%3D0.00%26rffrid%3Dsem.hcom.US.156.024.mapresults.02.desktop-1.kwrd%3DGGMETA.132162610USen-20260919-D-ABW%3D5-camp%3D-aud%3D-N%26rateplanid%3D410538153%26mpm%3D24%26mpn%3D328864062%26mpo%3DEC%26mpp%3D1%26locale%3Den_US%26siteid%3D300000001&s=AD1XQnme4ibkqPOtFgPPFLv37tE5 | https://www.hotels.com/Hotel-Search?selected=132162610&startDate=2026-09-19&endDate=2026-09-20&mdpcid=HCOM-US.META.HPA.HOTEL-ORGANIC-desktop.HOTEL&MDPDTL=HTL.132162610.20260919.20260920.DDT.5.CID..AUDID.&adults=2&children=&mctc=10&mpf=111.02&mpg=USD&mpl=USD&mpj=18.30&mpr=0.00&rffrid=sem.hcom.US.156.024.mapresults.02.desktop-1.kwrd=GGMETA.132162610USen-20260919-D-ABW=5-camp=-aud=-N&rateplanid=410538153&mpm=24&mpn=328864062&mpo=EC&mpp=1&locale=en_US&siteid=300000001 | https://www.google.com/travel/lodging/clk?pc=AA80Osy9TzCzpmETg3XsSBtsfXSySWZyQ2v0p0IrMVWkY_Jv1wcrRMdL5KW71aLsjMOLlfdKNq9y3CkmanYSYWCbjnKwVqIWMo1d8lLOFceXiA2JqZ7B5-0tHuB05gz-AfuhM_H_SeRBktpcjzmt3ZrB37C9k5HiXDv1O5DWa3zjnWZPX_LGDeV3pknWjuBA2po&pcurl=https://www.orbitz.com/Hotel-Search?selected%3D132162610%26startDate%3D2026-09-19%26endDate%3D2026-09-20%26adults%3D2%26children%3D%26MDPCID%3DORBITZ-US.META.HPA.ORGANIC-desktop.HOTEL%26MDPDTL%3Dhtl.132162610.20260919.20260920.DDT.5.CID..AUDID..mapresults%26mpg%3DUSD%26mpf%3D116.94%26mpj%3D18.30%26mpr%3D0.00%26mctc%3D10%26rateplanid%3D410538153%26mpm%3D24%26mpn%3D328864062%26mpo%3DEC%26mpp%3D1&s=AD1XQnkXAHWwVZp6UkfnNpS2UChu | https://www.orbitz.com/Hotel-Search?selected=132162610&startDate=2026-09-19&endDate=2026-09-20&adults=2&children=&MDPCID=ORBITZ-US.META.HPA.ORGANIC-desktop.HOTEL&MDPDTL=htl.132162610.20260919.20260920.DDT.5.CID..AUDID..mapresults&mpg=USD&mpf=116.94&mpj=18.30&mpr=0.00&mctc=10&rateplanid=410538153&mpm=24&mpn=328864062&mpo=EC&mpp=1 | https://www.google.com/travel/lodging/clk?pc=AA80OswfGzTlxe_3U-jPjPMzc1vR1S5Bcsg1QbmoBbGT9Hz59tzk0IkmVeKo3nSzBmbqdCvhgBw7XxoNcyqnGW2ZjfYtAPfZvQArDf2Itv5NEDWbaG3WKeaHLu_aO_l4AsH5SwJbFBcrA19INHocdCWxHXbi0BZ_TW1qI8vzYU70hZNogYQZJTEcymE52xMH1EDH&pcurl=https://www.travelocity.com/Hotel-Search?selected%3D132162610%26startDate%3D2026-09-19%26endDate%3D2026-09-20%26adults%3D2%26children%3D%26MDPCID%3Dtravelocity-US.META.HPA.ORGANIC.HOTEL%26MDPDTL%3DHTL.132162610.20260919.20260920.DDT.5.CID..AUDID..mapresults%26mpg%3DUSD%26mpf%3D116.94%26mpj%3D18.30%26mpr%3D0.00%26mctc%3D10%26rateplanid%3D410538153%26mpm%3D24%26mpn%3D328864062%26mpo%3DEC%26mpp%3D1&s=AD1XQnkfaXqcbGiaGTiKTtmJjgJj | https://www.travelocity.com/Hotel-Search?selected=132162610&startDate=2026-09-19&endDate=2026-09-20&adults=2&children=&MDPCID=travelocity-US.META.HPA.ORGANIC.HOTEL&MDPDTL=HTL.132162610.20260919.20260920.DDT.5.CID..AUDID..mapresults&mpg=USD&mpf=116.94&mpj=18.30&mpr=0.00&mctc=10&rateplanid=410538153&mpm=24&mpn=328864062&mpo=EC&mpp=1 | https://www.google.com/travel/lodging/clk?pc=AA80Osx-ECFjK7WUEqcmHRh6UjAf6ycKooDfT5CRKfUbaZxb1X6AAU-TVN5rCB-DYwpsfw78LBR9MLW_StLh-oQPUWluXaeJPVSyBHardxY5WVxDrfhIJMcNBR9CSteks_AiFlSIW_s7Z3IgKjm9YCY0Ia_djCKebbMXGsvD-QMbb54PU4BqWOaNnChv0XskUB1LFmslFJ4&pcurl=https://www.cheaptickets.com/Hotel-Search?selected%3D132162610%26startDate%3D2026-09-19%26endDate%3D2026-09-20%26MDPCID%3DCHEAPTICKETS-US.META.HPA.ORGANIC-desktop.HOTEL%26langid%3D1033%26adults%3D2%26children%3D%26MDPDTL%3Dhtl.132162610.20260919.20260920.DDT.5.CID..AUDID..mapresults%26mpg%3DUSD%26mpf%3D116.94%26mpj%3D18.30%26mpr%3D0.00%26mctc%3D10%26rateplanid%3D410538153%26rateplanid%3D410538153%26mpm%3D24%26mpn%3D328864062%26mpo%3DEC%26mpp%3D1&s=AD1XQnmiE0GN27ZWN1gaZejRLYJL | https://www.cheaptickets.com/Hotel-Search?selected=132162610&startDate=2026-09-19&endDate=2026-09-20&MDPCID=CHEAPTICKETS-US.META.HPA.ORGANIC-desktop.HOTEL&langid=1033&adults=2&children=&MDPDTL=htl.132162610.20260919.20260920.DDT.5.CID..AUDID..mapresults&mpg=USD&mpf=116.94&mpj=18.30&mpr=0.00&mctc=10&rateplanid=410538153&rateplanid=410538153&mpm=24&mpn=328864062&mpo=EC&mpp=1 | https://www.google.com/travel/lodging/clk?pc=AA80OszOyEkB64SO6ZmnjaRUABgHWbdCFaqfPVAyg9HGYaxl0bme28zguabsCKkUkqKFet768GQNLSBCgUYYY5WFf76nfliPvSAX03rNIHMyqxNYM3IyS1bN23qPIBks783ob0uDGnCiH4Ai2sgb7YDNN2dB62dLPwAWHO-Kj5ThepJJY6dI6J-w&pcurl=https://accommodation.edreams.net/Hotel-Search?selected%3D132162610%26startDate%3D2026-09-19%26endDate%3D2026-09-20%26adults%3D2%26children%3D%26mpf%3D116.94%26cur%3DUSD%26mpj%3D18.30%26MDPCID%3DeDreams-US.DPS.Edreams.MetaSearch-GHA.HOTEL%26mpl%3DUSD%26numberOfRooms%3D1%26locale%3Den_US%26rffrid%3Dh4p.hcom.US.ghaodigeo.000.000.kwrd%3D%26pos%3DEDREAMS_US%26rateplanid%3D410538153%26mctc%3D10%26utm_medium%3Dmetasearch%26utm_campaign%3D4230203520%26utm_term%3Dhotel%26utm_source%3DFREEBOOKING&s=AD1XQnlX1RH_KqLc03xJL4-lWqnd | https://accommodation.edreams.net/Hotel-Search?selected=132162610&startDate=2026-09-19&endDate=2026-09-20&adults=2&children=&mpf=116.94&cur=USD&mpj=18.30&MDPCID=eDreams-US.DPS.Edreams.MetaSearch-GHA.HOTEL&mpl=USD&numberOfRooms=1&locale=en_US&rffrid=h4p.hcom.US.ghaodigeo.000.000.kwrd=&pos=EDREAMS_US&rateplanid=410538153&mctc=10&utm_medium=metasearch&utm_campaign=4230203520&utm_term=hotel&utm_source=FREEBOOKING | https://www.google.com/maps/search/?api=1&query=Rose%20Crown%20Suites%20-%20Hurlingham%2C%20Nairobi&query_place_id=ChIJsxqc2wURLxgREWMKqxlLqVk | https://www.google.com/maps/search/Hotel/@-1.2903779499999999,36.7896402,17.00233721470589z?hl=en | https://lh3.googleusercontent.com/gps-cs-s/AHRPTWlInd-kwu8LDUUho-_iwNuWefyGJuegnV3GaAlfUGeePolyptakI-iCYpuWqZEuIVGqcGKIvlP-ylMnGshAHHzB0rwPv3YUtbgWF19iQ8KeGPJafUhnuGSUPRJAbbwRQTCpVrjFvpKil3t-=w408-h272-k-no",https://www.google.com/maps/search/?api=1&query=Rose%20Crown%20Suites%20-%20Hurlingham%2C%20Nairobi&query_place_id=ChIJsxqc2wURLxgREWMKqxlLqVk,ChIJsxqc2wURLxgREWMKqxlLqVk,False
Sagwe Furnished Apartments,Serviced accommodation,"Golf Course Comm Centre, Mtongwe Rd, Nairobi, Kenya",+254 720 361729,,,,,"https://www.google.com/travel/lodging/clk?pc=AA80OszeZq9pxME4lCERKAwDpv9sb6Mh0_NpY5ke5I_wCBvi54EiYwrR8PHOmuyMbBl0qfVI5bxCf-VSsgCHEoMBbBnqITiClC-gS0UZu37ZMPBGjhAM4-9sZsnUbux90oUaHLdlcfZZL7y5J2qu4EdDtSA5kChNPKYLFYhZthCHCsswJRcuOvQxCoCshP3COBQl&pcurl=https://www.expedia.com/Hotel-Search?selected%3D38005217%26startDate%3D2026-09-19%26endDate%3D2026-09-20%26MDPCID%3DUS.META.HPA.HOTEL-ORGANIC-desktop.HOTEL%26MDPDTL%3DHTL.38005217.20260919.20260920.DDT.5.CID..AUDID..RRID.bex_us_desktop%26mctc%3D10%26ct%3Dhotel%26mpg%3DUSD%26mpf%3D27.00%26mpj%3D4.12%26mpr%3D0.00%26mpl%3DUSD%26exp_pg%3Dgoogle%26langid%3Den%26ad%3D2%26tp%3D%26utm_source%3Dgoogle%26utm_medium%3Dcpc%26utm_term%3D38005217%26utm_content%3Dmapresults%26utm_campaign%3DHotelAds%26langid%3D1033%26adults%3D2%26children%3D%26rrid%3Dbex_us_desktop%26rateplanid%3D268200585%26mpm%3D24%26mpn%3D217246185%26mpo%3DEC%26mpp%3D1&s=AD1XQnkS59gofzzWBpuxyEyHvG6G | https://www.expedia.com/Hotel-Search?selected=38005217&startDate=2026-09-19&endDate=2026-09-20&MDPCID=US.META.HPA.HOTEL-ORGANIC-desktop.HOTEL&MDPDTL=HTL.38005217.20260919.20260920.DDT.5.CID..AUDID..RRID.bex_us_desktop&mctc=10&ct=hotel&mpg=USD&mpf=27.00&mpj=4.12&mpr=0.00&mpl=USD&exp_pg=google&langid=en&ad=2&tp=&utm_source=google&utm_medium=cpc&utm_term=38005217&utm_content=mapresults&utm_campaign=HotelAds&langid=1033&adults=2&children=&rrid=bex_us_desktop&rateplanid=268200585&mpm=24&mpn=217246185&mpo=EC&mpp=1 | https://www.google.com/travel/lodging/clk?pc=AA80Osy0l8nYwtSZ8IzcYS3fPsNIZBiVE6uVpPA2YMYvXBhGV5kuAS6iPT4GTYH2uRQRbQmYrMsNLPhGvj_wW7LXi35bl1Qx6z7qRXVecCt4YznFn2nTW6m6N7VkkMKNwHcJ_mPmJz00Ub2ZJHizpZx0lQfioa3HPXTeFv4xUBuQCMQNcnA27NOv7u0Tm27AIDE&pcurl=https://www.orbitz.com/Hotel-Search?selected%3D38005217%26startDate%3D2026-09-19%26endDate%3D2026-09-20%26adults%3D2%26children%3D%26MDPCID%3DORBITZ-US.META.HPA.ORGANIC-desktop.HOTEL%26MDPDTL%3Dhtl.38005217.20260919.20260920.DDT.5.CID..AUDID..mapresults%26mpg%3DUSD%26mpf%3D27.00%26mpj%3D4.12%26mpr%3D0.00%26mctc%3D10%26rateplanid%3D268200585%26mpm%3D24%26mpn%3D217246185%26mpo%3DEC%26mpp%3D1&s=AD1XQnmjG9aJOJjhWhUeFG2h-9Jf | https://www.orbitz.com/Hotel-Search?selected=38005217&startDate=2026-09-19&endDate=2026-09-20&adults=2&children=&MDPCID=ORBITZ-US.META.HPA.ORGANIC-desktop.HOTEL&MDPDTL=htl.38005217.20260919.20260920.DDT.5.CID..AUDID..mapresults&mpg=USD&mpf=27.00&mpj=4.12&mpr=0.00&mctc=10&rateplanid=268200585&mpm=24&mpn=217246185&mpo=EC&mpp=1 | https://www.google.com/travel/lodging/clk?pc=AA80OsweZYVHtr3De2n22UU2xAWHNN74u7L5-5uXXEhbBUf1JfrAbBUVfUjdk8RildGVTZQDLiu86qnDU5EVG2cq_7U5YCwHGwmh7Ex23rrwkPq6L-5B8T8sh1mXv6c4Z8NtugoS3h9mMuFixc1YdWC2V7QOihRJDAC1s1_9aamPOjpUB8RsjVubfEqyOewLMp7f&pcurl=https://www.travelocity.com/Hotel-Search?selected%3D38005217%26startDate%3D2026-09-19%26endDate%3D2026-09-20%26adults%3D2%26children%3D%26MDPCID%3Dtravelocity-US.META.HPA.ORGANIC.HOTEL%26MDPDTL%3DHTL.38005217.20260919.20260920.DDT.5.CID..AUDID..mapresults%26mpg%3DUSD%26mpf%3D27.00%26mpj%3D4.12%26mpr%3D0.00%26mctc%3D10%26rateplanid%3D268200585%26mpm%3D24%26mpn%3D217246185%26mpo%3DEC%26mpp%3D1&s=AD1XQnk9jOayvN7Z4NfYXS3xdeGe | https://www.travelocity.com/Hotel-Search?selected=38005217&startDate=2026-09-19&endDate=2026-09-20&adults=2&children=&MDPCID=travelocity-US.META.HPA.ORGANIC.HOTEL&MDPDTL=HTL.38005217.20260919.20260920.DDT.5.CID..AUDID..mapresults&mpg=USD&mpf=27.00&mpj=4.12&mpr=0.00&mctc=10&rateplanid=268200585&mpm=24&mpn=217246185&mpo=EC&mpp=1 | https://www.google.com/travel/lodging/clk?pc=AA80OswbJLiYZHt_MSmSImybJo1ABHEMyMtIgAJz3fdycOYcLWQALOeBKy5g3GgjPtAzdwuHUvW7If_8-6dcNL-CSuvE-5Ns7lwE6M7dQ08xRvkVHim2idcVN5HB7SPuXTF0iMbd71xhdwGfNW8zbxPU8Ycw5fYapQ_bq8-kz9MfqHQ2ddqUo80O&pcurl=https://www.qantas.com/hotels/properties/723931?adults%3D2%26children%3D0%26infants%3D0%26checkIn%3D2026-09-19%26checkOut%3D2026-09-20%26utm_campaign%3DGoogleHotels%26adType%3D0%26utm_medium%3Dorganic-search%26utm_source%3DGoogle-Hotels%26utm_term%3D723931%26hotelID%3D723931%26hotel_campaign%3D&s=AD1XQnlhsZm-85JK6fgYZlvyeqVh | https://www.qantas.com/hotels/properties/723931?adults=2&children=0&infants=0&checkIn=2026-09-19&checkOut=2026-09-20&utm_campaign=GoogleHotels&adType=0&utm_medium=organic-search&utm_source=Google-Hotels&utm_term=723931&hotelID=723931&hotel_campaign= | https://www.google.com/travel/lodging/clk?pc=AA80OsxWYkqfTOy5yKoJ010ja9oi2yaflv8U8r0Q4fpGKvTdtJ1JyS3QpEjuFT4j7Cw6_omfv6KQnFYeDEWMJiP6GOBt9Fh9AHo1GGG1iLhUim0ZF19EjEulwFdlyYlxGMJwPZCipghptcO02OdyZ6jubwaPmcutnIcIhju2PFgzZbMpiM2XztFewtbyMxF462RWKUDpEDs&pcurl=https://www.cheaptickets.com/Hotel-Search?selected%3D38005217%26startDate%3D2026-09-19%26endDate%3D2026-09-20%26MDPCID%3DCHEAPTICKETS-US.META.HPA.ORGANIC-desktop.HOTEL%26langid%3D1033%26adults%3D2%26children%3D%26MDPDTL%3Dhtl.38005217.20260919.20260920.DDT.5.CID..AUDID..mapresults%26mpg%3DUSD%26mpf%3D27.00%26mpj%3D4.12%26mpr%3D0.00%26mctc%3D10%26rateplanid%3D268200585%26rateplanid%3D268200585%26mpm%3D24%26mpn%3D217246185%26mpo%3DEC%26mpp%3D1&s=AD1XQnkREAbRaBdg3cgeryHyEdJv | https://www.cheaptickets.com/Hotel-Search?selected=38005217&startDate=2026-09-19&endDate=2026-09-20&MDPCID=CHEAPTICKETS-US.META.HPA.ORGANIC-desktop.HOTEL&langid=1033&adults=2&children=&MDPDTL=htl.38005217.20260919.20260920.DDT.5.CID..AUDID..mapresults&mpg=USD&mpf=27.00&mpj=4.12&mpr=0.00&mctc=10&rateplanid=268200585&rateplanid=268200585&mpm=24&mpn=217246185&mpo=EC&mpp=1 | https://www.google.com/travel/lodging/clk?pc=AA80OsyuHPp-BzvfclFs8zijWnLCIbHqqeh6aclWg-kJGE3ZWdcM_gR8VMUvBYwiFE7XX6phsBuIKU3qA5bCRIV7D9oilh6EdWOsqqfhLs8zr3Opr1rNv99HOuSWFFCACqi27Ov0qgnOnWpca4CxW97U5S9w8WAmilu4K3hseIZoJ4fdEkQh6vl8aCCZ&pcurl=https://www.traveloka.com/en-en/hotel/search?spec%3D19-09-2026.20-09-2026.1.1.HOTEL_GEO.30032628.Nairobi.2%26hotelId%3D9000000529734%26contexts%3D%257B%2522accessCode%2522:%252290975GHAD1305desktop%2522%252C%2522metasearchRequestId%2522%253A%25229d43b8ff-ae4e-4e2f-a437-16b15a110615%2522%252C%2522dateSelectionType%2522%253A%2522default%2522%252C%2522metasearchSelectedHotelID%2522%253A%25229000000529734%2522%252C%2522plc%2522%253A%2522NFmAgUq10giFj74JsKf41oaKQPM1VbGE2hdh2PdnM2hFtGXKvYbCbbNP0V%252Bl5RVDb5ykHW%252FZ7IHC0zkFgJuFpQ%253D%253D%2522%252C%2522pvlc%2522%253A%2522swrgahU%252FqIMxUZE28CJ%252Fwi81YpN6z60hzPV7jdcFkc8rBh%252BpAJJbWgnOsGXobiOs%2522%257D%26metasearchId%3DGoogleHotelAdsUser%26metasearchRateId%3Ddesktop%26metasearchRatekey%3DsgyUU2M0LrnnpXh1LPwoI%26priceDisplay%3DNIGHT%26metasearchRefid%3D12345678910abcdefghijk@-%26adType%3D0%26PPA%3D0%26hotelCampaign%3D1%26cur%3DUSD&s=AD1XQnng-V3qlEK4Ot2hPLXHeSej | https://www.traveloka.com/en-en/hotel/search?spec=19-09-2026.20-09-2026.1.1.HOTEL_GEO.30032628.Nairobi.2&hotelId=9000000529734&contexts={ | https://www.google.com/travel/lodging/clk?pc=AA80OsyKXMf4RDNcmkEPh2h0sKIlbQ2oXXJaV_TSDAmOgxUX9ZzsgEnSflJVCeokZzPT--AMj0DNQkxRdagJoR6bJB6-oBma_AVVRTDk0YIDxgdM9sjZFOytAcNBINCTMIb_TNzcFGXRmwjtD4PaYgnRsMzv6tUVOz-m8LkXiXDUTfOpylB_oh7bDkrEWg&pcurl=https://www.bluepillow.com/search/60afb2e2e1592a12ea64d221?begin%3D2026-09-19%26end%3D2026-09-20%26block_id%3D-b,JTkxCNZK81BFho8Y5LjekR4oPCNovWl45LZjLwqbuvmK3PQv-seAnbeCsQoxPVjS,-bpex-Hotel%26fees%3D4.12%26tax%3D4.12%26total%3D27.00%26adults%3D2%26childs%3D0%26infants%3D0%26childrens%3D0%26country%3DUS%26currency%3DUSD%26language%3Den%26source%3Dmapresults%26utm_campaign%3Dhotel%26prid%3Dforeign&s=AD1XQnnI7OhT0rzGR97G4cXceYJw | https://www.bluepillow.com/search/60afb2e2e1592a12ea64d221?begin=2026-09-19&end=2026-09-20&block_id=-b,JTkxCNZK81BFho8Y5LjekR4oPCNovWl45LZjLwqbuvmK3PQv-seAnbeCsQoxPVjS,-bpex-Hotel&fees=4.12&tax=4.12&total=27.00&adults=2&childs=0&infants=0&childrens=0&country=US&currency=USD&language=en&source=mapresults&utm_campaign=hotel&prid=foreign | https://www.google.com/travel/lodging/clk?pc=AA80Osz_bj32Z0T4mzGC6LSqa3VMbUU0Vwcd3VhZElD4Tn1LxZVdl8RGkZsf-T7j-NWIUbXLLW4oO0E6LGt2MJUCKQi_qkFcuQv1D_lt_PTr0RWg6qOeQA8niy48Nr3uWSVBVprj2hJqQ9jHbH6cygDsOLwFTMTzaVHLXq3wNC4CC7dhMBhEMyHxqDxLhTWwXA&pcurl=https://muvtravel.com/muv-hotel?hotelID%3D78960375%26checkinDay%3D19%26checkinMonth%3D09%26checkinYear%3D2026%26nights%3D1%26num-guests%3D2%26checkoutDay%3D20%26checkoutMonth%3D09%26checkoutYear%3D2026%26SUP%3DEP%26RATE%3DMER%26PROMO-CODE%3D98010&s=AD1XQnk4mFeridxRhmVY7qsQ-kmL | https://muvtravel.com/muv-hotel?hotelID=78960375&checkinDay=19&checkinMonth=09&checkinYear=2026&nights=1&num-guests=2&checkoutDay=20&checkoutMonth=09&checkoutYear=2026&SUP=EP&RATE=MER&PROMO-CODE=98010 | https://www.google.com/travel/lodging/clk?pc=AA80Osykz3PQYEhIPcUm3chdTHa2zsqJcs4tVVazJPIXRMT4EtTgvpMcFRpM8l0BeyZBD-PsbFE2mPNPK4I1eMhMEuUX4c_YOJkFesg4rXm0e2XfJUl5kKnlMdqsgLlz_h-6LLj7S6_MnSo1XFXxc323SIKXyYoIqbcw1l9vQMb1ergF18oxfYp6&pcurl=https://accommodation.edreams.net/Hotel-Search?selected%3D38005217%26startDate%3D2026-09-19%26endDate%3D2026-09-20%26adults%3D2%26children%3D%26mpf%3D27.00%26cur%3DUSD%26mpj%3D4.12%26MDPCID%3DeDreams-US.DPS.Edreams.MetaSearch-GHA.HOTEL%26mpl%3DUSD%26numberOfRooms%3D1%26locale%3Den_US%26rffrid%3Dh4p.hcom.US.ghaodigeo.000.000.kwrd%3D%26pos%3DEDREAMS_US%26rateplanid%3D268200585%26mctc%3D10%26utm_medium%3Dmetasearch%26utm_campaign%3D1217166944%26utm_term%3Dhotel%26utm_source%3DFREEBOOKING&s=AD1XQnkuFpwO4Z25I6rjCH5SF_c_ | https://accommodation.edreams.net/Hotel-Search?selected=38005217&startDate=2026-09-19&endDate=2026-09-20&adults=2&children=&mpf=27.00&cur=USD&mpj=4.12&MDPCID=eDreams-US.DPS.Edreams.MetaSearch-GHA.HOTEL&mpl=USD&numberOfRooms=1&locale=en_US&rffrid=h4p.hcom.US.ghaodigeo.000.000.kwrd=&pos=EDREAMS_US&rateplanid=268200585&mctc=10&utm_medium=metasearch&utm_campaign=1217166944&utm_term=hotel&utm_source=FREEBOOKING | https://www.google.com/travel/lodging/clk?pc=AA80Osws9wKGk5X9GSTrrzak9CCds19ahnr3U6BH8GXigbRRxByjPPbfSsJjlUECa2-B4DhFF5xbZPtW6CYXVY-b5GYyZF6DKnkmshEgshU4isCSXvSwO2e46K-szUNHitU-mrf_mNZPvH-fMndztSS3HA0jl48KRY9Q8_iiA5MJZODSU_-XRzPvyayJV71dMvc&pcurl=https://www.hotels.com/Hotel-Search?selected%3D38005217%26startDate%3D2026-09-19%26endDate%3D2026-09-20%26mdpcid%3DHCOM-US.META.HPA.HOTEL-ORGANIC-desktop.HOTEL%26MDPDTL%3DHTL.38005217.20260919.20260920.DDT.5.CID..AUDID.%26adults%3D2%26children%3D%26mctc%3D10%26mpf%3D27.00%26mpg%3DUSD%26mpl%3DUSD%26mpj%3D4.12%26mpr%3D0.00%26rffrid%3Dsem.hcom.US.156.024.mapresults.02.desktop-1.kwrd%3DGGMETA.38005217USen-20260919-D-ABW%3D5-camp%3D-aud%3D-N%26rateplanid%3D268200585%26mpm%3D24%26mpn%3D217246185%26mpo%3DEC%26mpp%3D1%26locale%3Den_US%26siteid%3D300000001&s=AD1XQnl5NIRYdK7YfhQ-s304G2Px | https://www.hotels.com/Hotel-Search?selected=38005217&startDate=2026-09-19&endDate=2026-09-20&mdpcid=HCOM-US.META.HPA.HOTEL-ORGANIC-desktop.HOTEL&MDPDTL=HTL.38005217.20260919.20260920.DDT.5.CID..AUDID.&adults=2&children=&mctc=10&mpf=27.00&mpg=USD&mpl=USD&mpj=4.12&mpr=0.00&rffrid=sem.hcom.US.156.024.mapresults.02.desktop-1.kwrd=GGMETA.38005217USen-20260919-D-ABW=5-camp=-aud=-N&rateplanid=268200585&mpm=24&mpn=217246185&mpo=EC&mpp=1&locale=en_US&siteid=300000001",https://www.google.com/maps/search/?api=1&query=Sagwe%20Furnished%20Apartments&query_place_id=ChIJHRbBXYsQLxgR5xUXfXvLkYQ,ChIJHRbBXYsQLxgR5xUXfXvLkYQ,False
Staroot Haven,Serviced accommodation,"Wood Ave, Nairobi, Kenya",,,,,,"https://www.google.com/travel/lodging/clk?pc=AA80OswgakFd3Le400EQxidCOjWwR-_yaDIF1c6DfZC4M-5scmcY7Bi6onVx6YCe_L0dKoMmjCqrHjgdYf3rfbJ4CCcpGYLActmcJ0HXBNxPJaV_9lUX-Vc8zAx3l8q28AYXYDGAvdf3vuhzP115WmAEosgYtNDtTL4eCzpQ1-jkjlESj-1VK7U-6FIGusOuL9qJ&pcurl=https://www.expedia.com/Hotel-Search?selected%3D112463657%26startDate%3D2026-09-19%26endDate%3D2026-09-20%26MDPCID%3DUS.META.HPA.HOTEL-ORGANIC-desktop.HOTEL%26MDPDTL%3DHTL.112463657.20260919.20260920.DDT.5.CID..AUDID..RRID.bex_us_desktop%26mctc%3D10%26ct%3Dhotel%26mpg%3DUSD%26mpf%3D116.99%26mpj%3D17.84%26mpr%3D0.00%26mpl%3DUSD%26exp_pg%3Dgoogle%26langid%3Den%26ad%3D2%26tp%3D%26utm_source%3Dgoogle%26utm_medium%3Dcpc%26utm_term%3D112463657%26utm_content%3Dmapresults%26utm_campaign%3DHotelAds%26langid%3D1033%26adults%3D2%26children%3D%26rrid%3Dbex_us_desktop%26rateplanid%3D404361531%26mpm%3D24%26mpn%3D326013040%26mpo%3DEC%26mpp%3D1&s=AD1XQnk1dur6NV1MwGZxB7axbrnC | https://www.expedia.com/Hotel-Search?selected=112463657&startDate=2026-09-19&endDate=2026-09-20&MDPCID=US.META.HPA.HOTEL-ORGANIC-desktop.HOTEL&MDPDTL=HTL.112463657.20260919.20260920.DDT.5.CID..AUDID..RRID.bex_us_desktop&mctc=10&ct=hotel&mpg=USD&mpf=116.99&mpj=17.84&mpr=0.00&mpl=USD&exp_pg=google&langid=en&ad=2&tp=&utm_source=google&utm_medium=cpc&utm_term=112463657&utm_content=mapresults&utm_campaign=HotelAds&langid=1033&adults=2&children=&rrid=bex_us_desktop&rateplanid=404361531&mpm=24&mpn=326013040&mpo=EC&mpp=1 | https://www.google.com/travel/lodging/clk?pc=AA80OszidN1Nch0gnAjvGDW4aDNuWE0_kOJOhfFBb97ilwH8m-ahaIx3debtP6Te6AeT36f0liaBmXRrcF6sKupM7jMD82JkmXONuroVqlQow68msYqr-J9efxN_WnWc9IerPxInBbSvpjftKlZC-qJCVYRH8BgLk7ipb95uF_amZy5g6q6qO_PPkbN1lR4rSqU&pcurl=https://www.hotels.com/Hotel-Search?selected%3D112463657%26startDate%3D2026-09-19%26endDate%3D2026-09-20%26mdpcid%3DHCOM-US.META.HPA.HOTEL-ORGANIC-desktop.HOTEL%26MDPDTL%3DHTL.112463657.20260919.20260920.DDT.5.CID..AUDID.%26adults%3D2%26children%3D%26mctc%3D10%26mpf%3D116.99%26mpg%3DUSD%26mpl%3DUSD%26mpj%3D17.84%26mpr%3D0.00%26rffrid%3Dsem.hcom.US.156.024.mapresults.02.desktop-1.kwrd%3DGGMETA.112463657USen-20260919-D-ABW%3D5-camp%3D-aud%3D-N%26rateplanid%3D404361531%26mpm%3D24%26mpn%3D326013040%26mpo%3DEC%26mpp%3D1%26locale%3Den_US%26siteid%3D300000001&s=AD1XQnl3a0mgF96tavgea0FK1ux_ | https://www.hotels.com/Hotel-Search?selected=112463657&startDate=2026-09-19&endDate=2026-09-20&mdpcid=HCOM-US.META.HPA.HOTEL-ORGANIC-desktop.HOTEL&MDPDTL=HTL.112463657.20260919.20260920.DDT.5.CID..AUDID.&adults=2&children=&mctc=10&mpf=116.99&mpg=USD&mpl=USD&mpj=17.84&mpr=0.00&rffrid=sem.hcom.US.156.024.mapresults.02.desktop-1.kwrd=GGMETA.112463657USen-20260919-D-ABW=5-camp=-aud=-N&rateplanid=404361531&mpm=24&mpn=326013040&mpo=EC&mpp=1&locale=en_US&siteid=300000001 | https://www.google.com/travel/lodging/clk?pc=AA80OsxFzV4ubE052mTO2imWIesn3cvpV9No3j8U_1_PzcXeJ0VVQ8l_ce_o0dVDk3_mPauRwVld-kMJ5RU9dYP9ww8BLwORkteFszW-U6CLnDFeWgk1bvmbjRmgeYnvl8snxlLAWCr3FPYykbrwJugaWKKsMlXDJoILJCsxCGdaCnfjHIB8qwds55GhAJ0utKY&pcurl=https://www.orbitz.com/Hotel-Search?selected%3D112463657%26startDate%3D2026-09-19%26endDate%3D2026-09-20%26adults%3D2%26children%3D%26MDPCID%3DORBITZ-US.META.HPA.ORGANIC-desktop.HOTEL%26MDPDTL%3Dhtl.112463657.20260919.20260920.DDT.5.CID..AUDID..mapresults%26mpg%3DUSD%26mpf%3D116.99%26mpj%3D17.84%26mpr%3D0.00%26mctc%3D10%26rateplanid%3D404361531%26mpm%3D24%26mpn%3D326013040%26mpo%3DEC%26mpp%3D1&s=AD1XQnl5cnvccHFeOav8HTiS_awp | https://www.orbitz.com/Hotel-Search?selected=112463657&startDate=2026-09-19&endDate=2026-09-20&adults=2&children=&MDPCID=ORBITZ-US.META.HPA.ORGANIC-desktop.HOTEL&MDPDTL=htl.112463657.20260919.20260920.DDT.5.CID..AUDID..mapresults&mpg=USD&mpf=116.99&mpj=17.84&mpr=0.00&mctc=10&rateplanid=404361531&mpm=24&mpn=326013040&mpo=EC&mpp=1 | https://www.google.com/travel/lodging/clk?pc=AA80OszLo6-nIiNT_cCgqhzJO8hZxRyRlFRjdyJlVGFs14lycvH15pgFxL-jdgpTz2gKs7_jkjSbZMnvJKkmkrZAGKY2Uunmfcpdeu9NEGN8JjvecXv0gdT5UvvvvZy1UDOUugcT-HaSpr9Stai-Tm0pQ5RP9N5jAz3jW4n-LqkAYBIkG8tHvVZ1TxPsH1oVyiu_&pcurl=https://www.travelocity.com/Hotel-Search?selected%3D112463657%26startDate%3D2026-09-19%26endDate%3D2026-09-20%26adults%3D2%26children%3D%26MDPCID%3Dtravelocity-US.META.HPA.ORGANIC.HOTEL%26MDPDTL%3DHTL.112463657.20260919.20260920.DDT.5.CID..AUDID..mapresults%26mpg%3DUSD%26mpf%3D116.99%26mpj%3D17.84%26mpr%3D0.00%26mctc%3D10%26rateplanid%3D404361531%26mpm%3D24%26mpn%3D326013040%26mpo%3DEC%26mpp%3D1&s=AD1XQnmaRvGeoQ9umCDekDvtZP80 | https://www.travelocity.com/Hotel-Search?selected=112463657&startDate=2026-09-19&endDate=2026-09-20&adults=2&children=&MDPCID=travelocity-US.META.HPA.ORGANIC.HOTEL&MDPDTL=HTL.112463657.20260919.20260920.DDT.5.CID..AUDID..mapresults&mpg=USD&mpf=116.99&mpj=17.84&mpr=0.00&mctc=10&rateplanid=404361531&mpm=24&mpn=326013040&mpo=EC&mpp=1 | https://www.google.com/travel/lodging/clk?pc=AA80OsyiDYbbnC9nYFxOnRroE4X0CgUfD8TMZHDCLJFAbvGGf72bducIUs7J6t7mAMSe43OzAYLzF7QDS6LRWdcTk54ZjwLHoTalOg9Bjq0G4UK2Cx6ty1YBQMuzwO9hej3wjBY2vm9FWytt0erraVb27eC2iAZd4lLjf-rWUKUlZHqhYEjDehvm2jIdstk9o_ibp0O0_SE&pcurl=https://www.cheaptickets.com/Hotel-Search?selected%3D112463657%26startDate%3D2026-09-19%26endDate%3D2026-09-20%26MDPCID%3DCHEAPTICKETS-US.META.HPA.ORGANIC-desktop.HOTEL%26langid%3D1033%26adults%3D2%26children%3D%26MDPDTL%3Dhtl.112463657.20260919.20260920.DDT.5.CID..AUDID..mapresults%26mpg%3DUSD%26mpf%3D116.99%26mpj%3D17.84%26mpr%3D0.00%26mctc%3D10%26rateplanid%3D404361531%26rateplanid%3D404361531%26mpm%3D24%26mpn%3D326013040%26mpo%3DEC%26mpp%3D1&s=AD1XQnnsmvxWO2006Z20ky-hJakK | https://www.cheaptickets.com/Hotel-Search?selected=112463657&startDate=2026-09-19&endDate=2026-09-20&MDPCID=CHEAPTICKETS-US.META.HPA.ORGANIC-desktop.HOTEL&langid=1033&adults=2&children=&MDPDTL=htl.112463657.20260919.20260920.DDT.5.CID..AUDID..mapresults&mpg=USD&mpf=116.99&mpj=17.84&mpr=0.00&mctc=10&rateplanid=404361531&rateplanid=404361531&mpm=24&mpn=326013040&mpo=EC&mpp=1 | https://www.google.com/travel/lodging/clk?pc=AA80OszpAsbQYJ-abPYy5aid9vlfzxo57J7w6_TyP2FVNvwPStWTvuJ_bnjREHHegcdYTOFtIVrR4IezYwr8RmFivkZARr9vBKt5-70Ym-l8320qGomYDXnQlVSucoCkaOHJuMsJTQ4OiLei4PVxETixH9i7OZgiGea6Jf9XsgME4V0V72c0Xw6g&pcurl=https://accommodation.edreams.net/Hotel-Search?selected%3D112463657%26startDate%3D2026-09-19%26endDate%3D2026-09-20%26adults%3D2%26children%3D%26mpf%3D116.99%26cur%3DUSD%26mpj%3D17.84%26MDPCID%3DeDreams-US.DPS.Edreams.MetaSearch-GHA.HOTEL%26mpl%3DUSD%26numberOfRooms%3D1%26locale%3Den_US%26rffrid%3Dh4p.hcom.US.ghaodigeo.000.000.kwrd%3D%26pos%3DEDREAMS_US%26rateplanid%3D404361531%26mctc%3D10%26utm_medium%3Dmetasearch%26utm_campaign%3D3599837024%26utm_term%3Dhotel%26utm_source%3DFREEBOOKING&s=AD1XQnk6TCN5_FBINtCS3gefbOsV | https://accommodation.edreams.net/Hotel-Search?selected=112463657&startDate=2026-09-19&endDate=2026-09-20&adults=2&children=&mpf=116.99&cur=USD&mpj=17.84&MDPCID=eDreams-US.DPS.Edreams.MetaSearch-GHA.HOTEL&mpl=USD&numberOfRooms=1&locale=en_US&rffrid=h4p.hcom.US.ghaodigeo.000.000.kwrd=&pos=EDREAMS_US&rateplanid=404361531&mctc=10&utm_medium=metasearch&utm_campaign=3599837024&utm_term=hotel&utm_source=FREEBOOKING | https://www.google.com/maps/search/?api=1&query=Staroot%20Haven&query_place_id=ChIJV29yh78RLxgRGcvcgOYhpX4 | https://www.google.com/maps/search/Hotel/@-1.29814652,36.7892868,17.00233279527329z?hl=en | https://lh3.googleusercontent.com/gps-cs-s/AHRPTWkO8VMXTSHYcLOPyDoASUVeh2biMaPcmNRVCIBdaVIVM-YXCrAo_nHcm8zZSjjHaBm_MYLoaYgbIX0FlXhvUGLtiIFtizzCO2iQ38uQKZRZ3igLWNA8AjsMpx2Cr-mDIoY-X6sSINpZvDNJ=w408-h306-k-no",https://www.google.com/maps/search/?api=1&query=Staroot%20Haven&query_place_id=ChIJV29yh78RLxgRGcvcgOYhpX4,ChIJV29yh78RLxgRGcvcgOYhpX4,False
Suite Life Serviced Apartments,Serviced accommodation,"Denis Pritt Rd, Nairobi, Kenya",+254 722 657179,,,,,"https://www.google.com/travel/lodging/clk?pc=AA80OsyGpUZB0qQeMDGGsLmVGPOkZJ4ztl039Ydv1akhOZBB0wCJXsyDyP7k9IGhcCa6jHJFMWmXMZAgkFvWgZrLo4aRWvdKIw5_cS5Oe83XMDN2lIq8FhDxsmj7EFReTmrnRanSlG6qn7uHoF3xdMlNKu6E5b3fp6DvpXUkNgk04UP9DKC3jcBKYajhmX_J-W1kxg&pcurl=https://h-en.reserving.com/search?i%3D7103%26rf%3DGOOGLEHOTELS%26portal%3Drsvcom%26lang%3Den%26auto%3D1%26tipo%3DS%26id%3D1559713%26numero_habs%3D1%26no_adultos_hab1%3D2%26no_ninos_hab1%3D0%26fecha_entrada%3D19%252F09%252F2026%26fecha_salida%3D20%252F09%252F2026%26refp%3D42.51%26campaing-id%3D%26tp%3D%26moneda%3DUSD%26device%3Ddesktop%26pais_dom%3DUS%26sg%3Db%3D36.11,b$%3DUSD,bhab%3D4552,big%3D2026-09-17T22:59:00%2B02:00,bmid%3D100,bpd%3Des,bpt%3D4.98,breg%3D12,bt%3D0.62,bwp%3DSYoV6D1fPT4,ts%3D2026-09-14T07:00:32%2B02:00/B:4BAFF57F2B067632B11506B15DC8FBAAFE63CD67963EBCEE902DCBD3%26c3%3Dmode%3DP,d%3D2,ts_id%3D362032754853262%26r%3DCAMPAIGN-ID%3D;TRACKING-PARAM%3D;CUSTOM1%3D;PRICE-DISPLAYED-TOTAL%3D42.51;DEFAULT-DATE%3D1;CLICK-TYPE%3Dhotel;USER-COUNTRY%3DUS;DEVICE%3Ddesktop;SITE%3Dmapresults;USER-LANGUAGE%3Den;USER-CURRENCY%3DUSD;POS%3DALL-ALL-ALL-RSVCOM;AD-CLICK%3D0;PAYMENT-ID%3Dfree;C2%3Db%3D36.11,b$%3DUSD,bhab%3D4552,big%3D2026-09-17T22:59:00%2B02:00,bmid%3D100,bpd%3Des,bpt%3D4.98,breg%3D12,bt%3D0.62,bwp%3DSYoV6D1fPT4,ts%3D2026-09-14T07:00:32%2B02:00/B:4BAFF57F2B067632B11506B15DC8FBAAFE63CD67963EBCEE902DCBD3;C3%3Dmode%3DP,d%3D2,ts_id%3D362032754853262&s=AD1XQnlF7ZrAF517acBL3J0PJaGw | https://h-en.reserving.com/search?i=7103&rf=GOOGLEHOTELS&portal=rsvcom&lang=en&auto=1&tipo=S&id=1559713&numero_habs=1&no_adultos_hab1=2&no_ninos_hab1=0&fecha_entrada=19/09/2026&fecha_salida=20/09/2026&refp=42.51&campaing-id=&tp=&moneda=USD&device=desktop&pais_dom=US&sg=b=36.11,b$=USD,bhab=4552,big=2026-09-17T22:59:00+02:00,bmid=100,bpd=es,bpt=4.98,breg=12,bt=0.62,bwp=SYoV6D1fPT4,ts=2026-09-14T07:00:32+02:00/B:4BAFF57F2B067632B11506B15DC8FBAAFE63CD67963EBCEE902DCBD3&c3=mode=P,d=2,ts_id=362032754853262&r=CAMPAIGN-ID=;TRACKING-PARAM=;CUSTOM1=;PRICE-DISPLAYED-TOTAL=42.51;DEFAULT-DATE=1;CLICK-TYPE=hotel;USER-COUNTRY=US;DEVICE=desktop;SITE=mapresults;USER-LANGUAGE=en;USER-CURRENCY=USD;POS=ALL-ALL-ALL-RSVCOM;AD-CLICK=0;PAYMENT-ID=free;C2=b=36.11,b$=USD,bhab=4552,big=2026-09-17T22:59:00+02:00,bmid=100,bpd=es,bpt=4.98,breg=12,bt=0.62,bwp=SYoV6D1fPT4,ts=2026-09-14T07:00:32+02:00/B:4BAFF57F2B067632B11506B15DC8FBAAFE63CD67963EBCEE902DCBD3;C3=mode=P,d=2,ts_id=362032754853262 | https://www.google.com/travel/lodging/clk?pc=AA80OswAbzCYqJ0VJcefgfvQuRh3ArZvywvuo5JxxEZsYBTsgqpsJ8Cl09aCdlAhqCygdwT43ChE11hAaLN1HeoQ81z839lVJanVkk2fye-pK-NrhMiKad4gFWh9cUl0WIlApD9ZH0AGUlUDstMk3tH9IXIJXgoK-2C6kFBX0KmhgsXi9kXW6XWeM2Of2R3RtCMGP249Jw&pcurl=https://deals.dealbase.com/?sig%3Dd24b78db5ff27b2a7633c125e8c1eb65fcdd29bfbe8d2468da3702f8e475011131373338383435313339%26turl%3Dhttps%253A%252F%252Fwww.dealbase.com%252FHotel%252FSearch%253FcheckIn%253D2026-09-19%2526checkOut%253D2026-09-20%2526currency%253DUSD%2526forceCurrencyChange%253D1%2526lang%253Den%2526forceLanguageChange%253D1%2526rooms%253D2%253A%2526utm_source%253Dgha%2526utm_medium%253Dcpc%2526hotelId%253D4674525%2526userCountry%253DUS%2526profile%253Dr2d2m73kn8%2526preferredRate%253D42.50%2526deviceType%253Ddesktop%2526label%253Dsrc%25253Dgha%252526cltype%25253Dhotel%252526datype%25253Ddefault%252526gsite%25253Dmapresults%252526vf%25253D0%252526ucountry%25253DUS%252526udevice%25253Ddesktop%252526hotel%25253D4674525%252526day%25253D19%252526month%25253D09%252526year%25253D2026%252526los%25253D1%252526price%25253D42.50%252526currency%25253DUSD%252526cid%25253D%252526listid%25253D%252526rateid%25253DUS_D%252526closerateid%25253D%252526promo%25253D0%252526isPrivateRate%25253D0%252526isAudienceUser%25253D0%252526isPaidClick%25253D0%252526%2526cp%253Do26vGPEFuLHrCkZKCg4IkhwYiAUiA1VTRFIBMhIaFaGHz-saC2lwQ2FtWXNibllVKAIwgNqd1QY&s=AD1XQnlDotxexw8Cb21AHdN0kBYu | https://deals.dealbase.com/?sig=d24b78db5ff27b2a7633c125e8c1eb65fcdd29bfbe8d2468da3702f8e475011131373338383435313339&turl=https://www.dealbase.com/Hotel/Search?checkIn=2026-09-19&checkOut=2026-09-20&currency=USD&forceCurrencyChange=1&lang=en&forceLanguageChange=1&rooms=2:&utm_source=gha&utm_medium=cpc&hotelId=4674525&userCountry=US&profile=r2d2m73kn8&preferredRate=42.50&deviceType=desktop&label=src%3Dgha%26cltype%3Dhotel%26datype%3Ddefault%26gsite%3Dmapresults%26vf%3D0%26ucountry%3DUS%26udevice%3Ddesktop%26hotel%3D4674525%26day%3D19%26month%3D09%26year%3D2026%26los%3D1%26price%3D42.50%26currency%3DUSD%26cid%3D%26listid%3D%26rateid%3DUS_D%26closerateid%3D%26promo%3D0%26isPrivateRate%3D0%26isAudienceUser%3D0%26isPaidClick%3D0%26&cp=o26vGPEFuLHrCkZKCg4IkhwYiAUiA1VTRFIBMhIaFaGHz-saC2lwQ2FtWXNibllVKAIwgNqd1QY | https://www.google.com/maps/search/?api=1&query=Suite%20Life%20Serviced%20Apartments&query_place_id=ChIJm0zk9a4QLxgRFFd7WkKLv2c | https://www.google.com/maps/search/Hotel/@-1.2792325141654115,36.79946094992056,16z?hl=en | https://lh3.googleusercontent.com/gps-cs-s/AHRPTWnXExzp18pXQlshseRkF9-G8eNryNtdvJM9CMQFOlpaHrB5UuIEDVXtficsx4zeHvj8CerQVkt4ziSq1QjbN9OwNy0bZ2qSXgK_eaNw7oQf5ImukxalB3bGShKCSG2ix79S6WW9aflV2Pku=w408-h310-k-no",https://www.google.com/maps/search/?api=1&query=Suite%20Life%20Serviced%20Apartments&query_place_id=ChIJm0zk9a4QLxgRFFd7WkKLv2c,ChIJm0zk9a4QLxgRFFd7WkKLv2c,False
Yohana Residences,Serviced accommodation,"Silverstone Apartments, 57 Argwings Kodhek Rd, Nairobi, Kenya",+254 102 516791,,,,,"https://www.google.com/travel/lodging/clk?pc=AA80OswljokG-PDEinItZh4J1r7V92snJHChmreCOw0gqSDjOV2POklW2N96NSWM-rTsJ6q9z0XK07GjSHTDYgWNO41HyFVvvyPMbI47feVfVQ_tfd8zIvCIrY1N_eH8b3JFbgEeOXC7BPsZbRaBj78DLYD_zVKIbnTNPunMe9WyYlZqU9LZxog0VENwepugXDNW&pcurl=https://www.expedia.com/Hotel-Search?selected%3D93351474%26startDate%3D2026-09-19%26endDate%3D2026-09-20%26MDPCID%3DUS.META.HPA.HOTEL-ORGANIC-desktop.HOTEL%26MDPDTL%3DHTL.93351474.20260919.20260920.DDT.5.CID..AUDID..RRID.bex_us_desktop%26mctc%3D10%26ct%3Dhotel%26mpg%3DUSD%26mpf%3D57.43%26mpj%3D8.76%26mpr%3D0.00%26mpl%3DUSD%26exp_pg%3Dgoogle%26langid%3Den%26ad%3D2%26tp%3D%26utm_source%3Dgoogle%26utm_medium%3Dcpc%26utm_term%3D93351474%26utm_content%3Dmapresults%26utm_campaign%3DHotelAds%26langid%3D1033%26adults%3D2%26children%3D%26rrid%3Dbex_us_desktop%26rateplanid%3D391840460%26mpm%3D24%26mpn%3D322111538%26mpo%3DEC%26mpp%3D1&s=AD1XQnlVnfH84azZWlZW3Dt-LjNR | https://www.expedia.com/Hotel-Search?selected=93351474&startDate=2026-09-19&endDate=2026-09-20&MDPCID=US.META.HPA.HOTEL-ORGANIC-desktop.HOTEL&MDPDTL=HTL.93351474.20260919.20260920.DDT.5.CID..AUDID..RRID.bex_us_desktop&mctc=10&ct=hotel&mpg=USD&mpf=57.43&mpj=8.76&mpr=0.00&mpl=USD&exp_pg=google&langid=en&ad=2&tp=&utm_source=google&utm_medium=cpc&utm_term=93351474&utm_content=mapresults&utm_campaign=HotelAds&langid=1033&adults=2&children=&rrid=bex_us_desktop&rateplanid=391840460&mpm=24&mpn=322111538&mpo=EC&mpp=1 | https://www.google.com/travel/lodging/clk?pc=AA80Osw5XSgJqRsO1R9Vj7QAr3xqk4KQlXx3aMrGherahcHmGu1o5osnHhf_9WzIdz15ryuFztCgmI_rqYmV-U60Rc2-67I4ATULGcXREmnmwPl4jKnak_z6YJ7QiU-PQK_mY9ACOXR-DwXaJGtrnGDP-mwxfDwJkRknJJ3QCRKAc7YCDSX2oe3Lx6xzNcDrTv4&pcurl=https://www.hotels.com/Hotel-Search?selected%3D93351474%26startDate%3D2026-09-19%26endDate%3D2026-09-20%26mdpcid%3DHCOM-US.META.HPA.HOTEL-ORGANIC-desktop.HOTEL%26MDPDTL%3DHTL.93351474.20260919.20260920.DDT.5.CID..AUDID.%26adults%3D2%26children%3D%26mctc%3D10%26mpf%3D57.43%26mpg%3DUSD%26mpl%3DUSD%26mpj%3D8.76%26mpr%3D0.00%26rffrid%3Dsem.hcom.US.156.024.mapresults.02.desktop-1.kwrd%3DGGMETA.93351474USen-20260919-D-ABW%3D5-camp%3D-aud%3D-N%26rateplanid%3D391840460%26mpm%3D24%26mpn%3D322111538%26mpo%3DEC%26mpp%3D1%26locale%3Den_US%26siteid%3D300000001&s=AD1XQnnLQ-G75CjPLMhGUD28axzg | https://www.hotels.com/Hotel-Search?selected=93351474&startDate=2026-09-19&endDate=2026-09-20&mdpcid=HCOM-US.META.HPA.HOTEL-ORGANIC-desktop.HOTEL&MDPDTL=HTL.93351474.20260919.20260920.DDT.5.CID..AUDID.&adults=2&children=&mctc=10&mpf=57.43&mpg=USD&mpl=USD&mpj=8.76&mpr=0.00&rffrid=sem.hcom.US.156.024.mapresults.02.desktop-1.kwrd=GGMETA.93351474USen-20260919-D-ABW=5-camp=-aud=-N&rateplanid=391840460&mpm=24&mpn=322111538&mpo=EC&mpp=1&locale=en_US&siteid=300000001 | https://www.google.com/travel/lodging/clk?pc=AA80Osye8pVDmlUJzBNK1a9fPKE2NxUpodCP9s9TrorZuEktyDUYsqR534bHeBWWaJyeDEMAfj6OHyce-4G91j8wvUCCgMQ0w0eNKwWmvH38CgJ08ZJXxr3AgRixMb8p8qFNtQ0T0dkpU-olcyc4IYm7R88KIOMBEqcleq464XnuzCuu6GLAT24&pcurl=https://us.trip.com/hotels/redirect?hotelid%3D102652004%26city%3D825%26shoppingid%3DM4WXT1s-3Y7H%26adult%3D2%26children%3D0%26ages%3D%26checkin%3D2026-09-19%26checkout%3D2026-09-20%26curr%3DUSD%26Allianceid%3D15214%26Sid%3D1209572%26prid%3DLANG_US%26trip_sub1%3D19_09_2026_1_mapresults_102652004_US_desktop_default___0_0-LANG_US-landing%26hpaopts%3Dstand%5BH4sIAAAAAAAA_-Ny5WKSYBJi4mCUsuZ4MWHVblYhRiOD-4wWW-UDOGYwPtnw02AFI-MORqaLjN80YvoPhXo4PGS8vrjAlmu7j8MLxplfPr5lXMDCKMXjaxIeEWJYrGscae6hwKgx_8bcq2wejEFsri6Ohq6GUTJczKHBLoJG5bqK8lekHKRAPEUYL4k1NU83NDijSayLkcmDcRUjOxezgZGhANMnRn5kc-NNzSYxMRoCAOEWAAW0AAAA%5Dfgt%5B1%5D%26br%3D57.43%26tf%3D8.76%26display%3Dexavg%26locale%3Den_us%26crn%3D1%26roomid%3D1466599528%26allianceid%3D15214%26sid%3D1209572&s=AD1XQnkYL8Mz7olIej0ByGvcyGoe | https://us.trip.com/hotels/redirect?hotelid=102652004&city=825&shoppingid=M4WXT1s-3Y7H&adult=2&children=0&ages=&checkin=2026-09-19&checkout=2026-09-20&curr=USD&Allianceid=15214&Sid=1209572&prid=LANG_US&trip_sub1=19_09_2026_1_mapresults_102652004_US_desktop_default___0_0-LANG_US-landing&hpaopts=stand[H4sIAAAAAAAA_-Ny5WKSYBJi4mCUsuZ4MWHVblYhRiOD-4wWW-UDOGYwPtnw02AFI-MORqaLjN80YvoPhXo4PGS8vrjAlmu7j8MLxplfPr5lXMDCKMXjaxIeEWJYrGscae6hwKgx_8bcq2wejEFsri6Ohq6GUTJczKHBLoJG5bqK8lekHKRAPEUYL4k1NU83NDijSayLkcmDcRUjOxezgZGhANMnRn5kc-NNzSYxMRoCAOEWAAW0AAAA]fgt[1]&br=57.43&tf=8.76&display=exavg&locale=en_us&crn=1&roomid=1466599528&allianceid=15214&sid=1209572 | https://www.google.com/travel/lodging/clk?pc=AA80OsyM6BEjNXGnQ5QhdZXwxIYDSelfajxSfZkVsaSrGTUZ2x_CuWGvwekcfdeZ5TrR98TvFqvtgLfyxzzZLrYV_BfNvoHfmxKoh6_TNiusAvHUsMeB-SQvK2qPV8ET1bEzkepthQT7O5pBo0zgHBxhk_FT7YrGeZMHW4IQ2OdDnHzLmCvZBVrAnpTIr1s_JJWq&pcurl=https://www.travelocity.com/Hotel-Search?selected%3D93351474%26startDate%3D2026-09-19%26endDate%3D2026-09-20%26adults%3D2%26children%3D%26MDPCID%3Dtravelocity-US.META.HPA.ORGANIC.HOTEL%26MDPDTL%3DHTL.93351474.20260919.20260920.DDT.5.CID..AUDID..mapresults%26mpg%3DUSD%26mpf%3D57.43%26mpj%3D8.76%26mpr%3D0.00%26mctc%3D10%26rateplanid%3D391840460%26mpm%3D24%26mpn%3D322111538%26mpo%3DEC%26mpp%3D1&s=AD1XQnmeXiD3ZA1GAnNgJfFOqxsd | https://www.travelocity.com/Hotel-Search?selected=93351474&startDate=2026-09-19&endDate=2026-09-20&adults=2&children=&MDPCID=travelocity-US.META.HPA.ORGANIC.HOTEL&MDPDTL=HTL.93351474.20260919.20260920.DDT.5.CID..AUDID..mapresults&mpg=USD&mpf=57.43&mpj=8.76&mpr=0.00&mctc=10&rateplanid=391840460&mpm=24&mpn=322111538&mpo=EC&mpp=1 | https://www.google.com/travel/lodging/clk?pc=AA80Osy7-h2Mwmv5CYnhXYMtyJToc34AB6lQPPIRoCYCCNZQSf7LPoHz8JfX8zx-7_2ICp8sBiUz2KjwvrYQomWgPNYobAAMncFT17a1QHgyIFQnYJURNpAUSabkG98PAwpKi0wPNt5dC-GArX3Im873zzZdmT9yLHAvZaycJqG-vxN6-_nf3F7xbv4a7n_2I9I&pcurl=https://www.orbitz.com/Hotel-Search?selected%3D93351474%26startDate%3D2026-09-19%26endDate%3D2026-09-20%26adults%3D2%26children%3D%26MDPCID%3DORBITZ-US.META.HPA.ORGANIC-desktop.HOTEL%26MDPDTL%3Dhtl.93351474.20260919.20260920.DDT.5.CID..AUDID..mapresults%26mpg%3DUSD%26mpf%3D57.43%26mpj%3D8.76%26mpr%3D0.00%26mctc%3D10%26rateplanid%3D391840460%26mpm%3D24%26mpn%3D322111538%26mpo%3DEC%26mpp%3D1&s=AD1XQnkzPV1P6hOsBwv_b-ihACMJ | https://www.orbitz.com/Hotel-Search?selected=93351474&startDate=2026-09-19&endDate=2026-09-20&adults=2&children=&MDPCID=ORBITZ-US.META.HPA.ORGANIC-desktop.HOTEL&MDPDTL=htl.93351474.20260919.20260920.DDT.5.CID..AUDID..mapresults&mpg=USD&mpf=57.43&mpj=8.76&mpr=0.00&mctc=10&rateplanid=391840460&mpm=24&mpn=322111538&mpo=EC&mpp=1 | https://www.google.com/travel/lodging/clk?pc=AA80Osz_sGjJsq5xAK1G3gIChI1MtTChQpsmuwbF4SnAz8yyjhZwLyyIsJvfJW0b5pwI9Vr6RGwSOLeB7lcnyQkVXh3WhH6Nb9Rf2gRW0FEjmAIC7dICTmsZpovYMIQMLkNavUJfJpIWSBvUUgdnN5DZopfIQQigF4sFm8IJZHoH0pl6rEweSM3k&pcurl=https://accommodation.edreams.net/Hotel-Search?selected%3D93351474%26startDate%3D2026-09-19%26endDate%3D2026-09-20%26adults%3D2%26children%3D%26mpf%3D57.43%26cur%3DUSD%26mpj%3D8.76%26MDPCID%3DeDreams-US.DPS.Edreams.MetaSearch-GHA.HOTEL%26mpl%3DUSD%26numberOfRooms%3D1%26locale%3Den_US%26rffrid%3Dh4p.hcom.US.ghaodigeo.000.000.kwrd%3D%26pos%3DEDREAMS_US%26rateplanid%3D391840460%26mctc%3D10%26utm_medium%3Dmetasearch%26utm_campaign%3D2988247168%26utm_term%3Dhotel%26utm_source%3DFREEBOOKING&s=AD1XQnkL3JYfFJzQwl7U9ow_I7zK | https://accommodation.edreams.net/Hotel-Search?selected=93351474&startDate=2026-09-19&endDate=2026-09-20&adults=2&children=&mpf=57.43&cur=USD&mpj=8.76&MDPCID=eDreams-US.DPS.Edreams.MetaSearch-GHA.HOTEL&mpl=USD&numberOfRooms=1&locale=en_US&rffrid=h4p.hcom.US.ghaodigeo.000.000.kwrd=&pos=EDREAMS_US&rateplanid=391840460&mctc=10&utm_medium=metasearch&utm_campaign=2988247168&utm_term=hotel&utm_source=FREEBOOKING | https://www.google.com/travel/lodging/clk?pc=AA80Osy1U6uIsPJZTu4TCVVdc_hddKw_xQ9Pq7y--ywqU-s2jCxZ2LiSyiTrFEGZPXYbARDSPsXsd3e_LKFIDWDqDAgdJubwxuf8oLfp_M-trK5VRx4FeWQnu4HgyLJrASSwAAkthWNhK0OFDaqZF0YwjSTBT1aJ1DhM9a3quLfCweIt3GHaxjTDDcGiIB3eyEhlvwAG1mI&pcurl=https://www.cheaptickets.com/Hotel-Search?selected%3D93351474%26startDate%3D2026-09-19%26endDate%3D2026-09-20%26MDPCID%3DCHEAPTICKETS-US.META.HPA.ORGANIC-desktop.HOTEL%26langid%3D1033%26adults%3D2%26children%3D%26MDPDTL%3Dhtl.93351474.20260919.20260920.DDT.5.CID..AUDID..mapresults%26mpg%3DUSD%26mpf%3D57.43%26mpj%3D8.76%26mpr%3D0.00%26mctc%3D10%26rateplanid%3D391840460%26rateplanid%3D391840460%26mpm%3D24%26mpn%3D322111538%26mpo%3DEC%26mpp%3D1&s=AD1XQnkspH_VT5jtsxUzpTIlIvaJ | https://www.cheaptickets.com/Hotel-Search?selected=93351474&startDate=2026-09-19&endDate=2026-09-20&MDPCID=CHEAPTICKETS-US.META.HPA.ORGANIC-desktop.HOTEL&langid=1033&adults=2&children=&MDPDTL=htl.93351474.20260919.20260920.DDT.5.CID..AUDID..mapresults&mpg=USD&mpf=57.43&mpj=8.76&mpr=0.00&mctc=10&rateplanid=391840460&rateplanid=391840460&mpm=24&mpn=322111538&mpo=EC&mpp=1 | https://www.google.com/maps/search/?api=1&query=Yohana%20Residences&query_place_id=ChIJ_f04PcgRLxgRVN51ZffsRcY | https://www.google.com/maps/search/Hotel/@-1.29814652,36.7892868,17.00233279527329z?hl=en | https://lh3.googleusercontent.com/gps-cs-s/AHRPTWn9tp_602F9ht2JRJPeJtjEu07V7vLQx4Dl69-gwhT2PeF6hIRtu3w_YPcuegicAdShhQQ8JQJJgccCLt8jfPKsf8InXZvsdLBpDzrHnWtvDQ9X3qrTVNNxVDaNi5DLgCWTIvermw=w408-h408-k-no",https://www.google.com/maps/search/?api=1&query=Yohana%20Residences&query_place_id=ChIJ_f04PcgRLxgRVN51ZffsRcY,ChIJ_f04PcgRLxgRVN51ZffsRcY,False
Zirani Homes_ Alba Gardens,Serviced accommodation,"Kasuku Rd, Nairobi, Kenya",+254 720 832813,,,,,"https://www.google.com/travel/lodging/clk?pc=AA80OsyObxonYGibqULnPG5TOZIHg04xZvMRKHLgaylqmpEor-cQ8maMVVMuKPafTADTT2165SvmbqH4iV4NYq2SDKiLKxXlT7X8NDZh50IirTREE6m33aN_BmydCmidRnQ3Ch_jIuUx0E42dj3uFYDVn1zb9KxuHfeqoqIw3uG_-0lq_ACafsrP&pcurl=https://accommodation.edreams.net/Hotel-Search?selected%3D108218999%26startDate%3D2026-09-19%26endDate%3D2026-09-20%26adults%3D2%26children%3D%26mpf%3D58.60%26cur%3DUSD%26mpj%3D9.61%26MDPCID%3DeDreams-US.DPS.Edreams.MetaSearch-GHA.HOTEL%26mpl%3DUSD%26numberOfRooms%3D1%26locale%3Den_US%26rffrid%3Dh4p.hcom.US.ghaodigeo.000.000.kwrd%3D%26pos%3DEDREAMS_US%26rateplanid%3D411330211%26mctc%3D10%26utm_medium%3Dmetasearch%26utm_campaign%3D3464007968%26utm_term%3Dhotel%26utm_source%3DFREEBOOKING&s=AD1XQnkIhByxxyvxQhFq1zi5z18Z | https://accommodation.edreams.net/Hotel-Search?selected=108218999&startDate=2026-09-19&endDate=2026-09-20&adults=2&children=&mpf=58.60&cur=USD&mpj=9.61&MDPCID=eDreams-US.DPS.Edreams.MetaSearch-GHA.HOTEL&mpl=USD&numberOfRooms=1&locale=en_US&rffrid=h4p.hcom.US.ghaodigeo.000.000.kwrd=&pos=EDREAMS_US&rateplanid=411330211&mctc=10&utm_medium=metasearch&utm_campaign=3464007968&utm_term=hotel&utm_source=FREEBOOKING | https://www.google.com/travel/lodging/clk?pc=AA80OswuPjfHdldT-5AM0dKquiW_yzLvsVXXFBqi2GOV5tuNIyOk61i1ZGtOdyOThexGvVl_xyOhmP9N4PfRlWGgLAXqVDbq-0IppmHKIVLyro78kxWv7ypOym-XHRWApDipdQQE1dF4g5Yj7AW1O34icgj_4Bzj2lRFy0cReGOfXCb8rsTsuoqVc2B2&pcurl=https://deals.vio.com/?sig%3D73aca13c7f952d2641c156f3e69125e1eb497c325f122828ee5aa8797168b9a12d32303331333438363233%26turl%3Dhttps%253A%252F%252Fwww.vio.com%252FHotel%252FSearch%253FcheckIn%253D2026-09-19%2526checkOut%253D2026-09-20%2526currency%253DUSD%2526forceCurrencyChange%253D1%2526lang%253Den%2526forceLanguageChange%253D1%2526rooms%253D2%253A%2526utm_source%253Dgha%2526utm_medium%253Dcpc%2526hotelId%253D122704150%2526userCountry%253DUS%2526profile%253Dr2d2m73kn8%2526preferredRate%253D90.00%2526deviceType%253Ddesktop%2526label%253Dsrc%25253Dgha%252526cltype%25253Dhotel%252526datype%25253Ddefault%252526gsite%25253Dmapresults%252526vf%25253D0%252526ucountry%25253DUS%252526udevice%25253Ddesktop%252526hotel%25253D122704150%252526day%25253D19%252526month%25253D09%252526year%25253D2026%252526los%25253D1%252526price%25253D90.00%252526currency%25253DUSD%252526cid%25253D%252526listid%25253D%252526rateid%25253DUS_D%252526closerateid%25253D%252526promo%25253D0%252526isPrivateRate%25253D0%252526isAudienceUser%25253D0%252526isPaidClick%25253D0%252526%2526cp%253DCYSBZNXktJI_IuOzChQIyzsY3QoiA1VTRCjE_bHVBlIBMhIaFePWd6YaC3pXckczSktlbnMwKAIwwfad1QY&s=AD1XQnnJPz5vd3WcQs1iVRVj1wVN | https://deals.vio.com/?sig=73aca13c7f952d2641c156f3e69125e1eb497c325f122828ee5aa8797168b9a12d32303331333438363233&turl=https://www.vio.com/Hotel/Search?checkIn=2026-09-19&checkOut=2026-09-20&currency=USD&forceCurrencyChange=1&lang=en&forceLanguageChange=1&rooms=2:&utm_source=gha&utm_medium=cpc&hotelId=122704150&userCountry=US&profile=r2d2m73kn8&preferredRate=90.00&deviceType=desktop&label=src%3Dgha%26cltype%3Dhotel%26datype%3Ddefault%26gsite%3Dmapresults%26vf%3D0%26ucountry%3DUS%26udevice%3Ddesktop%26hotel%3D122704150%26day%3D19%26month%3D09%26year%3D2026%26los%3D1%26price%3D90.00%26currency%3DUSD%26cid%3D%26listid%3D%26rateid%3DUS_D%26closerateid%3D%26promo%3D0%26isPrivateRate%3D0%26isAudienceUser%3D0%26isPaidClick%3D0%26&cp=CYSBZNXktJI_IuOzChQIyzsY3QoiA1VTRCjE_bHVBlIBMhIaFePWd6YaC3pXckczSktlbnMwKAIwwfad1QY | https://www.google.com/travel/lodging/clk?pc=AA80OszxYsoZQotIjmNdARcRD-CR9taDR3d-Ciml_nXEfax07T7d6H_hF8PY5DOGZZtY8w5vYygEe9ftRey11H4z_P7ecSP8vy527qHX3j2lYCMeh2sFQCKPwL3_DiY0JILdbj54PV2s0AghmA3bDJ26PIEoCiHfqYhzNXsPMryybBzfZhvIqF0&pcurl=https://deals.etrip.net/?sig%3De9cc68956712e1e5d60f579a67e54afadd83f5d631dc9782cc50d47864de2f2c2d32303330363031313335%26turl%3Dhttps%253A%252F%252Fsearch.etrip.net%252FHotel%252FSearch%253FcheckIn%253D2026-09-19%2526checkOut%253D2026-09-20%2526currency%253DUSD%2526forceCurrencyChange%253D1%2526lang%253Den%2526forceLanguageChange%253D1%2526rooms%253D2%253A%2526utm_source%253Dgha%2526utm_medium%253Dcpc%2526hotelId%253D122704150%2526userCountry%253DUS%2526profile%253Dr2d2m73kn8%2526preferredRate%253D90.00%2526label%253Dsrc%25253Dgha%252526cltype%25253Dhotel%252526datype%25253Ddefault%252526gsite%25253Dmapresults%252526vf%25253D0%252526ucountry%25253DUS%252526udevice%25253Ddesktop%252526hotel%25253D122704150%252526day%25253D19%252526month%25253D09%252526year%25253D2026%252526los%25253D1%252526price%25253D90.00%252526currency%25253DUSD%252526cid%25253D%252526listid%25253D%252526rateid%25253DUS_D%252526closerateid%25253D%252526promo%25253D0%252526isPrivateRate%25253D0%252526isAudienceUser%25253D0%252526isPaidClick%25253D0%252526%2526cp%253DCYSBZNXktJI_IuOzChQIyzsY3QoiA1VTRCjE_bHVBlIBMhIaFePWd6YaC3pXckczSktlbnMwKAIwwfad1QY&s=AD1XQnmSgA-HDa_9p74KpfWJ8Ib7 | https://deals.etrip.net/?sig=e9cc68956712e1e5d60f579a67e54afadd83f5d631dc9782cc50d47864de2f2c2d32303330363031313335&turl=https://search.etrip.net/Hotel/Search?checkIn=2026-09-19&checkOut=2026-09-20&currency=USD&forceCurrencyChange=1&lang=en&forceLanguageChange=1&rooms=2:&utm_source=gha&utm_medium=cpc&hotelId=122704150&userCountry=US&profile=r2d2m73kn8&preferredRate=90.00&label=src%3Dgha%26cltype%3Dhotel%26datype%3Ddefault%26gsite%3Dmapresults%26vf%3D0%26ucountry%3DUS%26udevice%3Ddesktop%26hotel%3D122704150%26day%3D19%26month%3D09%26year%3D2026%26los%3D1%26price%3D90.00%26currency%3DUSD%26cid%3D%26listid%3D%26rateid%3DUS_D%26closerateid%3D%26promo%3D0%26isPrivateRate%3D0%26isAudienceUser%3D0%26isPaidClick%3D0%26&cp=CYSBZNXktJI_IuOzChQIyzsY3QoiA1VTRCjE_bHVBlIBMhIaFePWd6YaC3pXckczSktlbnMwKAIwwfad1QY | https://www.google.com/travel/lodging/clk?pc=AA80OszGgr8D389sgi9mtM1-YcEVCxzzeb8RgqYTx4ZaCcd0lD8cmqoaCB7WdsdlQqrtbxsWSPi0AUEuq5sGqq9D5LzU-n-3fu6Cl2GQ3pBjg9EAk0V5eGjSUcfdgDjVkP1SKpleWeTF6AkB5RO_5563F04ZUOX2rcARjTXMjZZxs0BiWrlCOWj3gaDn3aX8T9lyPg&pcurl=https://deals.goseek.com/?sig%3D34c47a49c3e8320dca5a5dda0da2a460c1bc23afde972e2894a4ff0b6052fb53383131303836353931%26turl%3Dhttps%253A%252F%252Fwww.goseek.com%252FHotel%252FSearch%253FcheckIn%253D2026-09-19%2526checkOut%253D2026-09-20%2526currency%253DUSD%2526forceCurrencyChange%253D1%2526lang%253Den%2526forceLanguageChange%253D1%2526rooms%253D2%253A%2526utm_source%253Dgha%2526utm_medium%253Dcpc%2526hotelId%253D122704150%2526userCountry%253DUS%2526profile%253Dr2d2m73kn8%2526preferredRate%253D90.00%2526deviceType%253Ddesktop%2526label%253Dsrc%25253Dgha%252526cltype%25253Dhotel%252526datype%25253Ddefault%252526gsite%25253Dmapresults%252526vf%25253D0%252526ucountry%25253DUS%252526udevice%25253Ddesktop%252526hotel%25253D122704150%252526day%25253D19%252526month%25253D09%252526year%25253D2026%252526los%25253D1%252526price%25253D90.00%252526currency%25253DUSD%252526cid%25253D%252526listid%25253D%252526rateid%25253DUS_D%252526closerateid%25253D%252526promo%25253D0%252526isPrivateRate%25253D0%252526isAudienceUser%25253D0%252526isPaidClick%25253D0%252526%2526cp%253DihbYJRm4cAY_IuOzChQIyzsY3QoiA1VTRCjE_bHVBlIBMhIaFePWd6YaC00zUWdweUNqcDI4KAIwsNCd1QY&s=AD1XQnkMylI_YqYhJBrN5qKoIcjA | https://deals.goseek.com/?sig=34c47a49c3e8320dca5a5dda0da2a460c1bc23afde972e2894a4ff0b6052fb53383131303836353931&turl=https://www.goseek.com/Hotel/Search?checkIn=2026-09-19&checkOut=2026-09-20&currency=USD&forceCurrencyChange=1&lang=en&forceLanguageChange=1&rooms=2:&utm_source=gha&utm_medium=cpc&hotelId=122704150&userCountry=US&profile=r2d2m73kn8&preferredRate=90.00&deviceType=desktop&label=src%3Dgha%26cltype%3Dhotel%26datype%3Ddefault%26gsite%3Dmapresults%26vf%3D0%26ucountry%3DUS%26udevice%3Ddesktop%26hotel%3D122704150%26day%3D19%26month%3D09%26year%3D2026%26los%3D1%26price%3D90.00%26currency%3DUSD%26cid%3D%26listid%3D%26rateid%3DUS_D%26closerateid%3D%26promo%3D0%26isPrivateRate%3D0%26isAudienceUser%3D0%26isPaidClick%3D0%26&cp=ihbYJRm4cAY_IuOzChQIyzsY3QoiA1VTRCjE_bHVBlIBMhIaFePWd6YaC00zUWdweUNqcDI4KAIwsNCd1QY | https://www.google.com/maps/search/?api=1&query=Zirani%20Homes_%20Alba%20Gardens&query_place_id=ChIJnQavuNoRLxgRH63dCRLNBeE | https://www.google.com/maps/search/Hotel/@-1.2887638333333333,36.79452023333334,17.00233812962513z?hl=en | https://lh3.googleusercontent.com/gps-cs-s/AHRPTWk7XIaIFTm8s2L_4wjPIyWcs-Wwxh7sxpfYPMmUlseFwYf5Icz3bzIkyfGLq7RyImL66bhCHP8B5zwzPr8IveeW2WyKzJHKYi-16Stion9TPbLin-y7AU6FDqyiDjyQDLLGdvioXPgstl2D=w408-h271-k-no",https://www.google.com/maps/search/?api=1&query=Zirani%20Homes_%20Alba%20Gardens&query_place_id=ChIJnQavuNoRLxgRH63dCRLNBeE,ChIJnQavuNoRLxgRH63dCRLNBeE,False
Next Periperi shawarma & fries,Shawarma restaurant,"11 Othaya Rd, Nairobi, Kenya",+254 723 286751,,,,,"https://www.google.com/maps/search/?api=1&query=Next%20Periperi%20shawarma%20%26%20fries&query_place_id=ChIJNVFL1qgbLxgR-01mSnAhsUw | https://www.google.com/maps/search/restaurant/@-1.2895935545454547,36.773318836363636,17.002337659462743z?hl=en | https://lh3.googleusercontent.com/gps-cs-s/AHRPTWmsOglE0trStYVI9pDgxLrCHDukqcu3zB7_tmqBbX6I_dNs_bLH0xObYabh6KIZPUlUf9XiuBOq7IP7xumVxsFto2r5zyy3QTL33ShD_9cVw--LRrxi7tOu7XUq_We-ZBoiHw0_YA=w426-h240-k-no",https://www.google.com/maps/search/?api=1&query=Next%20Periperi%20shawarma%20%26%20fries&query_place_id=ChIJNVFL1qgbLxgR-01mSnAhsUw,ChIJNVFL1qgbLxgR-01mSnAhsUw,False
Chuan Wang Fu,Sichuan restaurant,"PQ6J+5XQ, Galana Rd, Nairobi, Kenya",+254 736 618888,,,,,"https://www.google.com/maps/search/?api=1&query=Chuan%20Wang%20Fu&query_place_id=ChIJK7NDl6cQLxgRqV-Q0Bi2z8Y | https://www.google.com/maps/search/restaurant/@-1.293340725,36.778052200000005,17.00233553235424z?hl=en | https://lh3.googleusercontent.com/gps-cs-s/AHRPTWmKF6cQCS6fwMAzUxhfCpfS1IOqvUX1XJFph_FpDCXxg-wTdFAn5iCkHZ22g9vDR2mcf6K2RB3hT2oEdeTFWTKEm7o8QBJn-cz-eNJiSCStUxeni2lDWBMYEoUY3NHplUFQPX-IiQ=w426-h240-k-no",https://www.google.com/maps/search/?api=1&query=Chuan%20Wang%20Fu&query_place_id=ChIJK7NDl6cQLxgRqV-Q0Bi2z8Y,ChIJK7NDl6cQLxgRqV-Q0Bi2z8Y,False
Royal Delights,Snack bar,"MQGH+MJ5, Sasumua Cres, Nairobi, Kenya",,,,,,"https://www.google.com/maps/search/?api=1&query=Royal%20Delights&query_place_id=ChIJLcEqh54aLxgRYHW6H3IUg_Q | https://www.google.com/maps/search/restaurant/@-1.3307757371669178,36.78227498330685,16z?hl=en | https://streetviewpixels-pa.googleapis.com/v1/thumbnail?panoid=d_vSdg-bQQt0GDFKTtjlUA&cb_client=search.gws-prod.gps&w=408&h=240&yaw=20.859867&pitch=0&thumbfov=100",https://www.google.com/maps/search/?api=1&query=Royal%20Delights&query_place_id=ChIJLcEqh54aLxgRYHW6H3IUg_Q,ChIJLcEqh54aLxgRYHW6H3IUg_Q,False
Snack Bar,Snack bar,"MQFH+H5X, Police Dog Unit Rd, Nairobi, Kenya",,,,,,"https://www.google.com/maps/search/?api=1&query=Snack%20Bar&query_place_id=ChIJMVoVFZ8aLxgRMehbnhA8Y9s | https://www.google.com/maps/search/restaurant/@-1.3307757371669178,36.78227498330685,16z?hl=en | https://streetviewpixels-pa.googleapis.com/v1/thumbnail?panoid=xfak8Q20c1Fro06UJdBFbA&cb_client=search.gws-prod.gps&w=408&h=240&yaw=245.84462&pitch=0&thumbfov=100",https://www.google.com/maps/search/?api=1&query=Snack%20Bar&query_place_id=ChIJMVoVFZ8aLxgRMehbnhA8Y9s,ChIJMVoVFZ8aLxgRMehbnhA8Y9s,False
Pakistani hotel,Soup kitchen,"MQXJ+H7X, Adams Arcade, Ngong Rd, Nairobi, Kenya",,,,,,"https://www.google.com/maps/search/?api=1&query=Pakistani%20hotel&query_place_id=ChIJ0Z_ZmEMbLxgRVmGn4Ottrz0 | https://www.google.com/maps/search/Hotel/@-1.3030432,36.78036566666667,17.002329995984955z?hl=en",https://www.google.com/maps/search/?api=1&query=Pakistani%20hotel&query_place_id=ChIJ0Z_ZmEMbLxgRVmGn4Ottrz0,ChIJ0Z_ZmEMbLxgRVmGn4Ottrz0,False
Sarayu Wellness Institute,Spa and health club,"Hillcrest Rd, Nairobi, Kenya",+254 112 868724,,,,,"https://www.google.com/travel/lodging/clk?pc=AA80OswLNrMrN-gpjhkOU0HM2H_OBcq8ZTmEuAfivmn1lcWsxu-w3Bc5V3TcpDD0OM6W2FuZNPNjQSdDRXb6MwXB3K8fkSnir0HLBcACEmhHPViIieNk1L6lu_UZW3E4BE34TebwVrxhTgjw467PD5rbZ7DFFD_IifRmMgo5MBuAnaNr-S6z2ahBIp-D5ublGB3JrRbj1w&pcurl=https://www.booking.com/searchresults.en.html?dest_id%3D14624764%26highlighted_hotels%3D14624764%26dest_type%3Dhotel%26checkin%3D2026-09-19%26checkout%3D2026-09-20%26group_adults%3D2%26req_adults%3D2%26show_room%3D1462476401_417553941_2_1_0%26lang%3Den%26selected_currency%3DUSD%26exrt%3D1.00000000%26ext_price_total%3D135.00%26ext_price_tax%3D20.59%26xfc%3DUSD%26hca%3Dm%26group_children%3D0%26req_children%3D0%26%26no_rooms%3D1%26ts%3D1789161291%26edgtid%3DYypTYX-TSLuIOyqmVWM1mQ%26efpc%3DE1sAoTWwCi8%26utm_source%3Dmetagha%26utm_medium%3Dmapresults%26utm_campaign%3DUS%26utm_term%3Dhotel-14624764%26utm_content%3Ddev-desktop_los-1_bw-5_dow-Saturday_defdate-1_room-0_gstadt-2_rateid-public_aud-0_gacid-_mcid-10_ppa-0_clrid-0_ad-0_gstkid-0_checkin-20260919_ppt-%26aid%3D2127489%26label%3Dmetagha-link-MRUS-hotel-14624764_dev-desktop_los-1_bw-5_dow-Saturday_defdate-1_room-0_gstadt-2_rateid-public_aud-0_gacid-_mcid-10_ppa-0_clrid-0_ad-0_gstkid-0_checkin-20260919_ppt-&s=AD1XQnkgizXddMHKn6DPpC9DC1Pm | https://www.booking.com/searchresults.en.html?dest_id=14624764&highlighted_hotels=14624764&dest_type=hotel&checkin=2026-09-19&checkout=2026-09-20&group_adults=2&req_adults=2&show_room=1462476401_417553941_2_1_0&lang=en&selected_currency=USD&exrt=1.00000000&ext_price_total=135.00&ext_price_tax=20.59&xfc=USD&hca=m&group_children=0&req_children=0&&no_rooms=1&ts=1789161291&edgtid=YypTYX-TSLuIOyqmVWM1mQ&efpc=E1sAoTWwCi8&utm_source=metagha&utm_medium=mapresults&utm_campaign=US&utm_term=hotel-14624764&utm_content=dev-desktop_los-1_bw-5_dow-Saturday_defdate-1_room-0_gstadt-2_rateid-public_aud-0_gacid-_mcid-10_ppa-0_clrid-0_ad-0_gstkid-0_checkin-20260919_ppt-&aid=2127489&label=metagha-link-MRUS-hotel-14624764_dev-desktop_los-1_bw-5_dow-Saturday_defdate-1_room-0_gstadt-2_rateid-public_aud-0_gacid-_mcid-10_ppa-0_clrid-0_ad-0_gstkid-0_checkin-20260919_ppt- | https://www.google.com/travel/lodging/clk?pc=AA80OsyRwTW0Yx95cCPvrnpxwMaAnN8EWSUZksRjkx3WFUggCNgB1B8Amw3eXfZfDmMV7Zu7z3yt6iTpfgs3WGpotX2dzJu7WEW0ESIgUEGbkxsqM4R7MBiM_Ilxw7EGCoG1dDlaEbEh9XcyzBPrS_VhEM_lpLNa0duhx7W5jcD5Q36zySnXQepMa-Czhg&pcurl=https://www.bluepillow.com/search/69f965bda8387c9ba638a972?begin%3D2026-09-19%26end%3D2026-09-20%26block_id%3D-b,F49lPOzuDoiHvqxlNsvwaMAx5CxUd2a7rNoZyXdTjXNVJHBlq58AWitU4DAu_zYaFM-QPrxZaz4qpEwSzy7Jzg,-bkng-Hotel%26fees%3D2.29%26tax%3D20.60%26total%3D135.01%26adults%3D2%26childs%3D0%26infants%3D0%26childrens%3D0%26country%3DUS%26currency%3DUSD%26language%3Den%26source%3Dmapresults%26utm_campaign%3Dhotel%26prid%3D&s=AD1XQnmsdBsq3LWwsMvrd5r06K4H | https://www.bluepillow.com/search/69f965bda8387c9ba638a972?begin=2026-09-19&end=2026-09-20&block_id=-b,F49lPOzuDoiHvqxlNsvwaMAx5CxUd2a7rNoZyXdTjXNVJHBlq58AWitU4DAu_zYaFM-QPrxZaz4qpEwSzy7Jzg,-bkng-Hotel&fees=2.29&tax=20.60&total=135.01&adults=2&childs=0&infants=0&childrens=0&country=US&currency=USD&language=en&source=mapresults&utm_campaign=hotel&prid= | https://www.google.com/maps/search/?api=1&query=Sarayu%20Wellness%20Institute&query_place_id=ChIJ_RS8iDobLxgRK5xb_cv5R8o | https://www.google.com/maps/search/Hotel/@-1.3307757371669178,36.74790305007943,16z?hl=en | https://lh3.googleusercontent.com/gps-cs-s/AHRPTWm_LW6xOCXhMxqnXLcRtHJzlYpxG3Ulk6VBuMj3b26q01_tfXWBhH7fktrm3970hsRjTsOPwqnz19lXEvN1DtrErLAZpCxbty51knEXVC2LoleKGLwdo6Zl2q_UxTwGwMzz5cOc6OxKVpM5=w408-h547-k-no",https://www.google.com/maps/search/?api=1&query=Sarayu%20Wellness%20Institute&query_place_id=ChIJ_RS8iDobLxgRK5xb_cv5R8o,ChIJ_RS8iDobLxgRK5xb_cv5R8o,False
La Tasca Spanish Corner,Spanish restaurant,"Kilimani James Gichuru Lavington Mall, North, Kenya",+254 740 397969,,,,,"https://www.google.com/maps/search/?api=1&query=La%20Tasca%20Spanish%20Corner&query_place_id=ChIJL3BSPMkZLxgR-v3a2O80Pto | https://www.google.com/maps/search/restaurant/@-1.2792325141654115,36.78227498330685,16z?hl=en | https://lh3.googleusercontent.com/gps-cs-s/AHRPTWmmCbMrpnDVPfYD4imQXCOS6dbBFCaql_TMfjhGdk1K-05dnP6UoxLFXHyNoFLcT-LbSETqrgBhSAv3gUK0eLIjoiHZr2lBC-h9UTIG9JoZUlmhuWwdzqbzkFsh4dje3H30JPRv=w408-h544-k-no",https://www.google.com/maps/search/?api=1&query=La%20Tasca%20Spanish%20Corner&query_place_id=ChIJL3BSPMkZLxgR-v3a2O80Pto,ChIJL3BSPMkZLxgR-v3a2O80Pto,False
Kwa Sammy Wholesale Sweets,Sweets and dessert buffet,"Nairobi, Kenya",+254 713 478689,,,,,"https://www.google.com/maps/search/?api=1&query=Kwa%20Sammy%20Wholesale%20Sweets&query_place_id=ChIJQ-TgmCIbLxgR_umCfca7U28 | https://www.google.com/maps/search/restaurant/@-1.3135946628330823,36.76508901669314,16z?hl=en | https://streetviewpixels-pa.googleapis.com/v1/thumbnail?panoid=lt2q-xh_83P1v6vp1gXi6w&cb_client=search.gws-prod.gps&w=408&h=240&yaw=252.06108&pitch=0&thumbfov=100",https://www.google.com/maps/search/?api=1&query=Kwa%20Sammy%20Wholesale%20Sweets&query_place_id=ChIJQ-TgmCIbLxgR_umCfca7U28,ChIJQ-TgmCIbLxgR_umCfca7U28,False
PAVES BAR AND RESTAURANT,Sweets and dessert buffet,"1 Menengai Rd, Nairobi, Kenya",+254 769 715858,,,,,"https://www.google.com/maps/search/?api=1&query=PAVES%20BAR%20AND%20RESTAURANT&query_place_id=ChIJ84cvYDARLxgRM6b4iXTkBs0 | https://www.google.com/maps/search/restaurant/@-1.296413588499247,36.79946094992056,16z?hl=en | https://lh3.googleusercontent.com/gps-cs-s/AHRPTWlQkd4S8nP2WWQZPwuo2m2jdLzAPs-AIsB5uSwde8I1X0XgInlc2SAq4I8b2PS7QFYUiZmav7LftJQn6CdvpWF6BbGjY7Sxn65VdDUx2y16g2eAmW6A_gebHYZut-6_FRs0dbyh=w408-h544-k-no",https://www.google.com/maps/search/?api=1&query=PAVES%20BAR%20AND%20RESTAURANT&query_place_id=ChIJ84cvYDARLxgRM6b4iXTkBs0,ChIJ84cvYDARLxgRM6b4iXTkBs0,False
Chowpaty Kileleshwa,Vegetarian restaurant,"Olengruone Avenue, Kenya",+254 701 123123,,,,,"https://www.google.com/maps/search/?api=1&query=Chowpaty%20Kileleshwa&query_place_id=ChIJ7wMnxXMRLxgRXhfEzn-mLkw | https://www.google.com/maps/search/restaurant/@-1.2792325141654115,36.78227498330685,16z?hl=en | https://lh3.googleusercontent.com/gps-cs-s/AHRPTWkqjhP6pdqIoYumyfSYn4EK_8foPBzYUgB6Q-Dp9G4rLRWX-yofRX5US10NbeKh-W_HzSskt4phHtY2IqatzekvvuxdfF5N6FHgipT2WUzSfMnhdCEyX21SM-tg-z5Ch_VgX_QG=w426-h240-k-no",https://www.google.com/maps/search/?api=1&query=Chowpaty%20Kileleshwa&query_place_id=ChIJ7wMnxXMRLxgRXhfEzn-mLkw,ChIJ7wMnxXMRLxgRXhfEzn-mLkw,False
Food Hut Restaurant,Vegetarian restaurant,"Langata Link Rd, Nairobi, Kenya",+254 712 341459,,,,,"https://www.google.com/maps/search/?api=1&query=Food%20Hut%20Restaurant&query_place_id=ChIJb8HaiEERLxgRLKrGiq5MgH0 | https://www.google.com/maps/search/restaurant/@-1.3307757371669178,36.81664691653427,16z?hl=en | https://lh3.googleusercontent.com/gps-cs-s/AHRPTWnISU8imJJwSuNjuPNgk0hXKGT0B5prRd-tvhIC0AkAfvbE-1ut9Y76fIljwjEd8mxxv5tSJfuZpMpQFYq4GnOTrZbE-SgiSL9CEA8H8Sq-z_wy5thw_cci8vyBn1uYojY639ID=w408-h272-k-no",https://www.google.com/maps/search/?api=1&query=Food%20Hut%20Restaurant&query_place_id=ChIJb8HaiEERLxgRLKrGiq5MgH0,ChIJb8HaiEERLxgRLKrGiq5MgH0,False
Precure Nutrition Clinic,Wellness hotel,"Ngong Rd, Nairobi, Kenya",+254 721 790487,,,,,"https://www.google.com/maps/search/?api=1&query=Precure%20Nutrition%20Clinic&query_place_id=ChIJPXFZXHgRLxgRWFEqQoNURHY | https://www.google.com/maps/search/Hotel/@-1.3011517,36.7847816,17.00233107854971z?hl=en | https://lh3.googleusercontent.com/gps-cs-s/AHRPTWlkRAmFwWHvjaDi-R-glufBq88v__y8pHhf43Xvhr6dS3lnIiXFL5_QriGmvqpdTTEizp0GYndBXDUv_5x6trH5iKOhucCiDtuk7D_Cc0HVgzKKrO9h51VgSK1cGAWTFUqJ599r6A=w408-h611-k-no",https://www.google.com/maps/search/?api=1&query=Precure%20Nutrition%20Clinic&query_place_id=ChIJPXFZXHgRLxgRWFEqQoNURHY,ChIJPXFZXHgRLxgRWFEqQoNURHY,False
Choplifekitchen,Western restaurant,"MPXX+PJX, Mama Wahu Rd, Nairobi, Kenya",,,,,,"https://www.google.com/maps/search/?api=1&query=Choplifekitchen&query_place_id=ChIJ5eQgv7IbLxgRmWQjwifruzY | https://www.google.com/maps/search/restaurant/@-1.30206825,36.7531745,17.002330554175863z?hl=en | https://streetviewpixels-pa.googleapis.com/v1/thumbnail?panoid=v4n2yc-OZsF_NA8CXKVXTA&cb_client=search.gws-prod.gps&w=408&h=240&yaw=340.54147&pitch=0&thumbfov=100",https://www.google.com/maps/search/?api=1&query=Choplifekitchen&query_place_id=ChIJ5eQgv7IbLxgRmWQjwifruzY,ChIJ5eQgv7IbLxgRmWQjwifruzY,False
OM Eldunya Restaurant,Western restaurant,"MRR6+5PM, Ole-Sangale Link Rd, Nairobi, Kenya",,,,,,"https://www.google.com/maps/search/?api=1&query=OM%20Eldunya%20Restaurant&query_place_id=ChIJMTZh7sYRLxgRuP_aZVT5dh0 | https://www.google.com/maps/search/restaurant/@-1.3135946628330823,36.81664691653427,16z?hl=en | https://streetviewpixels-pa.googleapis.com/v1/thumbnail?panoid=0ccaXPcrif6l3w3M1wNKxw&cb_client=search.gws-prod.gps&w=408&h=240&yaw=251.30699&pitch=0&thumbfov=100",https://www.google.com/maps/search/?api=1&query=OM%20Eldunya%20Restaurant&query_place_id=ChIJMTZh7sYRLxgRuP_aZVT5dh0,ChIJMTZh7sYRLxgRuP_aZVT5dh0,False
WEST AFRICAN FOOD,Wok restaurant,"Junction mall,directly opposite Rubis petrol stations, Nairobi, Kenya",+254 758 409719,,,,,"https://www.google.com/maps/search/?api=1&query=WEST%20AFRICAN%20FOOD&query_place_id=ChIJG66O00EaLxgRQX-JlHk-CKs | https://www.google.com/maps/search/restaurant/@-1.30206825,36.7531745,17.002330554175863z?hl=en | https://lh3.googleusercontent.com/gps-cs-s/AHRPTWkoAlU4xQWPLVuQvhshBOU8u9BUyAGvpZRIcUXgtYLtObPrKbQ_dByVyQCD0pbl-PEXAQ76jeX0RNXyasmJAhXQ0NI6peDHaxsmDMLDzVw_wZzUtw2C4pT59xywiwpK5hScyI8JHacz8Jve=w408-h306-k-no",https://www.google.com/maps/search/?api=1&query=WEST%20AFRICAN%20FOOD&query_place_id=ChIJG66O00EaLxgRQX-JlHk-CKs,ChIJG66O00EaLxgRQX-JlHk-CKs,False
ZKY Restaurant,Wok restaurant,"huduma center, kibera along, Kenya",+254 700 586836,,,,,"https://www.google.com/maps/search/?api=1&query=ZKY%20Restaurant&query_place_id=ChIJS1eJV_wRLxgRwmD_iIMURvI | https://www.google.com/maps/search/restaurant/@-1.3135946628330823,36.79946094992056,16z?hl=en | https://lh3.googleusercontent.com/gps-cs-s/AHRPTWkR5wtgYJrVZ5gEWH_JGSF7NvWr9p2Mj_NdD6PVoc0TGXmvRWBdiiGSZK4kK5zuLxne4xm_JowxM_ECxaHiXUZKvtlPzyP73XcM4Ry6TNPXphHs7rcgqlH0WZekGWu6ZhoYsRIaxEk44Ik=w408-h271-k-no",https://www.google.com/maps/search/?api=1&query=ZKY%20Restaurant&query_place_id=ChIJS1eJV_wRLxgRwmD_iIMURvI,ChIJS1eJV_wRLxgRwmD_iIMURvI,False
